사고번호,사고일시,요일,시군구,사고내용,사망자수,중상자수,경상자수,부상신고자수,사고유형,법규위반,노면상태,기상상태,도로형태,가해운전자 차종,가해운전자 성별,가해운전자 연령,가해운전자 상해정도,피해운전자 차종,피해운전자 성별,피해운전자 연령,피해운전자 상해정도
2022011200100180,2022년 1월 12일 11시,수요일,인천광역시 서구 석남동,경상사고,0,0,1,0,차대차 - 기타,중앙선침범,건조,맑음,단일로 - 기타,화물,남,70세,상해없음,화물,남,48세,경상
2022011200100220,2022년 1월 12일 12시,수요일,인천광역시 부평구 청천동,경상사고,0,0,2,0,차대차 - 측면충돌,중앙선침범,건조,맑음,단일로 - 기타,승용,여,47세,상해없음,승용,남,68세,상해없음
2022011200100253,2022년 1월 12일 13시,수요일,인천광역시 부평구 청천동,중상사고,0,2,3,0,차대차 - 추돌,안전운전불이행,건조,맑음,교차로 - 교차로부근,승합,남,63세,상해없음,이륜,남,42세,중상
2022011200100355,2022년 1월 12일 16시,수요일,인천광역시 미추홀구 도화동,중상사고,0,1,0,0,차대사람 - 횡단중,보행자보호의무위반,건조,맑음,교차로 - 교차로안,승합,남,69세,상해없음,보행자,남,8세,중상
2022011200100443,2022년 1월 12일 18시,수요일,인천광역시 미추홀구 주안동,중상사고,0,1,0,0,차대차 - 기타,안전거리미확보,젖음/습기,흐림,단일로 - 지하차도(도로)내,승용,남,57세,상해없음,이륜,남,37세,중상
2022011200100477,2022년 1월 12일 19시,수요일,인천광역시 남동구 구월동,경상사고,0,0,1,0,차대사람 - 횡단중,안전운전불이행,건조,맑음,단일로 - 기타,기타불명,기타불명,미분류,기타불명,보행자,남,23세,경상
2022011200100478,2022년 1월 12일 19시,수요일,인천광역시 서구 가좌동,경상사고,0,0,1,0,차대차 - 추돌,안전운전불이행,건조,맑음,단일로 - 기타,승용,여,58세,상해없음,승용,남,29세,경상
2022011200100479,2022년 1월 12일 19시,수요일,인천광역시 남동구 논현동,경상사고,0,0,1,0,차대차 - 측면충돌,신호위반,건조,맑음,교차로 - 교차로부근,승용,여,62세,상해없음,이륜,남,29세,경상
2022011200100508,2022년 1월 12일 20시,수요일,인천광역시 남동구 간석동,경상사고,0,0,2,0,차대차 - 추돌,안전운전불이행,건조,맑음,교차로 - 교차로부근,화물,남,41세,상해없음,승용,남,50세,경상
2022011200100509,2022년 1월 12일 20시,수요일,인천광역시 연수구 송도동,경상사고,0,0,2,0,차대차 - 측면충돌,기타,건조,맑음,교차로 - 교차로부근,승합,남,52세,상해없음,승용,남,30세,경상
2022011200100553,2022년 1월 12일 21시,수요일,인천광역시 미추홀구 숭의동,경상사고,0,0,1,0,차대차 - 정면충돌,안전운전불이행,건조,맑음,교차로 - 교차로안,승용,남,30세,상해없음,이륜,남,35세,경상
2022011200100554,2022년 1월 12일 21시,수요일,인천광역시 부평구 부평동,경상사고,0,0,1,0,차대차 - 기타,신호위반,건조,맑음,교차로 - 교차로안,승용,남,22세,상해없음,승용,남,30세,경상
2022011200100555,2022년 1월 12일 21시,수요일,인천광역시 서구 가좌동,중상사고,0,1,0,0,차대사람 - 횡단중,안전운전불이행,건조,맑음,단일로 - 기타,승용,남,43세,상해없음,보행자,여,58세,중상
2022011200100556,2022년 1월 12일 21시,수요일,인천광역시 연수구 연수동,경상사고,0,0,1,0,차대사람 - 차도통행중,안전운전불이행,건조,맑음,단일로 - 고가도로위,승용,남,25세,상해없음,보행자,남,20세,경상
2022011300100014,2022년 1월 13일 02시,목요일,인천광역시 미추홀구 숭의동,경상사고,0,0,1,0,차대차 - 측면충돌,안전거리미확보,건조,맑음,단일로 - 기타,승용,남,30세,상해없음,승용,남,31세,경상
2022011300100016,2022년 1월 13일 04시,목요일,인천광역시 남동구 만수동,경상사고,0,0,1,0,차대차 - 정면충돌,기타,건조,맑음,단일로 - 기타,승용,남,63세,기타불명,승용,여,24세,경상
2022011300100188,2022년 1월 13일 11시,목요일,인천광역시 계양구 계산동,경상사고,0,0,1,0,차대차 - 측면충돌,신호위반,건조,맑음,교차로 - 교차로안,승용,여,76세,상해없음,승용,남,68세,경상
2022011300100189,2022년 1월 13일 11시,목요일,인천광역시 강화군 삼산면,중상사고,0,1,0,0,차대차 - 측면충돌,안전운전불이행,건조,맑음,단일로 - 지하차도(도로)내,화물,남,27세,상해없음,이륜,남,79세,중상
2022011300100229,2022년 1월 13일 12시,목요일,인천광역시 부평구 산곡동,경상사고,0,0,1,0,차대차 - 기타,안전운전불이행,건조,맑음,단일로 - 기타,승용,남,71세,상해없음,자전거,남,49세,경상
2022011300100259,2022년 1월 13일 13시,목요일,인천광역시 서구 신현동,경상사고,0,0,1,0,차대사람 - 기타,안전운전불이행,건조,맑음,교차로 - 교차로안,화물,남,34세,상해없음,보행자,남,71세,경상
2022011300100260,2022년 1월 13일 13시,목요일,인천광역시 계양구 둑실동,경상사고,0,0,1,0,차대차 - 기타,안전운전불이행,건조,맑음,단일로 - 기타,화물,남,47세,상해없음,승용,남,53세,경상
2022011300100261,2022년 1월 13일 13시,목요일,인천광역시 계양구 병방동,경상사고,0,0,1,0,차대사람 - 횡단중,보행자보호의무위반,건조,맑음,단일로 - 기타,승용,남,57세,상해없음,보행자,여,78세,경상
2022011300100262,2022년 1월 13일 13시,목요일,인천광역시 계양구 용종동,경상사고,0,0,1,0,차대차 - 추돌,안전운전불이행,건조,맑음,교차로 - 교차로안,화물,남,29세,상해없음,승용,여,44세,경상
2022011300100299,2022년 1월 13일 14시,목요일,인천광역시 미추홀구 용현동,경상사고,0,0,1,0,차대차 - 후진중충돌,안전운전불이행,건조,맑음,단일로 - 기타,승용,남,26세,상해없음,원동기,남,42세,경상
2022011300100300,2022년 1월 13일 14시,목요일,인천광역시 부평구 삼산동,경상사고,0,0,1,0,차대차 - 기타,안전운전불이행,건조,맑음,기타 - 기타,승용,남,23세,기타불명,화물,남,35세,경상
2022011300100331,2022년 1월 13일 15시,목요일,인천광역시 부평구 산곡동,경상사고,0,0,2,0,차대차 - 정면충돌,신호위반,건조,맑음,교차로 - 교차로안,이륜,남,16세,상해없음,승용,남,65세,경상
2022011300100332,2022년 1월 13일 15시,목요일,인천광역시 계양구 계산동,경상사고,0,0,1,0,차대사람 - 기타,기타,건조,맑음,단일로 - 기타,승용,남,60세,상해없음,보행자,남,14세,경상
2022011300100361,2022년 1월 13일 16시,목요일,인천광역시 남동구 만수동,경상사고,0,0,1,0,차대차 - 측면충돌,중앙선침범,건조,맑음,단일로 - 기타,자전거,남,67세,경상,승용,여,44세,상해없음
2022011300100389,2022년 1월 13일 17시,목요일,인천광역시 부평구 부개동,중상사고,0,1,0,0,차대사람 - 보도통행중,신호위반,건조,맑음,단일로 - 기타,승합,남,59세,상해없음,보행자,여,64세,중상
2022011300100436,2022년 1월 13일 18시,목요일,인천광역시 부평구 부평동,경상사고,0,0,1,0,차대사람 - 횡단중,보행자보호의무위반,건조,맑음,교차로 - 교차로부근,승용,남,46세,상해없음,보행자,남,32세,경상
2022011300100471,2022년 1월 13일 19시,목요일,인천광역시 미추홀구 주안동,경상사고,0,0,2,0,차대차 - 추돌,안전운전불이행,건조,맑음,단일로 - 고가도로위,승용,남,61세,상해없음,승용,남,30세,경상
2022011300100497,2022년 1월 13일 20시,목요일,인천광역시 서구 석남동,경상사고,0,0,1,0,차대차 - 추돌,안전운전불이행,건조,맑음,단일로 - 기타,승용,남,53세,상해없음,이륜,남,36세,경상
2022011300100498,2022년 1월 13일 20시,목요일,인천광역시 계양구 계산동,중상사고,0,1,0,0,차대차 - 기타,안전운전불이행,건조,맑음,교차로 - 교차로안,이륜,남,19세,상해없음,이륜,남,57세,중상
2022011300100499,2022년 1월 13일 20시,목요일,인천광역시 연수구 연수동,경상사고,0,0,2,0,차대차 - 추돌,안전운전불이행,건조,맑음,교차로 - 교차로부근,승용,남,21세,상해없음,승용,남,71세,경상
2022011300100500,2022년 1월 13일 20시,목요일,인천광역시 남동구 고잔동,중상사고,0,1,0,0,차량단독 - 공작물충돌,안전운전불이행,건조,맑음,단일로 - 기타,승용,남,52세,중상,,,,
2022011300100530,2022년 1월 13일 21시,목요일,인천광역시 미추홀구 주안동,중상사고,0,1,1,0,차대차 - 측면충돌,교차로운행방법위반,건조,맑음,교차로 - 교차로안,승용,남,62세,상해없음,이륜,남,15세,상해없음
2022011300100531,2022년 1월 13일 21시,목요일,인천광역시 연수구 연수동,경상사고,0,0,2,0,차대차 - 추돌,안전운전불이행,건조,맑음,교차로 - 교차로부근,승용,남,34세,상해없음,승용,여,27세,경상
2022011300100554,2022년 1월 13일 22시,목요일,인천광역시 부평구 청천동,경상사고,0,0,1,0,차대차 - 추돌,안전운전불이행,건조,맑음,단일로 - 기타,승용,여,34세,상해없음,승합,남,57세,경상
2022011300100555,2022년 1월 13일 22시,목요일,인천광역시 계양구 작전동,경상사고,0,0,1,0,차대차 - 측면충돌,안전운전불이행,건조,맑음,교차로 - 교차로부근,승용,남,31세,상해없음,이륜,남,32세,경상
2022011400100009,2022년 1월 14일 00시,금요일,인천광역시 계양구 계산동,중상사고,0,1,0,0,차대차 - 측면충돌,교차로운행방법위반,건조,맑음,교차로 - 교차로안,승용,남,26세,상해없음,이륜,남,47세,중상
2022011400100026,2022년 1월 14일 04시,금요일,인천광역시 남동구 만수동,경상사고,0,0,1,0,차대차 - 정면충돌,교차로운행방법위반,건조,맑음,교차로 - 교차로안,승용,남,43세,상해없음,승용,남,54세,경상
2022011400100030,2022년 1월 14일 05시,금요일,인천광역시 미추홀구 학익동,중상사고,0,1,0,0,차대사람 - 차도통행중,안전운전불이행,건조,맑음,단일로 - 기타,승용,남,58세,상해없음,보행자,남,63세,중상
2022011400100061,2022년 1월 14일 07시,금요일,인천광역시 미추홀구 주안동,중상사고,0,1,1,0,차대차 - 추돌,안전운전불이행,건조,맑음,단일로 - 기타,승용,남,54세,상해없음,승용,남,48세,경상
2022011400100096,2022년 1월 14일 08시,금요일,인천광역시 남동구 수산동,경상사고,0,0,1,0,차대차 - 측면충돌,신호위반,건조,맑음,단일로 - 지하차도(도로)내,승용,남,63세,상해없음,승용,남,43세,상해없음
2022011400100124,2022년 1월 14일 09시,금요일,인천광역시 남동구 간석동,경상사고,0,0,2,0,차대차 - 후진중충돌,안전거리미확보,건조,맑음,단일로 - 기타,승용,남,28세,상해없음,승합,남,55세,경상
2022011400100125,2022년 1월 14일 09시,금요일,인천광역시 계양구 임학동,경상사고,0,0,1,0,차대사람 - 기타,안전운전불이행,건조,맑음,단일로 - 기타,승용,여,31세,상해없음,보행자,남,55세,경상
2022011400100126,2022년 1월 14일 09시,금요일,인천광역시 부평구 일신동,경상사고,0,0,1,0,차대차 - 기타,안전운전불이행,건조,맑음,교차로 - 교차로부근,화물,남,58세,상해없음,승용,남,48세,경상
2022011400100159,2022년 1월 14일 10시,금요일,인천광역시 중구 항동7가,경상사고,0,0,1,0,차대차 - 측면충돌,차로위반,건조,맑음,교차로 - 교차로부근,화물,남,59세,상해없음,승용,여,57세,경상
2022011400100160,2022년 1월 14일 10시,금요일,인천광역시 남동구 구월동,경상사고,0,0,1,0,차대차 - 기타,안전운전불이행,건조,맑음,단일로 - 기타,승용,남,63세,상해없음,승용,남,65세,상해없음
2022011400100161,2022년 1월 14일 10시,금요일,인천광역시 남동구 고잔동,경상사고,0,0,1,0,차대차 - 측면충돌,신호위반,건조,맑음,교차로 - 교차로안,특수,남,60세,상해없음,화물,남,60세,경상
2022011400100200,2022년 1월 14일 11시,금요일,인천광역시 계양구 병방동,경상사고,0,0,1,0,차대차 - 추돌,안전운전불이행,건조,맑음,교차로 - 교차로안,승용,남,66세,상해없음,승용,남,45세,경상
2022011400100233,2022년 1월 14일 12시,금요일,인천광역시 서구 왕길동,경상사고,0,0,1,0,차대차 - 측면충돌,안전운전불이행,건조,맑음,교차로 - 교차로안,승용,남,61세,경상,승용,여,52세,상해없음
2022011400100234,2022년 1월 14일 12시,금요일,인천광역시 계양구 계산동,경상사고,0,0,1,0,차대차 - 기타,안전운전불이행,건조,맑음,교차로 - 교차로안,승용,남,43세,상해없음,이륜,남,37세,경상
2022011400100299,2022년 1월 14일 14시,금요일,인천광역시 미추홀구 주안동,경상사고,0,0,2,0,차대차 - 추돌,안전운전불이행,건조,맑음,교차로 - 교차로부근,승용,남,64세,상해없음,승용,남,46세,경상
2022011400100300,2022년 1월 14일 14시,금요일,인천광역시 남동구 수산동,경상사고,0,0,2,0,차대차 - 측면충돌,안전거리미확보,건조,맑음,교차로 - 교차로부근,화물,남,38세,상해없음,승용,여,50세,경상
2022011400100337,2022년 1월 14일 15시,금요일,인천광역시 미추홀구 주안동,경상사고,0,0,1,0,차대차 - 측면충돌,안전운전불이행,건조,맑음,교차로 - 교차로안,승용,남,36세,상해없음,승용,남,27세,경상
2022011400100416,2022년 1월 14일 17시,금요일,인천광역시 미추홀구 용현동,경상사고,0,0,1,0,차대차 - 측면충돌,안전운전불이행,건조,맑음,교차로 - 교차로부근,승용,여,38세,상해없음,승용,여,59세,경상
2022011400100417,2022년 1월 14일 17시,금요일,인천광역시 남동구 논현동,경상사고,0,0,2,0,차대차 - 측면충돌,교차로운행방법위반,건조,맑음,교차로 - 교차로안,승용,남,74세,상해없음,승용,여,45세,경상
2022011400100479,2022년 1월 14일 18시,금요일,인천광역시 미추홀구 숭의동,경상사고,0,0,3,0,차대차 - 추돌,안전운전불이행,건조,맑음,단일로 - 기타,승용,남,62세,상해없음,승용,남,63세,경상
2022011400100480,2022년 1월 14일 18시,금요일,인천광역시 서구 청라동,경상사고,0,0,1,0,차대사람 - 횡단중,안전운전불이행,건조,맑음,단일로 - 기타,승용,남,54세,상해없음,보행자,남,8세,경상
2022011400100536,2022년 1월 14일 19시,금요일,인천광역시 부평구 부평동,중상사고,0,1,0,0,차대차 - 측면충돌,차로위반,건조,맑음,교차로 - 교차로안,승용,여,56세,상해없음,이륜,남,30세,중상
2022011400100537,2022년 1월 14일 19시,금요일,인천광역시 부평구 부평동,경상사고,0,0,1,0,차대차 - 기타,안전운전불이행,건조,맑음,단일로 - 기타,화물,남,65세,상해없음,이륜,남,42세,경상
2022011400100578,2022년 1월 14일 20시,금요일,인천광역시 미추홀구 용현동,부상신고사고,0,0,0,1,차대차 - 후진중충돌,안전운전불이행,건조,맑음,교차로 - 교차로부근,화물,남,63세,상해없음,승합,남,40세,부상신고
2022011400100631,2022년 1월 14일 21시,금요일,인천광역시 미추홀구 용현동,경상사고,0,0,2,0,차대차 - 측면충돌,안전거리미확보,건조,맑음,단일로 - 기타,승용,여,27세,상해없음,승용,남,21세,경상
2022011400100632,2022년 1월 14일 21시,금요일,인천광역시 서구 석남동,경상사고,0,0,1,0,차대차 - 기타,안전운전불이행,건조,맑음,단일로 - 기타,이륜,남,42세,상해없음,승합,남,58세,상해없음
2022011400100633,2022년 1월 14일 21시,금요일,인천광역시 서구 석남동,중상사고,0,1,0,0,차대차 - 기타,안전운전불이행,건조,맑음,교차로 - 교차로안,승용,남,53세,상해없음,이륜,남,42세,중상
2022011400100664,2022년 1월 14일 22시,금요일,인천광역시 부평구 부평동,경상사고,0,0,2,0,차대차 - 추돌,안전운전불이행,건조,맑음,단일로 - 기타,승용,남,49세,상해없음,승용,남,29세,경상
2022011500100024,2022년 1월 15일 04시,토요일,인천광역시 서구 가좌동,중상사고,0,1,0,0,차대차 - 기타,안전운전불이행,건조,맑음,단일로 - 기타,승용,남,41세,상해없음,승용,남,61세,중상
2022011500100038,2022년 1월 15일 06시,토요일,인천광역시 미추홀구 도화동,경상사고,0,0,2,0,차대차 - 정면충돌,안전운전불이행,건조,맑음,교차로 - 교차로안,승용,남,27세,상해없음,승용,여,24세,경상
2022011500100048,2022년 1월 15일 07시,토요일,인천광역시 남동구 논현동,중상사고,0,1,0,0,차량단독 - 공작물충돌,교차로운행방법위반,건조,맑음,교차로 - 교차로부근,승용,남,57세,상해없음,,,,
2022011500100146,2022년 1월 15일 11시,토요일,인천광역시 부평구 구산동,경상사고,0,0,2,0,차대차 - 기타,안전운전불이행,건조,맑음,교차로 - 교차로부근,승합,남,68세,상해없음,승용,남,49세,경상
2022011500100208,2022년 1월 15일 13시,토요일,인천광역시 연수구 동춘동,경상사고,0,0,1,0,차대차 - 측면충돌,안전운전불이행,건조,맑음,단일로 - 기타,승용,여,41세,상해없음,승용,남,36세,경상
2022011500100238,2022년 1월 15일 14시,토요일,인천광역시 연수구 송도동,사망사고,1,0,3,0,차대차 - 측면충돌,중앙선침범,건조,흐림,교차로 - 교차로부근,이륜,남,29세,사망,승용,남,41세,경상
2022011500100337,2022년 1월 15일 17시,토요일,인천광역시 미추홀구 용현동,부상신고사고,0,0,0,1,차대차 - 추돌,안전운전불이행,건조,맑음,단일로 - 기타,기타불명,기타불명,미분류,기타불명,승용,남,35세,부상신고
2022011500100338,2022년 1월 15일 17시,토요일,인천광역시 미추홀구 주안동,경상사고,0,0,1,0,차대차 - 측면충돌,안전운전불이행,건조,맑음,교차로 - 교차로부근,승합,남,56세,상해없음,승용,여,34세,경상
2022011500100339,2022년 1월 15일 17시,토요일,인천광역시 미추홀구 도화동,경상사고,0,0,1,0,차대차 - 측면충돌,안전거리미확보,건조,맑음,단일로 - 지하차도(도로)내,화물,남,60세,상해없음,승용,남,41세,경상
2022011500100340,2022년 1월 15일 17시,토요일,인천광역시 남동구 간석동,중상사고,0,1,0,0,차대차 - 측면충돌,신호위반,건조,맑음,교차로 - 교차로안,승용,여,25세,상해없음,이륜,남,24세,중상
2022011500100440,2022년 1월 15일 19시,토요일,인천광역시 동구 송림동,경상사고,0,0,2,0,차대차 - 추돌,안전운전불이행,건조,맑음,교차로 - 교차로부근,승용,남,40세,기타불명,화물,남,65세,경상
2022011500100467,2022년 1월 15일 20시,토요일,인천광역시 미추홀구 용현동,경상사고,0,0,2,0,차대차 - 측면충돌,기타,건조,맑음,교차로 - 교차로안,이륜,남,24세,상해없음,승용,남,27세,경상
2022011500100512,2022년 1월 15일 21시,토요일,인천광역시 미추홀구 주안동,중상사고,0,1,0,0,차대차 - 기타,안전운전불이행,젖음/습기,흐림,단일로 - 지하차도(도로)내,이륜,남,53세,상해없음,이륜,남,22세,중상
2022011500100513,2022년 1월 15일 21시,토요일,인천광역시 미추홀구 도화동,경상사고,0,0,2,0,차대차 - 측면충돌,교차로운행방법위반,건조,맑음,교차로 - 교차로부근,승용,남,40세,상해없음,승용,남,52세,경상
2022011500100514,2022년 1월 15일 21시,토요일,인천광역시 미추홀구 관교동,경상사고,0,0,1,0,차대차 - 정면충돌,안전운전불이행,건조,맑음,교차로 - 교차로안,이륜,남,48세,상해없음,이륜,남,38세,경상
2022011500100515,2022년 1월 15일 21시,토요일,인천광역시 부평구 부개동,부상신고사고,0,0,0,1,차대사람 - 길가장자리구역통행중,안전운전불이행,건조,맑음,교차로 - 교차로안,승용,남,34세,상해없음,보행자,남,39세,부상신고
2022011500100542,2022년 1월 15일 22시,토요일,인천광역시 연수구 연수동,중상사고,0,1,1,0,차대차 - 측면충돌,교차로운행방법위반,건조,맑음,교차로 - 교차로부근,승용,남,68세,경상,이륜,남,42세,중상
2022011500100558,2022년 1월 15일 23시,토요일,인천광역시 미추홀구 용현동,중상사고,0,1,0,0,차대사람 - 차도통행중,안전운전불이행,건조,맑음,단일로 - 기타,이륜,남,31세,상해없음,보행자,남,71세,중상
2022011600100007,2022년 1월 16일 00시,일요일,인천광역시 남동구 남촌동,중상사고,0,1,1,0,차대차 - 추돌,신호위반,젖음/습기,흐림,단일로 - 고가도로위,승용,남,65세,상해없음,승용,남,52세,경상
2022011600100035,2022년 1월 16일 07시,일요일,인천광역시 부평구 구산동,경상사고,0,0,1,0,차대차 - 측면충돌,안전운전불이행,건조,맑음,교차로 - 교차로안,승용,남,22세,상해없음,승용,남,60세,상해없음
2022011600100056,2022년 1월 16일 09시,일요일,인천광역시 서구 원창동,경상사고,0,0,1,0,차대차 - 측면충돌,안전운전불이행,건조,맑음,교차로 - 교차로부근,승용,남,39세,상해없음,승용,남,51세,경상
2022011600100099,2022년 1월 16일 11시,일요일,인천광역시 서구 심곡동,경상사고,0,0,3,0,차대차 - 추돌,안전거리미확보,건조,맑음,단일로 - 기타,승용,남,55세,상해없음,승용,남,49세,경상
2022011600100147,2022년 1월 16일 13시,일요일,인천광역시 남동구 만수동,경상사고,0,0,3,0,차대차 - 후진중충돌,안전운전불이행,건조,맑음,단일로 - 기타,승용,남,65세,상해없음,승용,남,39세,경상
2022011600100179,2022년 1월 16일 14시,일요일,인천광역시 남동구 논현동,중상사고,0,1,0,0,차대차 - 측면충돌,신호위반,건조,맑음,교차로 - 교차로안,승용,남,47세,상해없음,이륜,남,40세,중상
2022011600100202,2022년 1월 16일 15시,일요일,인천광역시 서구 가정동,경상사고,0,0,1,0,차대차 - 측면충돌,안전운전불이행,건조,맑음,교차로 - 교차로안,승용,남,59세,상해없음,승용,남,37세,경상
2022011600100203,2022년 1월 16일 15시,일요일,인천광역시 계양구 효성동,중상사고,0,1,0,0,차대차 - 측면충돌,안전운전불이행,건조,기타,단일로 - 기타,승용,남,48세,상해없음,승용,여,64세,중상
2022011600100204,2022년 1월 16일 15시,일요일,인천광역시 남동구 논현동,경상사고,0,0,1,0,차대차 - 측면충돌,안전운전불이행,건조,맑음,교차로 - 교차로부근,이륜,남,23세,상해없음,승용,여,45세,경상
2022011600100245,2022년 1월 16일 17시,일요일,인천광역시 남동구 간석동,부상신고사고,0,0,0,1,차대사람 - 기타,안전운전불이행,건조,맑음,단일로 - 기타,승용,남,61세,상해없음,보행자,남,48세,부상신고
2022011600100246,2022년 1월 16일 17시,일요일,인천광역시 연수구 연수동,경상사고,0,0,1,0,차대차 - 측면충돌,안전운전불이행,건조,맑음,교차로 - 교차로부근,승용,남,71세,상해없음,승용,남,25세,경상
2022011600100275,2022년 1월 16일 18시,일요일,인천광역시 부평구 십정동,경상사고,0,0,1,0,차대차 - 추돌,안전운전불이행,건조,맑음,단일로 - 기타,승용,남,64세,상해없음,이륜,남,29세,경상
2022011600100276,2022년 1월 16일 18시,일요일,인천광역시 연수구 송도동,경상사고,0,0,1,0,차대차 - 측면충돌,신호위반,건조,맑음,교차로 - 교차로부근,승합,남,69세,상해없음,승용,남,39세,경상
2022011600100277,2022년 1월 16일 18시,일요일,인천광역시 남동구 만수동,중상사고,0,1,3,0,차대차 - 측면충돌,신호위반,건조,맑음,교차로 - 교차로안,승용,남,54세,상해없음,승용,남,60세,중상
2022011600100311,2022년 1월 16일 19시,일요일,인천광역시 남동구 간석동,중상사고,0,1,0,0,차대사람 - 횡단중,안전운전불이행,건조,맑음,교차로 - 교차로횡단보도내,승용,남,50세,상해없음,보행자,남,64세,중상
2022011600100328,2022년 1월 16일 20시,일요일,인천광역시 남동구 수산동,경상사고,0,0,3,0,차대차 - 측면충돌,신호위반,건조,맑음,교차로 - 교차로안,승용,남,24세,상해없음,승용,남,58세,경상
2022011600100349,2022년 1월 16일 21시,일요일,인천광역시 동구 화평동,중상사고,0,1,0,0,차대사람 - 횡단중,안전운전불이행,건조,맑음,기타 - 기타,승용,남,56세,상해없음,보행자,여,88세,중상
2022011600100350,2022년 1월 16일 21시,일요일,인천광역시 남동구 만수동,경상사고,0,0,1,0,차대차 - 정면충돌,안전운전불이행,건조,맑음,교차로 - 교차로안,승용,남,43세,상해없음,이륜,남,43세,경상
2022011600100351,2022년 1월 16일 21시,일요일,인천광역시 서구 경서동,부상신고사고,0,0,0,1,차대차 - 추돌,안전운전불이행,건조,맑음,단일로 - 교량,승용,남,55세,상해없음,승용,남,60세,부상신고
2022011700100034,2022년 1월 17일 06시,월요일,인천광역시 계양구 임학동,경상사고,0,0,1,0,차대차 - 추돌,안전운전불이행,건조,맑음,단일로 - 기타,이륜,남,15세,기타불명,화물,남,35세,경상
2022011700100110,2022년 1월 17일 09시,월요일,인천광역시 미추홀구 문학동,경상사고,0,0,1,0,차대차 - 측면충돌,안전운전불이행,건조,맑음,교차로 - 교차로안,승용,여,59세,상해없음,승합,남,45세,경상
2022011700100111,2022년 1월 17일 09시,월요일,인천광역시 미추홀구 주안동,경상사고,0,0,1,0,차대차 - 기타,안전거리미확보,건조,맑음,단일로 - 기타,화물,남,46세,상해없음,승합,남,56세,상해없음
2022011700100152,2022년 1월 17일 11시,월요일,인천광역시 계양구 작전동,경상사고,0,0,1,0,차대차 - 추돌,안전운전불이행,건조,맑음,교차로 - 교차로부근,승용,남,58세,상해없음,승용,여,41세,경상
2022011700100178,2022년 1월 17일 12시,월요일,인천광역시 연수구 송도동,경상사고,0,0,2,0,차대차 - 추돌,안전운전불이행,건조,맑음,교차로 - 교차로부근,승용,여,52세,상해없음,승용,여,27세,경상
2022011700100206,2022년 1월 17일 13시,월요일,인천광역시 계양구 계산동,경상사고,0,0,2,0,차대차 - 측면충돌,신호위반,건조,맑음,교차로 - 교차로부근,승용,여,53세,기타불명,승용,남,25세,경상
2022011700100207,2022년 1월 17일 13시,월요일,인천광역시 부평구 부개동,중상사고,0,1,1,0,차대차 - 정면충돌,교차로운행방법위반,건조,맑음,교차로 - 교차로안,승용,여,51세,상해없음,승용,남,35세,중상
2022011700100244,2022년 1월 17일 14시,월요일,인천광역시 미추홀구 학익동,경상사고,0,0,2,0,차대차 - 추돌,안전운전불이행,건조,맑음,교차로 - 교차로안,승용,남,28세,상해없음,승용,여,65세,경상
2022011700100245,2022년 1월 17일 14시,월요일,인천광역시 서구 당하동,경상사고,0,0,1,0,차대차 - 기타,안전운전불이행,건조,맑음,교차로 - 교차로안,화물,남,66세,상해없음,승용,여,50세,경상
2022011700100246,2022년 1월 17일 14시,월요일,인천광역시 부평구 삼산동,경상사고,0,0,1,0,차대차 - 추돌,안전운전불이행,건조,맑음,단일로 - 지하차도(도로)내,승용,여,46세,상해없음,승용,여,39세,경상
2022011700100294,2022년 1월 17일 15시,월요일,인천광역시 서구 심곡동,경상사고,0,0,1,0,차대사람 - 기타,안전운전불이행,건조,맑음,단일로 - 기타,승용,남,62세,상해없음,보행자,여,33세,경상
2022011700100322,2022년 1월 17일 16시,월요일,인천광역시 부평구 구산동,경상사고,0,0,1,0,차대차 - 측면충돌,안전운전불이행,건조,맑음,단일로 - 교량,승용,남,56세,상해없음,승용,여,28세,경상
2022011700100350,2022년 1월 17일 17시,월요일,인천광역시 부평구 갈산동,경상사고,0,0,1,0,차대사람 - 차도통행중,기타,건조,맑음,교차로 - 교차로부근,승용,여,47세,상해없음,보행자,여,15세,경상
2022011700100397,2022년 1월 17일 18시,월요일,인천광역시 계양구 계산동,경상사고,0,0,2,0,차대차 - 측면충돌,안전거리미확보,젖음/습기,흐림,교차로 - 교차로부근,승용,여,39세,경상,승용,남,31세,경상
2022011700100425,2022년 1월 17일 19시,월요일,인천광역시 연수구 송도동,경상사고,0,0,1,0,차대차 - 추돌,안전운전불이행,건조,맑음,단일로 - 교량,승용,여,40세,상해없음,승용,여,45세,경상
2022011700100479,2022년 1월 17일 21시,월요일,인천광역시 중구 중산동,경상사고,0,0,1,0,차대차 - 정면충돌,신호위반,건조,맑음,교차로 - 교차로안,이륜,남,29세,상해없음,승용,여,51세,경상
2022011700100480,2022년 1월 17일 21시,월요일,인천광역시 남동구 구월동,경상사고,0,0,1,0,차대차 - 추돌,안전운전불이행,건조,맑음,단일로 - 기타,승용,남,39세,상해없음,승용,남,49세,경상
2022011700100481,2022년 1월 17일 21시,월요일,인천광역시 남동구 구월동,경상사고,0,0,3,0,차대차 - 측면충돌,안전거리미확보,건조,맑음,단일로 - 기타,승용,남,43세,상해없음,승용,남,25세,경상