사고번호,사고일시,요일,시군구,사고내용,사망자수,중상자수,경상자수,부상신고자수,사고유형,법규위반,노면상태,기상상태,도로형태,가해운전자 차종,가해운전자 성별,가해운전자 연령,가해운전자 상해정도,피해운전자 차종,피해운전자 성별,피해운전자 연령,피해운전자 상해정도
2022011700100482,2022년 1월 17일 21시,월요일,인천광역시 서구 석남동,경상사고,0,0,2,0,차대차 - 추돌,안전운전불이행,건조,맑음,교차로 - 교차로부근,승용,남,41세,상해없음,승용,남,30세,경상
2022011700100483,2022년 1월 17일 21시,월요일,인천광역시 남동구 논현동,경상사고,0,0,1,0,차대차 - 추돌,안전운전불이행,건조,흐림,교차로 - 교차로부근,승용,남,29세,상해없음,승용,남,19세,경상
2022011700100484,2022년 1월 17일 21시,월요일,인천광역시 부평구 일신동,부상신고사고,0,0,0,1,차대차 - 측면충돌,안전거리미확보,건조,맑음,단일로 - 기타,화물,남,46세,상해없음,승용,남,65세,부상신고
2022011700100506,2022년 1월 17일 22시,월요일,인천광역시 미추홀구 도화동,경상사고,0,0,1,0,차대차 - 측면충돌,교차로운행방법위반,건조,맑음,단일로 - 기타,승용,남,42세,상해없음,승용,남,58세,경상
2022011700100507,2022년 1월 17일 22시,월요일,인천광역시 연수구 송도동,경상사고,0,0,1,0,차대차 - 추돌,안전운전불이행,건조,맑음,교차로 - 교차로횡단보도내,승용,남,32세,상해없음,승용,여,26세,경상
2022011700100522,2022년 1월 17일 23시,월요일,인천광역시 중구 신흥동3가,사망사고,1,0,0,0,차대사람 - 횡단중,안전운전불이행,건조,맑음,교차로 - 교차로횡단보도내,화물,남,61세,상해없음,보행자,여,54세,사망
2022011700100523,2022년 1월 17일 23시,월요일,인천광역시 서구 경서동,경상사고,0,0,1,0,차대차 - 추돌,안전운전불이행,건조,맑음,단일로 - 기타,승용,남,48세,상해없음,승용,남,46세,경상
2022011800100018,2022년 1월 18일 05시,화요일,인천광역시 남동구 고잔동,중상사고,0,1,0,0,차대사람 - 횡단중,안전운전불이행,건조,맑음,교차로 - 교차로안,화물,남,57세,상해없음,보행자,여,82세,중상
2022011800100034,2022년 1월 18일 06시,화요일,인천광역시 부평구 산곡동,경상사고,0,0,1,0,차량단독 - 기타,안전운전불이행,서리/결빙,맑음,단일로 - 기타,승용,남,43세,경상,,,,
2022011800100062,2022년 1월 18일 07시,화요일,인천광역시 연수구 송도동,경상사고,0,0,1,0,차대차 - 측면충돌,신호위반,건조,맑음,교차로 - 교차로안,승합,남,59세,상해없음,승용,여,28세,경상
2022011800100063,2022년 1월 18일 07시,화요일,인천광역시 남동구 수산동,중상사고,0,1,0,0,차대차 - 측면충돌,신호위반,건조,맑음,교차로 - 교차로안,화물,남,57세,상해없음,승용,남,53세,중상
2022011800100104,2022년 1월 18일 08시,화요일,인천광역시 부평구 부평동,경상사고,0,0,1,0,차대차 - 측면충돌,신호위반,건조,맑음,교차로 - 교차로부근,승용,남,32세,상해없음,승용,여,53세,경상
2022011800100131,2022년 1월 18일 09시,화요일,인천광역시 부평구 갈산동,경상사고,0,0,1,1,차대사람 - 기타,안전운전불이행,젖음/습기,흐림,교차로 - 교차로부근,승용,남,72세,부상신고,보행자,남,59세,경상
2022011800100156,2022년 1월 18일 10시,화요일,인천광역시 강화군 불은면,경상사고,0,0,1,0,차대차 - 정면충돌,중앙선침범,건조,맑음,단일로 - 지하차도(도로)내,승용,여,74세,상해없음,화물,남,59세,상해없음
2022011800100192,2022년 1월 18일 11시,화요일,인천광역시 부평구 부평동,경상사고,0,0,1,0,차대차 - 기타,안전운전불이행,건조,맑음,단일로 - 기타,승합,남,54세,상해없음,자전거,남,66세,경상
2022011800100221,2022년 1월 18일 12시,화요일,인천광역시 미추홀구 도화동,경상사고,0,0,2,0,차대차 - 측면충돌,교차로운행방법위반,건조,맑음,교차로 - 교차로안,승용,남,70세,상해없음,승용,여,57세,경상
2022011800100222,2022년 1월 18일 12시,화요일,인천광역시 계양구 귤현동,부상신고사고,0,0,0,1,차대차 - 추돌,안전운전불이행,건조,맑음,단일로 - 기타,승용,기타불명,미분류,기타불명,승용,남,54세,부상신고
2022011800100264,2022년 1월 18일 13시,화요일,인천광역시 부평구 부평동,경상사고,0,0,2,0,차대차 - 기타,중앙선침범,건조,맑음,교차로 - 교차로부근,원동기,남,42세,상해없음,승용,남,31세,경상
2022011800100302,2022년 1월 18일 14시,화요일,인천광역시 계양구 계산동,경상사고,0,0,2,0,차대차 - 측면충돌,안전운전불이행,건조,맑음,교차로 - 교차로안,승용,남,58세,상해없음,승용,남,36세,경상
2022011800100347,2022년 1월 18일 15시,화요일,인천광역시 계양구 작전동,경상사고,0,0,1,0,차대차 - 추돌,안전운전불이행,건조,맑음,단일로 - 기타,승용,남,68세,상해없음,승용,여,60세,경상
2022011800100348,2022년 1월 18일 15시,화요일,인천광역시 강화군 양도면,경상사고,0,0,1,0,차대차 - 측면충돌,중앙선침범,건조,맑음,단일로 - 지하차도(도로)내,화물,남,58세,상해없음,승용,여,54세,경상
2022011800100349,2022년 1월 18일 15시,화요일,인천광역시 연수구 청학동,경상사고,0,0,1,0,차대차 - 측면충돌,안전거리미확보,건조,맑음,단일로 - 기타,승용,여,52세,상해없음,승용,남,31세,경상
2022011800100391,2022년 1월 18일 16시,화요일,인천광역시 서구 원창동,경상사고,0,0,1,0,차대차 - 측면충돌,안전운전불이행,건조,맑음,교차로 - 교차로부근,승용,남,65세,상해없음,승용,남,38세,경상
2022011800100491,2022년 1월 18일 18시,화요일,인천광역시 서구 신현동,경상사고,0,0,3,0,차대차 - 측면충돌,안전운전불이행,건조,맑음,단일로 - 기타,승용,남,64세,상해없음,승용,남,41세,경상
2022011800100540,2022년 1월 18일 19시,화요일,인천광역시 남동구 구월동,경상사고,0,0,1,0,차대차 - 추돌,불법유턴,건조,맑음,단일로 - 기타,이륜,남,24세,상해없음,승용,남,37세,경상
2022011800100541,2022년 1월 18일 19시,화요일,인천광역시 부평구 부평동,경상사고,0,0,1,0,차대사람 - 기타,안전운전불이행,건조,맑음,단일로 - 기타,기타불명,기타불명,미분류,기타불명,보행자,남,38세,경상
2022011800100577,2022년 1월 18일 20시,화요일,인천광역시 서구 석남동,경상사고,0,0,1,0,차대차 - 측면충돌,안전운전불이행,건조,맑음,교차로 - 교차로안,승용,여,61세,상해없음,승용,남,32세,경상
2022011800100578,2022년 1월 18일 20시,화요일,인천광역시 부평구 갈산동,경상사고,0,0,1,0,차대차 - 기타,직진우회전진행방해,건조,맑음,교차로 - 교차로안,이륜,남,23세,상해없음,이륜,남,60세,경상
2022011800100617,2022년 1월 18일 21시,화요일,인천광역시 계양구 계산동,경상사고,0,0,1,0,차대사람 - 차도통행중,안전운전불이행,건조,흐림,기타 - 기타,승용,남,65세,상해없음,보행자,여,25세,경상
2022011900100065,2022년 1월 19일 07시,수요일,인천광역시 부평구 십정동,사망사고,1,0,0,0,차대사람 - 횡단중,신호위반,건조,맑음,단일로 - 기타,승용,남,45세,상해없음,보행자,여,64세,사망
2022011900100094,2022년 1월 19일 08시,수요일,인천광역시 서구 청라동,경상사고,0,0,1,0,차대차 - 추돌,안전운전불이행,젖음/습기,흐림,단일로 - 기타,승용,여,46세,상해없음,화물,남,51세,경상
2022011900100156,2022년 1월 19일 10시,수요일,인천광역시 미추홀구 용현동,중상사고,0,1,0,0,차대사람 - 횡단중,안전운전불이행,건조,맑음,교차로 - 교차로안,화물,남,43세,상해없음,보행자,남,83세,중상
2022011900100157,2022년 1월 19일 10시,수요일,인천광역시 부평구 부평동,중상사고,0,1,0,0,차대사람 - 횡단중,신호위반,건조,맑음,교차로 - 교차로안,승용,여,65세,상해없음,보행자,남,86세,중상
2022011900100158,2022년 1월 19일 10시,수요일,인천광역시 부평구 청천동,경상사고,0,0,1,0,차대차 - 추돌,안전운전불이행,건조,맑음,교차로 - 교차로부근,승용,남,61세,상해없음,승용,여,40세,경상
2022011900100159,2022년 1월 19일 10시,수요일,인천광역시 남동구 간석동,중상사고,0,1,0,0,차대사람 - 보도통행중,안전운전불이행,건조,맑음,교차로 - 교차로횡단보도내,건설기계,남,56세,상해없음,보행자,남,86세,중상
2022011900100192,2022년 1월 19일 11시,수요일,인천광역시 계양구 작전동,경상사고,0,0,1,0,차대차 - 측면충돌,안전운전불이행,건조,맑음,교차로 - 교차로안,승용,여,58세,상해없음,승용,남,58세,경상
2022011900100285,2022년 1월 19일 15시,수요일,인천광역시 중구 중산동,경상사고,0,0,1,0,차대사람 - 기타,안전운전불이행,건조,맑음,단일로 - 기타,승용,남,59세,기타불명,보행자,남,51세,경상
2022011900100336,2022년 1월 19일 17시,수요일,인천광역시 동구 만석동,경상사고,0,0,1,0,차대차 - 측면충돌,안전운전불이행,건조,맑음,교차로 - 교차로부근,승용,남,66세,상해없음,승용,남,38세,경상
2022011900100337,2022년 1월 19일 17시,수요일,인천광역시 미추홀구 숭의동,경상사고,0,0,1,0,차대사람 - 기타,안전운전불이행,기타,맑음,단일로 - 기타,승합,남,43세,기타불명,보행자,여,27세,경상
2022011900100338,2022년 1월 19일 17시,수요일,인천광역시 서구 가좌동,경상사고,0,0,2,0,차량단독 - 기타,안전운전불이행,건조,맑음,단일로 - 기타,승용,남,55세,상해없음,,,,
2022011900100339,2022년 1월 19일 17시,수요일,인천광역시 부평구 부개동,경상사고,0,0,1,0,차대차 - 측면충돌,안전운전불이행,건조,맑음,교차로 - 교차로부근,승용,여,43세,상해없음,승용,남,54세,경상
2022011900100383,2022년 1월 19일 18시,수요일,인천광역시 서구 가정동,경상사고,0,0,1,0,차대차 - 추돌,안전운전불이행,건조,맑음,교차로 - 교차로부근,승용,남,45세,상해없음,승용,남,47세,경상
2022011900100409,2022년 1월 19일 19시,수요일,인천광역시 미추홀구 용현동,경상사고,0,0,1,0,차대사람 - 기타,안전운전불이행,건조,맑음,교차로 - 교차로부근,승용,남,28세,상해없음,보행자,남,60세,경상
2022011900100430,2022년 1월 19일 20시,수요일,인천광역시 서구 가좌동,경상사고,0,0,2,0,차대사람 - 기타,안전운전불이행,기타,기타,주차장 - 주차장,기타불명,기타불명,미분류,기타불명,보행자,남,14세,경상
2022011900100431,2022년 1월 19일 20시,수요일,인천광역시 서구 심곡동,경상사고,0,0,2,0,차대차 - 추돌,안전운전불이행,기타,맑음,교차로 - 교차로부근,승용,남,39세,상해없음,승용,남,26세,경상
2022011900100479,2022년 1월 19일 22시,수요일,인천광역시 동구 송림동,경상사고,0,0,1,0,차량단독 - 기타,안전운전불이행,건조,맑음,교차로 - 교차로안,승용,남,71세,상해없음,,,,
2022012000100051,2022년 1월 20일 07시,목요일,인천광역시 서구 심곡동,중상사고,0,1,0,0,차대차 - 기타,안전운전불이행,건조,맑음,교차로 - 교차로안,승합,남,67세,상해없음,자전거,남,72세,중상
2022012000100102,2022년 1월 20일 09시,목요일,인천광역시 남동구 구월동,경상사고,0,0,1,0,차대차 - 측면충돌,차로위반,건조,맑음,교차로 - 교차로안,승용,남,52세,상해없음,승용,남,64세,경상
2022012000100103,2022년 1월 20일 09시,목요일,인천광역시 서구 심곡동,중상사고,0,1,0,0,차대사람 - 횡단중,보행자보호의무위반,건조,맑음,교차로 - 교차로횡단보도내,승용,남,78세,상해없음,보행자,여,49세,중상
2022012000100104,2022년 1월 20일 09시,목요일,인천광역시 계양구 서운동,경상사고,0,0,1,0,차대차 - 기타,안전거리미확보,건조,맑음,단일로 - 기타,승용,남,24세,상해없음,승합,남,55세,경상
2022012000100133,2022년 1월 20일 10시,목요일,인천광역시 중구 운서동,중상사고,0,1,0,0,차대차 - 측면충돌,안전거리미확보,건조,맑음,교차로 - 교차로부근,건설기계,남,63세,상해없음,승용,여,46세,중상
2022012000100134,2022년 1월 20일 10시,목요일,인천광역시 미추홀구 용현동,경상사고,0,0,1,0,차대차 - 측면충돌,안전운전불이행,건조,맑음,교차로 - 교차로부근,승용,남,72세,상해없음,이륜,남,46세,경상
2022012000100169,2022년 1월 20일 11시,목요일,인천광역시 남동구 남촌동,경상사고,0,0,3,0,차대차 - 측면충돌,안전운전불이행,건조,맑음,단일로 - 교량,승용,남,70세,상해없음,승용,남,45세,경상
2022012000100206,2022년 1월 20일 12시,목요일,인천광역시 중구 운서동,경상사고,0,0,1,0,차량단독 - 도로외이탈 - 기타,안전운전불이행,젖음/습기,맑음,교차로 - 교차로부근,승용,남,36세,상해없음,,,,
2022012000100230,2022년 1월 20일 13시,목요일,인천광역시 계양구 박촌동,경상사고,0,0,1,0,차대차 - 기타,안전운전불이행,건조,맑음,교차로 - 교차로안,승용,남,28세,상해없음,이륜,남,58세,경상
2022012000100289,2022년 1월 20일 15시,목요일,인천광역시 부평구 부평동,중상사고,0,1,0,0,차대차 - 기타,안전운전불이행,건조,맑음,단일로 - 기타,승용,여,45세,상해없음,이륜,남,49세,중상
2022012000100290,2022년 1월 20일 15시,목요일,인천광역시 서구 신현동,경상사고,0,0,1,0,차대차 - 기타,안전운전불이행,건조,맑음,교차로 - 교차로안,화물,남,64세,상해없음,이륜,남,39세,경상
2022012000100327,2022년 1월 20일 16시,목요일,인천광역시 남동구 구월동,경상사고,0,0,2,0,차대차 - 측면충돌,교차로운행방법위반,건조,맑음,교차로 - 교차로안,승용,여,35세,기타불명,화물,남,64세,경상
2022012000100362,2022년 1월 20일 17시,목요일,인천광역시 남동구 구월동,경상사고,0,0,4,0,차대차 - 추돌,신호위반,건조,맑음,교차로 - 교차로부근,승용,여,58세,상해없음,승용,여,27세,경상
2022012000100417,2022년 1월 20일 18시,목요일,인천광역시 부평구 부평동,경상사고,0,0,1,0,차대차 - 측면충돌,안전운전불이행,건조,맑음,교차로 - 교차로부근,이륜,남,60세,상해없음,개인형이동수단(PM),남,33세,경상
2022012000100418,2022년 1월 20일 18시,목요일,인천광역시 부평구 부개동,경상사고,0,0,1,0,차대차 - 추돌,안전운전불이행,건조,맑음,교차로 - 교차로부근,승용,여,26세,기타불명,승용,남,29세,경상
2022012000100419,2022년 1월 20일 18시,목요일,인천광역시 남동구 고잔동,경상사고,0,0,1,0,차대차 - 측면충돌,신호위반,건조,맑음,단일로 - 지하차도(도로)내,화물,남,62세,상해없음,승용,여,29세,경상
2022012000100420,2022년 1월 20일 18시,목요일,인천광역시 남동구 서창동,경상사고,0,0,1,0,차대차 - 추돌,안전운전불이행,건조,맑음,단일로 - 기타,특수,남,47세,상해없음,화물,남,66세,경상
2022012000100466,2022년 1월 20일 19시,목요일,인천광역시 미추홀구 관교동,경상사고,0,0,1,0,차대차 - 기타,안전운전불이행,건조,맑음,단일로 - 기타,승용,남,66세,기타불명,이륜,남,31세,경상
2022012000100467,2022년 1월 20일 19시,목요일,인천광역시 계양구 작전동,경상사고,0,0,1,0,차대차 - 기타,안전운전불이행,건조,맑음,교차로 - 교차로부근,승용,여,49세,상해없음,원동기,남,39세,경상
2022012000100501,2022년 1월 20일 20시,목요일,인천광역시 미추홀구 용현동,경상사고,0,0,1,0,차대차 - 추돌,안전운전불이행,건조,맑음,교차로 - 교차로부근,승용,남,48세,상해없음,승용,남,44세,경상
2022012000100502,2022년 1월 20일 20시,목요일,인천광역시 계양구 효성동,경상사고,0,0,1,0,차대차 - 기타,안전거리미확보,건조,맑음,교차로 - 교차로부근,승용,여,36세,상해없음,승용,남,40세,경상
2022012000100536,2022년 1월 20일 21시,목요일,인천광역시 미추홀구 주안동,부상신고사고,0,0,0,1,차대차 - 측면충돌,안전운전불이행,건조,맑음,단일로 - 기타,승용,남,44세,상해없음,승용,남,65세,부상신고
2022012000100537,2022년 1월 20일 21시,목요일,인천광역시 서구 석남동,중상사고,0,1,0,0,차대차 - 측면충돌,안전운전불이행,건조,맑음,교차로 - 교차로안,이륜,남,32세,중상,승용,남,56세,상해없음
2022012000100538,2022년 1월 20일 21시,목요일,인천광역시 계양구 이화동,경상사고,0,0,1,0,차대차 - 측면충돌,안전운전불이행,건조,맑음,주차장 - 주차장,승용,남,58세,상해없음,승용,여,31세,경상
2022012000100539,2022년 1월 20일 21시,목요일,인천광역시 서구 경서동,경상사고,0,0,1,0,차대차 - 추돌,안전운전불이행,건조,맑음,단일로 - 기타,승용,남,42세,상해없음,승용,여,29세,경상
2022012000100570,2022년 1월 20일 22시,목요일,인천광역시 서구 심곡동,중상사고,0,1,0,0,차대사람 - 횡단중,보행자보호의무위반,건조,맑음,기타 - 기타,승용,남,28세,상해없음,보행자,남,49세,중상
2022012000100589,2022년 1월 20일 23시,목요일,인천광역시 연수구 송도동,경상사고,0,0,1,0,차대차 - 추돌,안전운전불이행,건조,맑음,교차로 - 교차로부근,승용,남,54세,상해없음,승용,남,64세,경상
2022012100100013,2022년 1월 21일 02시,금요일,인천광역시 미추홀구 주안동,중상사고,0,1,0,0,차대차 - 기타,안전운전불이행,건조,기타,교차로 - 교차로부근,승용,남,26세,상해없음,승용,남,60세,중상
2022012100100022,2022년 1월 21일 04시,금요일,인천광역시 중구 신흥동3가,중상사고,0,2,1,0,차대차 - 측면충돌,신호위반,건조,맑음,교차로 - 교차로안,이륜,남,16세,중상,승용,남,61세,경상
2022012100100023,2022년 1월 21일 04시,금요일,인천광역시 미추홀구 주안동,중상사고,0,2,0,0,차대차 - 측면충돌,기타,젖음/습기,맑음,단일로 - 기타,승용,남,59세,기타불명,화물,남,62세,중상
2022012100100034,2022년 1월 21일 05시,금요일,인천광역시 미추홀구 주안동,경상사고,0,0,1,1,차대차 - 추돌,안전운전불이행,건조,맑음,교차로 - 교차로부근,승용,남,30세,상해없음,승용,남,57세,경상
2022012100100078,2022년 1월 21일 07시,금요일,인천광역시 부평구 구산동,경상사고,0,0,2,0,차대차 - 기타,안전운전불이행,건조,맑음,기타 - 기타,승용,남,34세,상해없음,승용,남,48세,경상
2022012100100079,2022년 1월 21일 07시,금요일,인천광역시 서구 오류동,경상사고,0,0,1,0,차대차 - 추돌,안전거리미확보,건조,맑음,단일로 - 교량,승용,남,23세,상해없음,승용,남,46세,경상
2022012100100080,2022년 1월 21일 07시,금요일,인천광역시 부평구 청천동,경상사고,0,0,1,0,차대차 - 측면충돌,안전거리미확보,건조,맑음,단일로 - 기타,승용,남,50세,상해없음,승용,남,55세,경상
2022012100100128,2022년 1월 21일 08시,금요일,인천광역시 미추홀구 용현동,중상사고,0,1,0,0,차대사람 - 횡단중,보행자보호의무위반,건조,맑음,교차로 - 교차로횡단보도내,승용,남,60세,상해없음,보행자,여,52세,중상
2022012100100159,2022년 1월 21일 09시,금요일,인천광역시 서구 청라동,경상사고,0,0,1,0,차대차 - 측면충돌,안전운전불이행,건조,맑음,교차로 - 교차로부근,화물,남,61세,상해없음,승용,남,42세,경상
2022012100100160,2022년 1월 21일 09시,금요일,인천광역시 계양구 효성동,경상사고,0,0,1,0,차대차 - 측면충돌,안전운전불이행,건조,맑음,교차로 - 교차로안,승용,여,28세,상해없음,승용,여,34세,경상
2022012100100193,2022년 1월 21일 10시,금요일,인천광역시 부평구 십정동,경상사고,0,0,1,0,차대차 - 측면충돌,안전거리미확보,건조,맑음,단일로 - 기타,승용,남,39세,상해없음,승용,남,63세,경상
2022012100100194,2022년 1월 21일 10시,금요일,인천광역시 부평구 갈산동,경상사고,0,0,2,0,차대차 - 추돌,안전운전불이행,건조,맑음,교차로 - 교차로부근,승용,남,25세,상해없음,승용,남,55세,경상
2022012100100229,2022년 1월 21일 11시,금요일,인천광역시 부평구 부평동,경상사고,0,0,1,0,차대차 - 측면충돌,신호위반,건조,맑음,교차로 - 교차로안,이륜,남,54세,상해없음,승용,여,47세,경상
2022012100100230,2022년 1월 21일 11시,금요일,인천광역시 부평구 청천동,경상사고,0,0,2,0,차대차 - 정면충돌,신호위반,건조,맑음,교차로 - 교차로안,이륜,남,52세,상해없음,승용,여,64세,경상
2022012100100278,2022년 1월 21일 12시,금요일,인천광역시 계양구 작전동,경상사고,0,0,1,0,차대차 - 측면충돌,안전운전불이행,건조,맑음,교차로 - 교차로안,승용,여,30세,상해없음,화물,남,55세,경상
2022012100100279,2022년 1월 21일 12시,금요일,인천광역시 부평구 갈산동,경상사고,0,0,1,0,차대사람 - 기타,안전운전불이행,건조,맑음,교차로 - 교차로부근,승용,여,41세,상해없음,보행자,여,63세,경상
2022012100100314,2022년 1월 21일 13시,금요일,인천광역시 서구 오류동,중상사고,0,2,0,0,차대차 - 측면충돌,안전운전불이행,건조,맑음,단일로 - 기타,자전거,남,75세,중상,자전거,남,80세,중상
2022012100100340,2022년 1월 21일 14시,금요일,인천광역시 미추홀구 용현동,경상사고,0,0,1,0,차대사람 - 기타,안전운전불이행,건조,맑음,단일로 - 기타,승용,남,42세,상해없음,보행자,여,9세,경상
2022012100100341,2022년 1월 21일 14시,금요일,인천광역시 남동구 구월동,경상사고,0,0,1,0,차대사람 - 기타,보행자보호의무위반,건조,맑음,교차로 - 교차로횡단보도내,승합,남,28세,상해없음,보행자,남,61세,경상
2022012100100383,2022년 1월 21일 15시,금요일,인천광역시 남동구 간석동,경상사고,0,0,1,0,차대사람 - 길가장자리구역통행중,안전운전불이행,건조,맑음,교차로 - 교차로안,승용,남,68세,상해없음,보행자,여,36세,경상
2022012100100384,2022년 1월 21일 15시,금요일,인천광역시 남동구 구월동,경상사고,0,0,1,0,차대차 - 후진중충돌,안전운전불이행,건조,맑음,단일로 - 기타,승용,여,31세,기타불명,승용,남,57세,경상
2022012100100438,2022년 1월 21일 16시,금요일,인천광역시 동구 송현동,경상사고,0,0,1,0,차대차 - 측면충돌,안전운전불이행,건조,맑음,미분류 - 미분류,승용,여,47세,상해없음,화물,남,53세,경상
2022012100100439,2022년 1월 21일 16시,금요일,인천광역시 미추홀구 도화동,경상사고,0,0,1,0,차대사람 - 횡단중,안전운전불이행,건조,기타,기타 - 기타,기타불명,기타불명,미분류,기타불명,보행자,여,66세,경상
2022012100100480,2022년 1월 21일 17시,금요일,인천광역시 남동구 간석동,경상사고,0,0,1,0,차대차 - 추돌,안전운전불이행,건조,맑음,단일로 - 기타,승용,여,49세,상해없음,승용,남,48세,경상
2022012100100481,2022년 1월 21일 17시,금요일,인천광역시 연수구 송도동,경상사고,0,0,1,0,차대차 - 추돌,안전운전불이행,건조,맑음,단일로 - 기타,건설기계,남,38세,상해없음,승용,남,64세,경상
2022012100100482,2022년 1월 21일 17시,금요일,인천광역시 부평구 부평동,경상사고,0,0,1,0,차대차 - 기타,안전운전불이행,건조,맑음,교차로 - 교차로부근,승용,여,65세,상해없음,자전거,여,28세,경상
2022012100100483,2022년 1월 21일 17시,금요일,인천광역시 남동구 논현동,경상사고,0,0,2,0,차대차 - 측면충돌,안전거리미확보,건조,맑음,교차로 - 교차로부근,승용,남,50세,상해없음,승용,남,50세,상해없음
2022012100100484,2022년 1월 21일 17시,금요일,인천광역시 남동구 남촌동,경상사고,0,0,1,0,차대차 - 추돌,안전거리미확보,건조,맑음,교차로 - 교차로부근,화물,남,31세,상해없음,승용,남,54세,경상
2022012100100539,2022년 1월 21일 18시,금요일,인천광역시 미추홀구 숭의동,경상사고,0,0,1,0,차대차 - 측면충돌,교차로운행방법위반,건조,맑음,교차로 - 교차로안,이륜,남,37세,경상,승용,여,33세,상해없음
2022012100100540,2022년 1월 21일 18시,금요일,인천광역시 미추홀구 용현동,경상사고,0,0,3,0,차대차 - 추돌,안전운전불이행,건조,맑음,기타 - 기타,화물,남,34세,상해없음,승용,남,35세,경상
2022012100100541,2022년 1월 21일 18시,금요일,인천광역시 남동구 간석동,경상사고,0,0,1,0,차대차 - 추돌,안전운전불이행,건조,맑음,교차로 - 교차로부근,승용,남,59세,상해없음,화물,남,61세,경상
2022012100100542,2022년 1월 21일 18시,금요일,인천광역시 연수구 송도동,경상사고,0,0,2,0,차대차 - 측면충돌,안전거리미확보,건조,맑음,단일로 - 기타,승용,남,40세,경상,이륜,남,26세,경상
2022012100100597,2022년 1월 21일 19시,금요일,인천광역시 부평구 부평동,경상사고,0,0,1,0,차대사람 - 기타,안전운전불이행,건조,기타,교차로 - 교차로안,승용,남,62세,기타불명,보행자,여,36세,경상
2022012100100598,2022년 1월 21일 19시,금요일,인천광역시 남동구 장수동,경상사고,0,0,5,0,차대차 - 측면충돌,안전운전불이행,건조,흐림,단일로 - 고가도로위,승용,남,29세,상해없음,승용,남,26세,경상
2022012100100631,2022년 1월 21일 20시,금요일,인천광역시 서구 가좌동,경상사고,0,0,1,0,차대차 - 추돌,안전운전불이행,젖음/습기,비,교차로 - 교차로부근,승용,남,44세,상해없음,승용,남,26세,경상
2022012100100681,2022년 1월 21일 21시,금요일,인천광역시 남동구 구월동,경상사고,0,0,1,0,차대차 - 기타,차로위반,건조,맑음,단일로 - 기타,이륜,남,41세,상해없음,이륜,남,40세,경상
2022012100100683,2022년 1월 21일 21시,금요일,인천광역시 연수구 송도동,경상사고,0,0,1,0,차대차 - 측면충돌,신호위반,건조,맑음,교차로 - 교차로안,이륜,남,44세,상해없음,승용,여,51세,경상
2022012200100008,2022년 1월 22일 00시,토요일,인천광역시 계양구 용종동,중상사고,0,1,1,0,차대차 - 기타,안전운전불이행,젖음/습기,맑음,단일로 - 기타,승용,남,39세,경상,승용,남,38세,중상
2022012200100040,2022년 1월 22일 06시,토요일,인천광역시 계양구 작전동,경상사고,0,0,3,0,차대차 - 정면충돌,신호위반,건조,맑음,교차로 - 교차로안,승용,여,55세,경상,화물,남,67세,경상
2022012200100041,2022년 1월 22일 06시,토요일,인천광역시 남동구 남촌동,경상사고,0,0,2,0,차대차 - 정면충돌,안전운전불이행,건조,맑음,단일로 - 기타,승용,남,64세,상해없음,승용,남,63세,경상
2022012200100066,2022년 1월 22일 08시,토요일,인천광역시 미추홀구 숭의동,중상사고,0,1,0,0,차대차 - 기타,안전운전불이행,건조,맑음,단일로 - 기타,승용,남,74세,상해없음,원동기,남,74세,중상
2022012200100116,2022년 1월 22일 10시,토요일,인천광역시 서구 가좌동,중상사고,0,1,5,0,차대차 - 추돌,안전운전불이행,건조,맑음,단일로 - 기타,승용,남,36세,상해없음,승용,남,48세,경상
2022012200100153,2022년 1월 22일 11시,토요일,인천광역시 강화군 선원면,경상사고,0,0,2,0,차대차 - 추돌,안전운전불이행,건조,흐림,교차로 - 교차로부근,승용,여,32세,상해없음,승용,남,33세,상해없음
2022012200100181,2022년 1월 22일 12시,토요일,인천광역시 서구 청라동,경상사고,0,0,1,0,차대차 - 기타,신호위반,건조,맑음,교차로 - 교차로안,승용,여,52세,상해없음,승용,남,31세,경상
2022012200100183,2022년 1월 22일 12시,토요일,인천광역시 계양구 임학동,경상사고,0,0,1,0,차대차 - 기타,안전운전불이행,건조,맑음,교차로 - 교차로안,승용,남,61세,상해없음,승용,여,51세,경상
2022012200100251,2022년 1월 22일 14시,토요일,인천광역시 서구 경서동,중상사고,0,1,0,0,차대차 - 측면충돌,신호위반,건조,맑음,단일로 - 기타,건설기계,남,49세,상해없음,이륜,남,51세,중상
2022012200100252,2022년 1월 22일 14시,토요일,인천광역시 서구 신현동,경상사고,0,0,1,0,차대차 - 기타,안전운전불이행,건조,맑음,기타 - 기타,승용,남,58세,상해없음,승용,남,38세,경상
2022012200100287,2022년 1월 22일 15시,토요일,인천광역시 부평구 청천동,경상사고,0,0,1,0,차대차 - 후진중충돌,안전운전불이행,건조,맑음,주차장 - 주차장,승용,남,53세,상해없음,승용,여,28세,경상
2022012200100338,2022년 1월 22일 17시,토요일,인천광역시 남동구 간석동,경상사고,0,0,1,0,차대차 - 추돌,안전거리미확보,건조,맑음,기타 - 기타,승용,남,45세,상해없음,승용,남,67세,경상