사고번호,사고일시,요일,시군구,사고내용,사망자수,중상자수,경상자수,부상신고자수,사고유형,법규위반,노면상태,기상상태,도로형태,가해운전자 차종,가해운전자 성별,가해운전자 연령,가해운전자 상해정도,피해운전자 차종,피해운전자 성별,피해운전자 연령,피해운전자 상해정도
2022012700100371,2022년 1월 27일 17시,목요일,인천광역시 중구 운서동,경상사고,0,0,1,0,차대차 - 측면충돌,안전운전불이행,건조,맑음,단일로 - 고가도로위,승용,남,19세,상해없음,승용,남,29세,경상
2022012700100419,2022년 1월 27일 18시,목요일,인천광역시 서구 공촌동,경상사고,0,0,2,0,차대차 - 측면충돌,신호위반,젖음/습기,맑음,교차로 - 교차로안,이륜,남,23세,경상,승용,여,38세,경상
2022012700100420,2022년 1월 27일 18시,목요일,인천광역시 서구 당하동,경상사고,0,0,1,0,차대차 - 측면충돌,신호위반,건조,흐림,교차로 - 교차로안,승용,남,75세,상해없음,승용,남,34세,경상
2022012700100421,2022년 1월 27일 18시,목요일,인천광역시 계양구 계산동,경상사고,0,0,2,0,차대차 - 추돌,안전운전불이행,건조,맑음,단일로 - 기타,승용,여,22세,상해없음,승용,여,57세,경상
2022012700100457,2022년 1월 27일 19시,목요일,인천광역시 강화군 길상면,경상사고,0,0,2,0,차대차 - 측면충돌,중앙선침범,건조,흐림,단일로 - 지하차도(도로)내,화물,남,67세,상해없음,승용,여,31세,경상
2022012700100488,2022년 1월 27일 20시,목요일,인천광역시 계양구 임학동,경상사고,0,0,1,0,차대사람 - 기타,안전운전불이행,건조,흐림,기타 - 기타,승용,남,59세,상해없음,보행자,여,39세,경상
2022012700100523,2022년 1월 27일 21시,목요일,인천광역시 남동구 구월동,중상사고,0,1,0,0,차대차 - 측면충돌,신호위반,건조,흐림,단일로 - 기타,승합,남,53세,기타불명,이륜,남,25세,중상
2022012700100524,2022년 1월 27일 21시,목요일,인천광역시 서구 신현동,경상사고,0,0,1,0,차대차 - 정면충돌,안전운전불이행,건조,맑음,교차로 - 교차로안,승용,남,62세,상해없음,승용,남,37세,경상
2022012700100525,2022년 1월 27일 21시,목요일,인천광역시 남동구 도림동,중상사고,0,1,0,0,차대차 - 측면충돌,안전운전불이행,건조,맑음,교차로 - 교차로부근,승용,남,29세,상해없음,승용,남,33세,중상
2022012700100554,2022년 1월 27일 23시,목요일,인천광역시 미추홀구 주안동,경상사고,0,0,1,0,차대사람 - 횡단중,신호위반,건조,맑음,단일로 - 기타,이륜,남,35세,상해없음,보행자,여,48세,경상
2022012700100555,2022년 1월 27일 23시,목요일,인천광역시 남동구 구월동,경상사고,0,0,1,0,차대차 - 측면충돌,불법유턴,건조,맑음,교차로 - 교차로안,이륜,여,52세,상해없음,이륜,남,30세,경상
2022012700100556,2022년 1월 27일 23시,목요일,인천광역시 서구 석남동,경상사고,0,0,1,0,차대차 - 추돌,안전운전불이행,건조,맑음,단일로 - 기타,승용,남,43세,상해없음,이륜,남,28세,경상
2022012800100010,2022년 1월 28일 01시,금요일,인천광역시 서구 청라동,중상사고,0,1,0,0,차대차 - 측면충돌,신호위반,젖음/습기,맑음,교차로 - 교차로횡단보도내,이륜,남,45세,상해없음,자전거,남,42세,중상
2022012800100011,2022년 1월 28일 01시,금요일,인천광역시 서구 석남동,경상사고,0,0,1,0,차대사람 - 횡단중,안전운전불이행,건조,맑음,교차로 - 교차로안,승용,남,61세,상해없음,보행자,남,62세,경상
2022012800100013,2022년 1월 28일 02시,금요일,인천광역시 서구 가좌동,경상사고,0,0,1,0,차대차 - 측면충돌,중앙선침범,건조,맑음,기타 - 기타,승용,남,18세,상해없음,승용,남,35세,경상
2022012800100019,2022년 1월 28일 05시,금요일,인천광역시 남동구 간석동,중상사고,0,1,0,0,차대사람 - 횡단중,안전운전불이행,건조,맑음,교차로 - 교차로안,승용,남,52세,상해없음,보행자,여,67세,중상
2022012800100020,2022년 1월 28일 05시,금요일,인천광역시 남동구 간석동,경상사고,0,0,2,0,차대차 - 측면충돌,중앙선침범,건조,맑음,단일로 - 기타,화물,남,35세,상해없음,승용,남,31세,경상
2022012800100044,2022년 1월 28일 07시,금요일,인천광역시 서구 원창동,경상사고,0,0,1,0,차대차 - 측면충돌,안전거리미확보,건조,맑음,단일로 - 기타,화물,남,48세,상해없음,승용,남,34세,경상
2022012800100097,2022년 1월 28일 09시,금요일,인천광역시 계양구 작전동,경상사고,0,0,1,0,차대차 - 측면충돌,안전거리미확보,젖음/습기,흐림,교차로 - 교차로부근,승합,남,58세,상해없음,승용,여,55세,경상
2022012800100129,2022년 1월 28일 10시,금요일,인천광역시 미추홀구 용현동,경상사고,0,0,1,0,차대차 - 추돌,안전거리미확보,건조,맑음,단일로 - 기타,화물,남,38세,상해없음,특수,남,53세,경상
2022012800100130,2022년 1월 28일 10시,금요일,인천광역시 남동구 구월동,경상사고,0,0,1,0,차대차 - 측면충돌,안전운전불이행,건조,맑음,단일로 - 기타,승용,남,71세,상해없음,승용,여,28세,경상
2022012800100131,2022년 1월 28일 10시,금요일,인천광역시 미추홀구 숭의동,경상사고,0,0,2,0,차대차 - 측면충돌,안전운전불이행,건조,맑음,교차로 - 교차로안,이륜,여,34세,경상,승용,남,57세,경상
2022012800100132,2022년 1월 28일 10시,금요일,인천광역시 연수구 청학동,중상사고,0,2,1,0,차대차 - 측면충돌,중앙선침범,건조,맑음,교차로 - 교차로부근,승용,남,20세,상해없음,승용,남,79세,중상
2022012800100133,2022년 1월 28일 10시,금요일,인천광역시 부평구 부개동,경상사고,0,0,1,0,차대차 - 추돌,안전운전불이행,건조,맑음,단일로 - 기타,승용,남,27세,상해없음,승용,여,38세,경상
2022012800100134,2022년 1월 28일 10시,금요일,인천광역시 남동구 만수동,중상사고,0,1,0,0,차대사람 - 차도통행중,안전운전불이행,건조,맑음,단일로 - 기타,승용,여,37세,상해없음,보행자,여,67세,중상
2022012800100291,2022년 1월 28일 14시,금요일,인천광역시 동구 금곡동,중상사고,0,2,2,0,차대차 - 추돌,안전운전불이행,건조,맑음,단일로 - 지하차도(도로)내,승용,남,69세,상해없음,승용,남,65세,중상
2022012800100293,2022년 1월 28일 14시,금요일,인천광역시 서구 원창동,경상사고,0,0,1,0,차대차 - 기타,안전운전불이행,건조,맑음,교차로 - 교차로부근,건설기계,남,51세,상해없음,승용,남,39세,경상
2022012800100379,2022년 1월 28일 16시,금요일,인천광역시 연수구 송도동,경상사고,0,0,1,0,차대차 - 측면충돌,교차로운행방법위반,건조,맑음,교차로 - 교차로안,승합,남,53세,상해없음,승용,여,32세,경상
2022012800100415,2022년 1월 28일 17시,금요일,인천광역시 서구 마전동,경상사고,0,0,1,0,차대차 - 추돌,신호위반,건조,맑음,교차로 - 교차로안,승용,여,69세,상해없음,이륜,남,34세,경상
2022012800100416,2022년 1월 28일 17시,금요일,인천광역시 서구 가좌동,경상사고,0,0,1,0,차대차 - 기타,교차로운행방법위반,건조,맑음,교차로 - 교차로안,승용,남,35세,기타불명,승용,남,29세,경상
2022012800100486,2022년 1월 28일 18시,금요일,인천광역시 미추홀구 용현동,경상사고,0,0,1,0,차대차 - 추돌,안전거리미확보,건조,맑음,교차로 - 교차로부근,승합,남,52세,상해없음,승합,남,51세,상해없음
2022012800100487,2022년 1월 28일 18시,금요일,인천광역시 서구 마전동,경상사고,0,0,1,0,차대차 - 기타,안전운전불이행,해빙,맑음,교차로 - 교차로부근,승합,남,53세,상해없음,이륜,남,17세,경상
2022012800100488,2022년 1월 28일 18시,금요일,인천광역시 서구 마전동,중상사고,0,1,0,0,차대사람 - 기타,안전운전불이행,건조,맑음,단일로 - 기타,승용,남,27세,상해없음,보행자,남,57세,중상
2022012800100489,2022년 1월 28일 18시,금요일,인천광역시 남동구 장수동,경상사고,0,0,1,0,차대차 - 측면충돌,신호위반,건조,맑음,교차로 - 교차로안,승용,남,73세,상해없음,승용,남,50세,경상
2022012800100536,2022년 1월 28일 19시,금요일,인천광역시 미추홀구 용현동,경상사고,0,0,2,0,차대차 - 추돌,안전거리미확보,건조,맑음,단일로 - 기타,승용,남,64세,상해없음,승용,남,31세,경상
2022012800100537,2022년 1월 28일 19시,금요일,인천광역시 부평구 십정동,경상사고,0,0,2,0,차대차 - 후진중충돌,안전운전불이행,건조,맑음,교차로 - 교차로안,승용,남,64세,상해없음,승용,남,34세,경상
2022012800100560,2022년 1월 28일 20시,금요일,인천광역시 미추홀구 주안동,경상사고,0,0,1,0,차대차 - 측면충돌,중앙선침범,건조,맑음,단일로 - 기타,승용,남,35세,상해없음,이륜,남,32세,경상
2022012800100561,2022년 1월 28일 20시,금요일,인천광역시 미추홀구 용현동,중상사고,0,1,0,0,차대사람 - 차도통행중,안전운전불이행,건조,맑음,단일로 - 터널,승용,남,27세,상해없음,보행자,남,28세,중상
2022012800100562,2022년 1월 28일 20시,금요일,인천광역시 미추홀구 주안동,경상사고,0,0,1,0,차대차 - 정면충돌,중앙선침범,건조,맑음,단일로 - 기타,승용,남,73세,상해없음,승용,남,38세,경상
2022012800100563,2022년 1월 28일 20시,금요일,인천광역시 계양구 임학동,경상사고,0,0,3,0,차대차 - 정면충돌,중앙선침범,건조,맑음,교차로 - 교차로부근,승용,남,27세,상해없음,이륜,남,26세,경상
2022012800100564,2022년 1월 28일 20시,금요일,인천광역시 계양구 계산동,경상사고,0,0,1,0,차대차 - 측면충돌,교차로운행방법위반,건조,맑음,교차로 - 교차로안,승합,남,57세,상해없음,승용,여,52세,경상
2022012800100606,2022년 1월 28일 21시,금요일,인천광역시 남동구 구월동,경상사고,0,0,1,0,차대차 - 기타,안전거리미확보,건조,맑음,단일로 - 기타,승용,여,48세,상해없음,이륜,남,52세,경상
2022012800100607,2022년 1월 28일 21시,금요일,인천광역시 서구 마전동,경상사고,0,0,1,0,차대차 - 추돌,안전운전불이행,건조,맑음,교차로 - 교차로부근,승용,남,55세,상해없음,화물,남,51세,경상
2022012800100608,2022년 1월 28일 21시,금요일,인천광역시 서구 심곡동,중상사고,0,1,0,0,차대차 - 추돌,안전운전불이행,건조,맑음,단일로 - 기타,승용,남,30세,상해없음,화물,남,26세,중상
2022012800100638,2022년 1월 28일 22시,금요일,인천광역시 미추홀구 용현동,경상사고,0,0,1,0,차대차 - 정면충돌,중앙선침범,건조,맑음,교차로 - 교차로안,승용,남,19세,상해없음,원동기,남,31세,경상
2022012800100642,2022년 1월 28일 23시,금요일,인천광역시 부평구 부평동,경상사고,0,0,1,0,차대차 - 측면충돌,안전운전불이행,건조,맑음,교차로 - 교차로부근,이륜,남,49세,상해없음,승용,남,59세,경상
2022012800100643,2022년 1월 28일 23시,금요일,인천광역시 부평구 일신동,경상사고,0,0,1,0,차대차 - 측면충돌,안전운전불이행,건조,맑음,단일로 - 기타,화물,남,49세,상해없음,승용,남,29세,경상
2022012900100021,2022년 1월 29일 03시,토요일,인천광역시 중구 항동7가,경상사고,0,0,1,0,차대차 - 측면충돌,교차로운행방법위반,건조,맑음,교차로 - 교차로안,화물,남,57세,상해없음,승용,남,57세,경상
2022012900100055,2022년 1월 29일 08시,토요일,인천광역시 부평구 부평동,경상사고,0,0,1,0,차대사람 - 차도통행중,안전운전불이행,건조,맑음,단일로 - 기타,승용,여,54세,상해없음,보행자,남,64세,경상
2022012900100069,2022년 1월 29일 09시,토요일,인천광역시 서구 석남동,경상사고,0,0,1,0,차대차 - 후진중충돌,안전운전불이행,건조,맑음,주차장 - 주차장,화물,남,37세,상해없음,승용,남,25세,상해없음
2022012900100126,2022년 1월 29일 11시,토요일,인천광역시 강화군 하점면,사망사고,1,0,0,0,차대차 - 측면충돌,교차로운행방법위반,건조,맑음,교차로 - 교차로안,승용,남,65세,상해없음,이륜,남,61세,사망
2022012900100157,2022년 1월 29일 12시,토요일,인천광역시 남동구 장수동,경상사고,0,0,1,0,차대차 - 추돌,안전운전불이행,건조,맑음,기타 - 기타,승용,여,43세,상해없음,승용,남,42세,경상
2022012900100193,2022년 1월 29일 13시,토요일,인천광역시 서구 석남동,경상사고,0,0,1,0,차대차 - 추돌,안전운전불이행,건조,맑음,단일로 - 기타,승용,남,54세,상해없음,화물,남,59세,경상
2022012900100219,2022년 1월 29일 14시,토요일,인천광역시 연수구 연수동,중상사고,0,1,0,0,차대차 - 측면충돌,교차로운행방법위반,건조,맑음,교차로 - 교차로안,승용,남,31세,상해없음,이륜,남,64세,중상
2022012900100251,2022년 1월 29일 15시,토요일,인천광역시 중구 항동7가,경상사고,0,0,1,0,차대차 - 측면충돌,기타,건조,맑음,교차로 - 교차로안,화물,남,52세,상해없음,승용,남,49세,상해없음
2022012900100252,2022년 1월 29일 15시,토요일,인천광역시 남동구 구월동,경상사고,0,0,1,0,차대사람 - 기타,안전운전불이행,건조,맑음,교차로 - 교차로부근,승용,여,42세,기타불명,보행자,여,58세,경상
2022012900100324,2022년 1월 29일 17시,토요일,인천광역시 서구 석남동,경상사고,0,0,2,0,차대차 - 기타,신호위반,건조,맑음,교차로 - 교차로안,승용,남,34세,경상,승용,남,49세,경상
2022012900100325,2022년 1월 29일 17시,토요일,인천광역시 서구 가정동,경상사고,0,0,1,0,차대차 - 측면충돌,안전운전불이행,건조,맑음,단일로 - 기타,승용,남,69세,상해없음,승용,남,32세,경상
2022012900100345,2022년 1월 29일 18시,토요일,인천광역시 미추홀구 주안동,부상신고사고,0,0,0,1,차대차 - 기타,안전거리미확보,건조,맑음,교차로 - 교차로안,기타불명,기타불명,미분류,기타불명,이륜,남,53세,부상신고
2022012900100346,2022년 1월 29일 18시,토요일,인천광역시 부평구 부평동,경상사고,0,0,1,0,차대차 - 기타,안전운전불이행,건조,맑음,교차로 - 교차로안,승용,남,45세,상해없음,승용,남,25세,경상
2022012900100347,2022년 1월 29일 18시,토요일,인천광역시 부평구 구산동,경상사고,0,0,1,0,차대차 - 추돌,기타,건조,맑음,단일로 - 기타,승용,남,29세,상해없음,승용,여,49세,경상
2022012900100373,2022년 1월 29일 19시,토요일,인천광역시 미추홀구 숭의동,중상사고,0,1,0,0,차대차 - 측면충돌,교차로운행방법위반,기타,맑음,교차로 - 교차로안,승용,남,67세,상해없음,승용,남,31세,중상
2022012900100374,2022년 1월 29일 19시,토요일,인천광역시 남동구 구월동,경상사고,0,0,3,0,차대차 - 기타,차로위반,건조,맑음,단일로 - 기타,승용,남,60세,경상,승용,여,38세,경상
2022012900100400,2022년 1월 29일 20시,토요일,인천광역시 연수구 선학동,중상사고,0,1,1,0,차대차 - 측면충돌,교차로운행방법위반,건조,맑음,교차로 - 교차로안,승용,남,51세,경상,이륜,남,42세,중상
2022012900100433,2022년 1월 29일 21시,토요일,인천광역시 서구 가좌동,경상사고,0,0,3,0,차대차 - 기타,안전운전불이행,건조,맑음,기타 - 기타,승용,여,24세,상해없음,승용,여,47세,경상
2022012900100434,2022년 1월 29일 21시,토요일,인천광역시 남동구 논현동,부상신고사고,0,0,0,1,차대사람 - 차도통행중,안전운전불이행,건조,맑음,교차로 - 교차로부근,승용,남,42세,상해없음,보행자,남,38세,부상신고
2022012900100458,2022년 1월 29일 22시,토요일,인천광역시 연수구 연수동,중상사고,0,1,2,0,차대차 - 측면충돌,신호위반,건조,맑음,교차로 - 교차로안,승용,남,25세,상해없음,승용,남,42세,중상
2022012900100470,2022년 1월 29일 23시,토요일,인천광역시 미추홀구 주안동,중상사고,0,1,0,0,차대차 - 추돌,안전운전불이행,건조,맑음,단일로 - 지하차도(도로)내,승용,남,57세,상해없음,승용,남,68세,중상
2022012900100471,2022년 1월 29일 23시,토요일,인천광역시 서구 원창동,경상사고,0,0,1,0,차대차 - 측면충돌,신호위반,건조,맑음,교차로 - 교차로안,이륜,남,16세,상해없음,승용,남,57세,경상
2022013000100009,2022년 1월 30일 00시,일요일,인천광역시 서구 석남동,경상사고,0,0,1,0,차대사람 - 횡단중,안전운전불이행,건조,맑음,교차로 - 교차로부근,개인형이동수단(PM),남,24세,상해없음,보행자,남,37세,경상
2022013000100019,2022년 1월 30일 02시,일요일,인천광역시 남동구 간석동,경상사고,0,0,2,0,차대차 - 기타,신호위반,젖음/습기,맑음,교차로 - 교차로안,이륜,남,36세,경상,승용,남,30세,상해없음
2022013000100104,2022년 1월 30일 12시,일요일,인천광역시 서구 연희동,경상사고,0,0,2,0,차대차 - 추돌,안전운전불이행,건조,맑음,교차로 - 교차로부근,화물,남,46세,상해없음,승합,남,57세,경상
2022013000100105,2022년 1월 30일 12시,일요일,인천광역시 남동구 장수동,경상사고,0,0,1,0,차대차 - 추돌,안전거리미확보,건조,맑음,단일로 - 기타,승용,여,39세,상해없음,승용,남,51세,경상
2022013000100130,2022년 1월 30일 13시,일요일,인천광역시 남동구 도림동,경상사고,0,0,2,0,차대차 - 측면충돌,안전운전불이행,건조,맑음,단일로 - 지하차도(도로)내,승용,남,57세,상해없음,승용,여,31세,경상
2022013000100190,2022년 1월 30일 15시,일요일,인천광역시 부평구 부평동,경상사고,0,0,2,0,차대차 - 측면충돌,안전운전불이행,건조,맑음,기타 - 기타,승용,남,30세,상해없음,승용,남,40세,경상
2022013000100191,2022년 1월 30일 15시,일요일,인천광역시 남동구 구월동,경상사고,0,0,3,0,차대차 - 측면충돌,교차로운행방법위반,건조,맑음,교차로 - 교차로부근,승용,남,29세,상해없음,승용,남,27세,경상
2022013000100192,2022년 1월 30일 15시,일요일,인천광역시 부평구 부평동,중상사고,0,1,0,0,차대사람 - 기타,안전운전불이행,건조,맑음,단일로 - 기타,승합,남,58세,상해없음,보행자,여,76세,중상
2022013000100193,2022년 1월 30일 15시,일요일,인천광역시 남동구 도림동,경상사고,0,0,2,0,차대차 - 측면충돌,신호위반,건조,맑음,단일로 - 지하차도(도로)내,승용,여,27세,상해없음,승용,남,23세,경상
2022013000100218,2022년 1월 30일 16시,일요일,인천광역시 부평구 구산동,경상사고,0,0,1,0,차대차 - 추돌,안전거리미확보,건조,맑음,단일로 - 교량,승용,여,42세,상해없음,승용,여,38세,경상
2022013000100244,2022년 1월 30일 17시,일요일,인천광역시 서구 청라동,경상사고,0,0,5,0,차대차 - 기타,신호위반,건조,맑음,교차로 - 교차로안,이륜,남,19세,상해없음,승용,남,68세,경상
2022013000100245,2022년 1월 30일 17시,일요일,인천광역시 계양구 계산동,경상사고,0,0,2,0,차대차 - 측면충돌,차로위반,건조,맑음,교차로 - 교차로부근,승용,남,52세,경상,승용,남,53세,경상
2022013000100266,2022년 1월 30일 18시,일요일,인천광역시 남동구 만수동,경상사고,0,0,2,0,차대차 - 기타,차로위반,건조,맑음,기타 - 기타,승용,남,64세,상해없음,이륜,남,17세,경상
2022013000100267,2022년 1월 30일 18시,일요일,인천광역시 남동구 간석동,경상사고,0,0,1,0,차대차 - 정면충돌,안전운전불이행,건조,맑음,교차로 - 교차로안,승용,여,39세,기타불명,이륜,남,37세,경상
2022013000100351,2022년 1월 30일 21시,일요일,인천광역시 부평구 십정동,경상사고,0,0,2,0,차대차 - 추돌,안전운전불이행,건조,맑음,단일로 - 기타,승용,남,59세,상해없음,승용,남,67세,경상
2022013100100006,2022년 1월 31일 00시,월요일,인천광역시 서구 가좌동,경상사고,0,0,2,0,차대차 - 기타,신호위반,건조,맑음,교차로 - 교차로안,이륜,남,25세,상해없음,승용,남,23세,경상
2022013100100022,2022년 1월 31일 05시,월요일,인천광역시 강화군 길상면,경상사고,0,0,1,0,차대차 - 측면충돌,신호위반,건조,맑음,교차로 - 교차로안,승용,남,29세,상해없음,승용,남,34세,경상
2022013100100037,2022년 1월 31일 08시,월요일,인천광역시 중구 송학동3가,중상사고,0,1,0,0,차대사람 - 차도통행중,안전운전불이행,건조,맑음,단일로 - 기타,승용,남,28세,상해없음,보행자,남,77세,중상
2022013100100112,2022년 1월 31일 13시,월요일,인천광역시 서구 금곡동,중상사고,0,1,0,0,차대차 - 기타,안전운전불이행,건조,맑음,교차로 - 교차로부근,승용,여,36세,상해없음,승용,여,36세,중상
2022013100100212,2022년 1월 31일 17시,월요일,인천광역시 서구 신현동,경상사고,0,0,1,0,차대차 - 추돌,안전운전불이행,건조,맑음,교차로 - 교차로부근,승용,남,32세,상해없음,승용,남,31세,상해없음
2022013100100231,2022년 1월 31일 18시,월요일,인천광역시 미추홀구 용현동,경상사고,0,0,2,0,차대차 - 추돌,안전운전불이행,건조,맑음,단일로 - 기타,승용,남,48세,상해없음,승용,남,60세,경상
2022013100100278,2022년 1월 31일 20시,월요일,인천광역시 미추홀구 주안동,경상사고,0,0,1,0,차대차 - 정면충돌,안전운전불이행,서리/결빙,눈,단일로 - 기타,승용,여,40세,상해없음,이륜,남,45세,경상
2022013100100279,2022년 1월 31일 20시,월요일,인천광역시 서구 마전동,경상사고,0,0,1,0,차대차 - 추돌,안전운전불이행,젖음/습기,눈,기타 - 기타,승용,남,27세,상해없음,화물,남,50세,상해없음
2022013100100280,2022년 1월 31일 20시,월요일,인천광역시 서구 백석동,경상사고,0,0,1,0,차대차 - 추돌,안전운전불이행,젖음/습기,눈,단일로 - 교량,이륜,남,50세,상해없음,승용,남,27세,경상
2022013100100310,2022년 1월 31일 21시,월요일,인천광역시 미추홀구 주안동,경상사고,0,0,4,0,차대차 - 추돌,안전운전불이행,젖음/습기,눈,교차로 - 교차로부근,승용,남,55세,상해없음,승용,남,29세,경상
2022013100100311,2022년 1월 31일 21시,월요일,인천광역시 강화군 길상면,경상사고,0,0,1,0,차대차 - 측면충돌,중앙선침범,적설,눈,단일로 - 지하차도(도로)내,화물,여,55세,상해없음,승용,남,30세,경상
2022013100100325,2022년 1월 31일 22시,월요일,인천광역시 중구 북성동1가,중상사고,0,2,0,0,차대차 - 정면충돌,중앙선침범,서리/결빙,눈,교차로 - 교차로안,승용,남,22세,상해없음,화물,남,49세,중상
2022013100100326,2022년 1월 31일 22시,월요일,인천광역시 계양구 효성동,경상사고,0,0,1,0,차대차 - 기타,안전운전불이행,젖음/습기,눈,단일로 - 기타,승용,남,27세,상해없음,화물,남,48세,경상
2022013100100333,2022년 1월 31일 23시,월요일,인천광역시 부평구 부평동,사망사고,1,0,0,0,차대사람 - 횡단중,안전운전불이행,젖음/습기,눈,단일로 - 기타,승합,남,57세,상해없음,보행자,남,47세,사망
2022020100100068,2022년 2월 1일 11시,화요일,인천광역시 서구 석남동,경상사고,0,0,1,0,차대차 - 기타,교차로운행방법위반,건조,맑음,교차로 - 교차로안,승용,남,68세,경상,승용,남,40세,상해없음
2022020100100104,2022년 2월 1일 13시,화요일,인천광역시 미추홀구 주안동,경상사고,0,0,1,0,차대차 - 기타,안전운전불이행,건조,맑음,교차로 - 교차로안,승용,여,56세,상해없음,승용,남,26세,경상
2022020100100119,2022년 2월 1일 14시,화요일,인천광역시 남동구 만수동,경상사고,0,0,4,0,차대차 - 측면충돌,안전운전불이행,서리/결빙,맑음,단일로 - 기타,승용,남,60세,상해없음,승용,남,43세,경상
2022020100100135,2022년 2월 1일 15시,화요일,인천광역시 서구 가좌동,중상사고,0,1,3,0,차대차 - 추돌,안전운전불이행,건조,맑음,교차로 - 교차로부근,승용,남,65세,상해없음,승용,남,27세,경상
2022020100100167,2022년 2월 1일 17시,화요일,인천광역시 서구 가좌동,중상사고,0,1,6,0,차대차 - 기타,안전운전불이행,건조,맑음,단일로 - 기타,승용,남,46세,상해없음,승용,남,37세,경상
2022020100100210,2022년 2월 1일 20시,화요일,인천광역시 계양구 계산동,중상사고,0,1,0,0,차량단독 - 기타,안전운전불이행,건조,맑음,교차로 - 교차로안,승합,남,55세,상해없음,,,,
2022020100100211,2022년 2월 1일 20시,화요일,인천광역시 연수구 옥련동,중상사고,0,1,3,0,차대차 - 측면충돌,안전운전불이행,건조,맑음,교차로 - 교차로부근,승용,남,30세,상해없음,승용,남,32세,경상
2022020200100007,2022년 2월 2일 00시,수요일,인천광역시 남동구 구월동,경상사고,0,0,4,0,차대차 - 추돌,안전운전불이행,서리/결빙,맑음,단일로 - 기타,승용,여,26세,상해없음,승용,남,67세,경상
2022020200100017,2022년 2월 2일 02시,수요일,인천광역시 계양구 용종동,부상신고사고,0,0,0,2,차대차 - 기타,안전운전불이행,건조,맑음,단일로 - 교량,승용,여,53세,상해없음,승용,남,21세,부상신고
2022020200100021,2022년 2월 2일 04시,수요일,인천광역시 남동구 간석동,경상사고,0,0,1,0,차대차 - 기타,신호위반,건조,맑음,교차로 - 교차로안,승용,남,24세,상해없음,승용,남,41세,경상
2022020200100022,2022년 2월 2일 04시,수요일,인천광역시 서구 가좌동,경상사고,0,0,1,0,차대차 - 추돌,안전운전불이행,건조,맑음,교차로 - 교차로부근,이륜,남,38세,상해없음,승용,남,56세,경상
2022020200100026,2022년 2월 2일 05시,수요일,인천광역시 계양구 귤현동,경상사고,0,0,2,0,차대차 - 측면충돌,안전운전불이행,건조,흐림,단일로 - 교량,승용,남,17세,상해없음,승용,남,60세,경상
2022020200100040,2022년 2월 2일 09시,수요일,인천광역시 남동구 간석동,경상사고,0,0,1,0,차대차 - 추돌,차로위반,건조,맑음,교차로 - 교차로부근,승용,여,60세,상해없음,승용,남,49세,경상
2022020200100102,2022년 2월 2일 13시,수요일,인천광역시 계양구 임학동,경상사고,0,0,2,0,차대차 - 기타,안전운전불이행,건조,기타,단일로 - 기타,승용,여,30세,상해없음,승용,남,31세,경상
2022020200100103,2022년 2월 2일 13시,수요일,인천광역시 부평구 부평동,경상사고,0,0,1,0,차대차 - 측면충돌,안전운전불이행,건조,맑음,단일로 - 기타,화물,남,57세,상해없음,승용,여,26세,경상
2022020200100174,2022년 2월 2일 16시,수요일,인천광역시 중구 운남동,경상사고,0,0,2,0,차대차 - 추돌,기타,건조,맑음,단일로 - 기타,승용,여,26세,상해없음,승용,남,58세,상해없음
2022020200100175,2022년 2월 2일 16시,수요일,인천광역시 강화군 교동면,중상사고,0,3,0,0,차대차 - 추돌,안전운전불이행,건조,맑음,단일로 - 지하차도(도로)내,화물,남,56세,상해없음,승용,남,54세,중상
2022020200100221,2022년 2월 2일 18시,수요일,인천광역시 남동구 구월동,경상사고,0,0,1,0,차대차 - 기타,안전운전불이행,건조,맑음,교차로 - 교차로부근,기타불명,기타불명,미분류,기타불명,이륜,남,38세,경상
2022020200100222,2022년 2월 2일 18시,수요일,인천광역시 강화군 양도면,중상사고,0,1,1,0,차대차 - 측면충돌,안전운전불이행,건조,맑음,교차로 - 교차로안,승용,여,53세,경상,승용,여,55세,중상
2022020200100270,2022년 2월 2일 20시,수요일,인천광역시 미추홀구 용현동,중상사고,0,1,0,0,차대사람 - 기타,신호위반,건조,맑음,교차로 - 교차로횡단보도내,이륜,남,28세,상해없음,보행자,여,62세,중상
2022020200100271,2022년 2월 2일 20시,수요일,인천광역시 남동구 구월동,사망사고,1,0,0,0,차대사람 - 차도통행중,안전운전불이행,건조,맑음,단일로 - 기타,승용,남,29세,기타불명,보행자,여,71세,사망
2022020200100272,2022년 2월 2일 20시,수요일,인천광역시 서구 심곡동,중상사고,0,1,0,0,차대차 - 정면충돌,신호위반,건조,맑음,교차로 - 교차로안,이륜,남,40세,상해없음,이륜,남,37세,중상
2022020300100034,2022년 2월 3일 07시,목요일,인천광역시 중구 운서동,경상사고,0,0,1,0,차대차 - 측면충돌,안전운전불이행,건조,맑음,교차로 - 교차로안,승용,남,24세,상해없음,승용,남,42세,경상
2022020300100182,2022년 2월 3일 12시,목요일,인천광역시 연수구 선학동,경상사고,0,0,1,0,차대차 - 측면충돌,안전운전불이행,건조,맑음,교차로 - 교차로횡단보도내,승용,남,61세,상해없음,승용,남,43세,경상
2022020300100211,2022년 2월 3일 13시,목요일,인천광역시 계양구 작전동,경상사고,0,0,1,0,차대사람 - 횡단중,보행자보호의무위반,건조,맑음,교차로 - 교차로횡단보도내,승용,남,43세,상해없음,보행자,여,80세,경상