사고번호,사고일시,요일,시군구,사고내용,사망자수,중상자수,경상자수,부상신고자수,사고유형,법규위반,노면상태,기상상태,도로형태,가해운전자 차종,가해운전자 성별,가해운전자 연령,가해운전자 상해정도,피해운전자 차종,피해운전자 성별,피해운전자 연령,피해운전자 상해정도
2022020300100212,2022년 2월 3일 13시,목요일,인천광역시 계양구 박촌동,경상사고,0,0,1,0,차대차 - 기타,안전운전불이행,건조,맑음,교차로 - 교차로안,승용,남,44세,상해없음,승합,남,57세,경상
2022020300100237,2022년 2월 3일 14시,목요일,인천광역시 남동구 만수동,경상사고,0,0,2,0,차대차 - 측면충돌,안전운전불이행,건조,맑음,교차로 - 교차로안,승용,여,33세,상해없음,화물,남,27세,경상
2022020300100273,2022년 2월 3일 15시,목요일,인천광역시 부평구 부평동,경상사고,0,0,1,0,차대차 - 측면충돌,안전운전불이행,건조,맑음,단일로 - 기타,승합,남,63세,상해없음,승용,남,37세,경상
2022020300100323,2022년 2월 3일 17시,목요일,인천광역시 미추홀구 용현동,경상사고,0,0,1,0,차대사람 - 기타,안전운전불이행,기타,기타,단일로 - 기타,승용,남,39세,상해없음,보행자,여,81세,경상
2022020300100324,2022년 2월 3일 17시,목요일,인천광역시 부평구 산곡동,경상사고,0,0,1,0,차대차 - 측면충돌,안전운전불이행,건조,맑음,교차로 - 교차로부근,화물,남,53세,상해없음,승용,여,27세,경상
2022020300100358,2022년 2월 3일 18시,목요일,인천광역시 부평구 십정동,중상사고,0,1,0,0,차량단독 - 기타,안전운전불이행,건조,맑음,교차로 - 교차로부근,승용,남,62세,상해없음,,,,
2022020300100432,2022년 2월 3일 21시,목요일,인천광역시 남동구 간석동,중상사고,0,1,0,0,차대차 - 측면충돌,차로위반,젖음/습기,흐림,단일로 - 기타,승용,남,61세,상해없음,이륜,남,47세,중상
2022020300100433,2022년 2월 3일 21시,목요일,인천광역시 계양구 계산동,경상사고,0,0,1,0,차대차 - 기타,차로위반,건조,맑음,단일로 - 기타,승합,남,61세,상해없음,이륜,남,35세,경상
2022020400100020,2022년 2월 4일 05시,금요일,인천광역시 남동구 만수동,중상사고,0,1,0,0,차대사람 - 횡단중,신호위반,건조,맑음,단일로 - 기타,승용,여,59세,상해없음,보행자,남,61세,중상
2022020400100027,2022년 2월 4일 06시,금요일,인천광역시 부평구 삼산동,경상사고,0,0,1,0,차대차 - 측면충돌,안전거리미확보,건조,맑음,교차로 - 교차로안,승용,남,40세,상해없음,승용,남,43세,경상
2022020400100046,2022년 2월 4일 07시,금요일,인천광역시 서구 오류동,경상사고,0,0,1,0,차대차 - 측면충돌,안전운전불이행,건조,맑음,교차로 - 교차로안,승용,여,49세,상해없음,자전거,남,27세,경상
2022020400100047,2022년 2월 4일 07시,금요일,인천광역시 서구 경서동,경상사고,0,0,1,0,차대차 - 측면충돌,안전운전불이행,건조,맑음,단일로 - 기타,화물,남,54세,상해없음,승용,여,61세,경상
2022020400100048,2022년 2월 4일 07시,금요일,인천광역시 남동구 논현동,경상사고,0,0,1,0,차대차 - 측면충돌,안전거리미확보,건조,맑음,단일로 - 지하차도(도로)내,승용,남,34세,상해없음,승용,남,38세,경상
2022020400100067,2022년 2월 4일 08시,금요일,인천광역시 남동구 간석동,경상사고,0,0,2,0,차대차 - 측면충돌,안전운전불이행,건조,맑음,교차로 - 교차로안,승용,남,29세,경상,건설기계,남,51세,경상
2022020400100094,2022년 2월 4일 09시,금요일,인천광역시 서구 마전동,경상사고,0,0,1,0,차대차 - 추돌,차로위반,건조,맑음,교차로 - 교차로부근,화물,여,43세,상해없음,화물,남,38세,경상
2022020400100095,2022년 2월 4일 09시,금요일,인천광역시 연수구 송도동,경상사고,0,0,1,0,차대차 - 추돌,안전운전불이행,건조,맑음,교차로 - 교차로부근,승용,남,26세,상해없음,승용,남,29세,경상
2022020400100157,2022년 2월 4일 11시,금요일,인천광역시 서구 가좌동,경상사고,0,0,1,0,차대사람 - 횡단중,신호위반,건조,맑음,교차로 - 교차로안,화물,남,51세,상해없음,보행자,여,56세,경상
2022020400100158,2022년 2월 4일 11시,금요일,인천광역시 서구 마전동,경상사고,0,0,1,0,차대차 - 기타,안전운전불이행,건조,맑음,기타 - 기타,승용,남,75세,상해없음,승용,여,52세,경상
2022020400100159,2022년 2월 4일 11시,금요일,인천광역시 연수구 선학동,경상사고,0,0,1,0,차대사람 - 횡단중,신호위반,건조,맑음,교차로 - 교차로횡단보도내,승용,여,62세,상해없음,보행자,남,8세,경상
2022020400100207,2022년 2월 4일 13시,금요일,인천광역시 계양구 작전동,사망사고,1,0,0,0,차대사람 - 횡단중,보행자보호의무위반,건조,맑음,교차로 - 교차로부근,화물,남,62세,상해없음,보행자,남,86세,사망
2022020400100292,2022년 2월 4일 16시,금요일,인천광역시 미추홀구 주안동,중상사고,0,1,0,0,차대사람 - 기타,안전운전불이행,건조,맑음,단일로 - 기타,화물,남,58세,상해없음,보행자,여,9세,중상
2022020400100293,2022년 2월 4일 16시,금요일,인천광역시 계양구 동양동,중상사고,0,1,0,0,차대차 - 측면충돌,안전거리미확보,건조,맑음,단일로 - 기타,승용,여,39세,상해없음,화물,남,55세,중상
2022020400100374,2022년 2월 4일 18시,금요일,인천광역시 남동구 간석동,중상사고,0,1,0,0,차대차 - 측면충돌,안전운전불이행,젖음/습기,맑음,교차로 - 교차로안,승용,남,41세,상해없음,이륜,남,54세,중상
2022020400100375,2022년 2월 4일 18시,금요일,인천광역시 서구 석남동,경상사고,0,0,1,0,차대사람 - 횡단중,안전운전불이행,건조,맑음,단일로 - 기타,이륜,남,18세,상해없음,보행자,여,31세,경상
2022020400100406,2022년 2월 4일 19시,금요일,인천광역시 계양구 작전동,경상사고,0,0,1,0,차대사람 - 기타,안전운전불이행,건조,맑음,주차장 - 주차장,승용,남,63세,상해없음,보행자,여,44세,경상
2022020500100017,2022년 2월 5일 01시,토요일,인천광역시 부평구 산곡동,중상사고,0,1,1,0,차대차 - 추돌,안전운전불이행,건조,맑음,단일로 - 기타,화물,남,44세,상해없음,승용,남,69세,중상
2022020500100022,2022년 2월 5일 02시,토요일,인천광역시 부평구 부평동,경상사고,0,0,1,0,차대차 - 후진중충돌,안전운전불이행,건조,맑음,단일로 - 기타,승용,남,19세,상해없음,승용,남,61세,경상
2022020500100026,2022년 2월 5일 05시,토요일,인천광역시 미추홀구 용현동,중상사고,0,1,0,0,차대차 - 추돌,안전운전불이행,건조,맑음,교차로 - 교차로부근,승용,남,24세,상해없음,승용,남,43세,상해없음
2022020500100027,2022년 2월 5일 05시,토요일,인천광역시 계양구 장기동,중상사고,0,3,0,0,차대차 - 측면충돌,기타,건조,맑음,교차로 - 교차로부근,승용,여,51세,중상,승용,남,68세,중상
2022020500100031,2022년 2월 5일 06시,토요일,인천광역시 미추홀구 용현동,경상사고,0,0,1,0,차대차 - 측면충돌,신호위반,건조,맑음,단일로 - 기타,건설기계,남,53세,상해없음,승용,남,26세,경상
2022020500100058,2022년 2월 5일 09시,토요일,인천광역시 남동구 구월동,경상사고,0,0,1,0,차대차 - 측면충돌,안전거리미확보,건조,맑음,교차로 - 교차로부근,승용,남,50세,상해없음,승합,남,58세,상해없음
2022020500100059,2022년 2월 5일 09시,토요일,인천광역시 서구 검암동,경상사고,0,0,1,0,차대차 - 추돌,안전운전불이행,건조,맑음,교차로 - 교차로부근,승용,남,49세,상해없음,승용,남,26세,경상
2022020500100070,2022년 2월 5일 10시,토요일,인천광역시 서구 가정동,경상사고,0,0,1,0,차대차 - 기타,안전거리미확보,건조,맑음,기타 - 기타,승용,남,50세,상해없음,화물,남,51세,경상
2022020500100071,2022년 2월 5일 10시,토요일,인천광역시 부평구 부개동,부상신고사고,0,0,0,1,차대사람 - 기타,안전운전불이행,건조,맑음,교차로 - 교차로부근,화물,남,63세,상해없음,보행자,여,86세,부상신고
2022020500100096,2022년 2월 5일 11시,토요일,인천광역시 남동구 구월동,경상사고,0,0,1,0,차대사람 - 기타,중앙선침범,건조,맑음,기타 - 기타,승용,남,48세,상해없음,보행자,남,39세,경상
2022020500100121,2022년 2월 5일 12시,토요일,인천광역시 부평구 십정동,경상사고,0,0,1,0,차대차 - 측면충돌,안전운전불이행,건조,맑음,단일로 - 기타,승용,남,60세,상해없음,승용,남,39세,경상
2022020500100122,2022년 2월 5일 12시,토요일,인천광역시 남동구 만수동,중상사고,0,1,0,0,차대사람 - 횡단중,안전운전불이행,건조,맑음,단일로 - 기타,승용,남,33세,상해없음,보행자,여,78세,중상
2022020500100123,2022년 2월 5일 12시,토요일,인천광역시 서구 청라동,부상신고사고,0,0,0,1,차대사람 - 기타,안전운전불이행,기타,맑음,기타 - 기타,승용,여,31세,상해없음,보행자,여,53세,부상신고
2022020500100157,2022년 2월 5일 13시,토요일,인천광역시 남동구 장수동,경상사고,0,0,1,1,차대차 - 추돌,안전거리미확보,건조,맑음,단일로 - 고가도로위,승용,남,29세,기타불명,승용,남,31세,경상
2022020500100180,2022년 2월 5일 14시,토요일,인천광역시 연수구 동춘동,중상사고,0,1,0,0,차대사람 - 길가장자리구역통행중,안전운전불이행,건조,맑음,교차로 - 교차로부근,개인형이동수단(PM),남,14세,상해없음,보행자,여,73세,중상
2022020500100210,2022년 2월 5일 15시,토요일,인천광역시 남동구 구월동,경상사고,0,0,1,0,차대차 - 정면충돌,안전운전불이행,건조,맑음,교차로 - 교차로부근,승용,남,56세,기타불명,이륜,남,34세,경상
2022020500100329,2022년 2월 5일 20시,토요일,인천광역시 남동구 간석동,경상사고,0,0,1,0,차대차 - 측면충돌,안전운전불이행,건조,맑음,교차로 - 교차로부근,승용,남,46세,상해없음,이륜,남,34세,경상
2022020500100330,2022년 2월 5일 20시,토요일,인천광역시 서구 석남동,경상사고,0,0,2,0,차대차 - 추돌,신호위반,건조,맑음,교차로 - 교차로안,이륜,남,26세,상해없음,승용,남,36세,경상
2022020500100331,2022년 2월 5일 20시,토요일,인천광역시 계양구 계산동,경상사고,0,0,1,0,차대차 - 기타,안전운전불이행,건조,맑음,교차로 - 교차로안,이륜,남,49세,상해없음,이륜,남,39세,경상
2022020500100332,2022년 2월 5일 20시,토요일,인천광역시 연수구 옥련동,경상사고,0,0,3,0,차대차 - 추돌,안전운전불이행,건조,맑음,교차로 - 교차로부근,승용,남,48세,상해없음,승용,남,61세,경상
2022020500100333,2022년 2월 5일 20시,토요일,인천광역시 남동구 만수동,경상사고,0,0,1,0,차대차 - 측면충돌,신호위반,건조,맑음,기타 - 기타,승용,남,31세,상해없음,이륜,남,18세,경상
2022020500100358,2022년 2월 5일 21시,토요일,인천광역시 남동구 구월동,경상사고,0,0,1,0,차대사람 - 길가장자리구역통행중,안전운전불이행,건조,맑음,단일로 - 기타,승용,남,27세,상해없음,보행자,남,32세,경상
2022020500100359,2022년 2월 5일 21시,토요일,인천광역시 남동구 남촌동,경상사고,0,0,4,0,차대차 - 추돌,안전운전불이행,건조,맑음,교차로 - 교차로부근,승용,남,41세,상해없음,승용,여,33세,경상
2022020500100360,2022년 2월 5일 21시,토요일,인천광역시 남동구 도림동,경상사고,0,0,2,0,차대차 - 측면충돌,신호위반,건조,맑음,교차로 - 교차로안,승용,여,26세,경상,승용,남,19세,경상
2022020500100393,2022년 2월 5일 23시,토요일,인천광역시 연수구 연수동,경상사고,0,0,3,0,차대차 - 측면충돌,안전운전불이행,건조,맑음,단일로 - 기타,승용,남,19세,상해없음,승용,남,54세,경상
2022020600100015,2022년 2월 6일 06시,일요일,인천광역시 부평구 삼산동,중상사고,0,1,0,0,차대차 - 추돌,안전운전불이행,젖음/습기,맑음,단일로 - 교량,승합,남,57세,상해없음,특수,남,43세,중상
2022020600100031,2022년 2월 6일 09시,일요일,인천광역시 연수구 연수동,경상사고,0,0,1,0,차대차 - 추돌,안전운전불이행,건조,맑음,교차로 - 교차로부근,승용,남,58세,상해없음,승용,남,47세,경상
2022020600100116,2022년 2월 6일 14시,일요일,인천광역시 남동구 간석동,중상사고,0,1,0,0,차대차 - 측면충돌,안전운전불이행,건조,맑음,교차로 - 교차로부근,승용,여,20세,기타불명,이륜,남,29세,중상
2022020600100157,2022년 2월 6일 16시,일요일,인천광역시 서구 가좌동,경상사고,0,0,1,0,차대차 - 기타,안전운전불이행,건조,맑음,교차로 - 교차로안,승용,남,65세,상해없음,이륜,남,33세,경상
2022020600100177,2022년 2월 6일 17시,일요일,인천광역시 강화군 강화읍,중상사고,0,1,1,0,차대차 - 추돌,안전운전불이행,건조,맑음,단일로 - 지하차도(도로)내,화물,남,64세,상해없음,승용,여,74세,중상
2022020600100178,2022년 2월 6일 17시,일요일,인천광역시 부평구 부평동,경상사고,0,0,1,0,차대사람 - 길가장자리구역통행중,안전운전불이행,건조,맑음,단일로 - 기타,화물,남,46세,상해없음,보행자,여,42세,경상
2022020600100260,2022년 2월 6일 21시,일요일,인천광역시 미추홀구 주안동,경상사고,0,0,2,0,차대차 - 측면충돌,안전운전불이행,건조,맑음,단일로 - 기타,승용,남,25세,상해없음,승용,남,20세,경상
2022020600100282,2022년 2월 6일 23시,일요일,인천광역시 미추홀구 주안동,중상사고,0,1,1,0,차대사람 - 횡단중,안전운전불이행,건조,맑음,단일로 - 기타,승용,남,69세,상해없음,보행자,남,33세,중상
2022020700100044,2022년 2월 7일 07시,월요일,인천광역시 서구 연희동,경상사고,0,0,1,0,차대차 - 추돌,안전운전불이행,건조,맑음,단일로 - 터널,승용,남,55세,상해없음,승용,여,30세,경상
2022020700100071,2022년 2월 7일 08시,월요일,인천광역시 서구 심곡동,경상사고,0,0,1,0,차대차 - 추돌,안전거리미확보,건조,맑음,단일로 - 기타,승용,남,49세,상해없음,승용,여,32세,경상
2022020700100072,2022년 2월 7일 08시,월요일,인천광역시 부평구 갈산동,경상사고,0,0,2,0,차대차 - 측면충돌,신호위반,건조,맑음,교차로 - 교차로안,승용,여,59세,상해없음,승합,남,44세,경상
2022020700100094,2022년 2월 7일 09시,월요일,인천광역시 부평구 청천동,중상사고,0,1,0,0,차대차 - 측면충돌,안전운전불이행,건조,맑음,교차로 - 교차로부근,승용,남,35세,상해없음,이륜,남,46세,중상
2022020700100095,2022년 2월 7일 09시,월요일,인천광역시 남동구 구월동,경상사고,0,0,2,0,차대차 - 측면충돌,교차로운행방법위반,건조,맑음,교차로 - 교차로안,승용,남,45세,상해없음,승용,남,26세,경상
2022020700100114,2022년 2월 7일 10시,월요일,인천광역시 남동구 남촌동,경상사고,0,0,1,0,차대차 - 측면충돌,안전거리미확보,건조,맑음,교차로 - 교차로부근,화물,남,62세,상해없음,승용,여,58세,경상
2022020700100196,2022년 2월 7일 14시,월요일,인천광역시 중구 항동7가,경상사고,0,0,1,0,차대차 - 측면충돌,안전거리미확보,건조,맑음,교차로 - 교차로부근,화물,남,61세,상해없음,특수,남,53세,경상
2022020700100197,2022년 2월 7일 14시,월요일,인천광역시 남동구 수산동,경상사고,0,0,2,0,차대차 - 측면충돌,안전거리미확보,건조,흐림,교차로 - 교차로안,승용,남,81세,상해없음,승용,남,22세,경상
2022020700100223,2022년 2월 7일 15시,월요일,인천광역시 미추홀구 용현동,경상사고,0,0,2,0,차대차 - 측면충돌,안전운전불이행,건조,맑음,단일로 - 기타,승합,남,32세,상해없음,승용,남,40세,경상
2022020700100247,2022년 2월 7일 16시,월요일,인천광역시 부평구 부평동,경상사고,0,0,1,0,차대차 - 측면충돌,안전운전불이행,건조,맑음,단일로 - 기타,승용,남,51세,상해없음,승용,여,27세,경상
2022020700100248,2022년 2월 7일 16시,월요일,인천광역시 남동구 논현동,경상사고,0,0,1,0,차량단독 - 기타,안전운전불이행,건조,맑음,교차로 - 교차로안,승합,남,57세,상해없음,,,,
2022020700100313,2022년 2월 7일 18시,월요일,인천광역시 부평구 십정동,경상사고,0,0,2,0,차대차 - 측면충돌,안전운전불이행,건조,맑음,교차로 - 교차로안,승용,남,53세,기타불명,승용,남,53세,경상
2022020700100344,2022년 2월 7일 20시,월요일,인천광역시 미추홀구 주안동,부상신고사고,0,0,0,1,차량단독 - 전도전복 - 전도,안전거리미확보,건조,맑음,교차로 - 교차로안,이륜,남,44세,부상신고,,,,
2022020700100345,2022년 2월 7일 20시,월요일,인천광역시 계양구 병방동,경상사고,0,0,1,0,차대차 - 측면충돌,안전운전불이행,건조,맑음,단일로 - 기타,승용,남,46세,상해없음,승용,남,57세,경상
2022020700100383,2022년 2월 7일 21시,월요일,인천광역시 계양구 병방동,경상사고,0,0,2,0,차대차 - 측면충돌,안전거리미확보,건조,맑음,단일로 - 기타,화물,남,40세,상해없음,승용,여,35세,경상
2022020700100403,2022년 2월 7일 22시,월요일,인천광역시 연수구 연수동,경상사고,0,0,1,0,차대사람 - 횡단중,안전운전불이행,건조,맑음,교차로 - 교차로부근,승용,남,34세,상해없음,보행자,남,42세,경상
2022020800100047,2022년 2월 8일 06시,화요일,인천광역시 미추홀구 도화동,중상사고,0,1,0,0,차대차 - 기타,기타,건조,맑음,단일로 - 기타,승용,남,58세,상해없음,자전거,남,73세,중상
2022020800100093,2022년 2월 8일 08시,화요일,인천광역시 남동구 남촌동,중상사고,0,1,0,0,차대차 - 측면충돌,안전운전불이행,건조,맑음,단일로 - 기타,승용,남,32세,상해없음,화물,남,53세,중상
2022020800100118,2022년 2월 8일 09시,화요일,인천광역시 서구 검암동,경상사고,0,0,1,0,차대차 - 기타,안전운전불이행,건조,맑음,단일로 - 기타,화물,남,55세,상해없음,승용,남,63세,경상
2022020800100119,2022년 2월 8일 09시,화요일,인천광역시 연수구 동춘동,경상사고,0,0,1,0,차량단독 - 공작물충돌,기타,건조,흐림,교차로 - 교차로횡단보도내,승합,남,62세,상해없음,,,,
2022020800100161,2022년 2월 8일 11시,화요일,인천광역시 남동구 남촌동,중상사고,0,1,1,0,차대사람 - 횡단중,보행자보호의무위반,건조,맑음,교차로 - 교차로횡단보도내,건설기계,남,52세,상해없음,보행자,남,72세,경상
2022020800100180,2022년 2월 8일 12시,화요일,인천광역시 중구 항동7가,경상사고,0,0,1,0,차대사람 - 차도통행중,안전운전불이행,건조,맑음,단일로 - 기타,원동기,남,50세,상해없음,보행자,여,10세,경상
2022020800100210,2022년 2월 8일 13시,화요일,인천광역시 미추홀구 숭의동,중상사고,0,1,0,0,차대사람 - 횡단중,보행자보호의무위반,건조,맑음,단일로 - 기타,승합,남,64세,상해없음,보행자,여,61세,중상
2022020800100211,2022년 2월 8일 13시,화요일,인천광역시 서구 가좌동,경상사고,0,0,1,0,차대사람 - 횡단중,보행자보호의무위반,건조,맑음,교차로 - 교차로안,승합,남,64세,상해없음,보행자,남,70세,경상
2022020800100244,2022년 2월 8일 14시,화요일,인천광역시 부평구 십정동,경상사고,0,0,1,0,차대차 - 추돌,안전운전불이행,건조,맑음,교차로 - 교차로부근,승용,남,75세,상해없음,승용,여,56세,경상
2022020800100245,2022년 2월 8일 14시,화요일,인천광역시 계양구 계산동,경상사고,0,0,1,0,차대차 - 측면충돌,안전운전불이행,건조,맑음,주차장 - 주차장,승용,남,25세,상해없음,승용,여,41세,경상
2022020800100378,2022년 2월 8일 18시,화요일,인천광역시 미추홀구 주안동,경상사고,0,0,1,0,차대차 - 측면충돌,안전거리미확보,건조,맑음,단일로 - 기타,승용,남,76세,상해없음,이륜,남,24세,경상
2022020800100379,2022년 2월 8일 18시,화요일,인천광역시 남동구 고잔동,경상사고,0,0,2,0,차대차 - 측면충돌,교차로운행방법위반,건조,맑음,교차로 - 교차로안,화물,남,36세,경상,화물,남,40세,경상
2022020800100420,2022년 2월 8일 19시,화요일,인천광역시 서구 가정동,경상사고,0,0,1,0,차대차 - 측면충돌,안전운전불이행,건조,맑음,교차로 - 교차로횡단보도내,승용,남,38세,상해없음,자전거,남,13세,경상
2022020800100454,2022년 2월 8일 20시,화요일,인천광역시 부평구 산곡동,경상사고,0,0,1,0,차대차 - 기타,안전운전불이행,건조,맑음,교차로 - 교차로안,승용,남,32세,상해없음,승용,남,31세,경상
2022020800100485,2022년 2월 8일 21시,화요일,인천광역시 남동구 구월동,경상사고,0,0,2,0,차대차 - 측면충돌,신호위반,건조,흐림,교차로 - 교차로안,승용,남,48세,상해없음,승용,남,61세,경상
2022020800100486,2022년 2월 8일 21시,화요일,인천광역시 계양구 작전동,중상사고,0,1,0,0,차대차 - 기타,안전운전불이행,건조,맑음,단일로 - 기타,승용,남,25세,상해없음,이륜,남,46세,중상
2022020800100503,2022년 2월 8일 22시,화요일,인천광역시 남동구 구월동,중상사고,0,1,0,0,차대사람 - 횡단중,안전운전불이행,건조,흐림,단일로 - 기타,승용,여,29세,상해없음,보행자,남,52세,중상
2022020800100504,2022년 2월 8일 22시,화요일,인천광역시 연수구 송도동,경상사고,0,0,1,0,차대차 - 측면충돌,신호위반,건조,맑음,교차로 - 교차로횡단보도내,승용,남,61세,상해없음,자전거,남,45세,경상
2022020900100015,2022년 2월 9일 01시,수요일,인천광역시 미추홀구 주안동,중상사고,0,1,0,0,차대차 - 정면충돌,안전운전불이행,건조,맑음,교차로 - 교차로안,승용,남,51세,상해없음,원동기,남,31세,중상
2022020900100021,2022년 2월 9일 04시,수요일,인천광역시 부평구 십정동,경상사고,0,0,1,0,차대차 - 추돌,안전운전불이행,건조,맑음,단일로 - 기타,승용,남,43세,상해없음,승용,남,60세,경상
2022020900100030,2022년 2월 9일 05시,수요일,인천광역시 서구 오류동,사망사고,1,0,0,0,차대차 - 측면충돌,신호위반,건조,맑음,교차로 - 교차로안,건설기계,남,53세,상해없음,자전거,남,60세,사망
2022020900100046,2022년 2월 9일 06시,수요일,인천광역시 남동구 구월동,경상사고,0,0,1,0,차대차 - 측면충돌,교차로운행방법위반,건조,맑음,교차로 - 교차로안,승용,남,62세,상해없음,승용,남,30세,경상
2022020900100093,2022년 2월 9일 08시,수요일,인천광역시 남동구 논현동,경상사고,0,0,1,0,차대차 - 측면충돌,신호위반,건조,맑음,교차로 - 교차로안,건설기계,남,59세,상해없음,건설기계,남,63세,경상
2022020900100112,2022년 2월 9일 09시,수요일,인천광역시 중구 운서동,경상사고,0,0,2,0,차량단독 - 공작물충돌,안전운전불이행,건조,맑음,교차로 - 교차로부근,승용,남,41세,상해없음,,,,
2022020900100194,2022년 2월 9일 12시,수요일,인천광역시 남동구 구월동,경상사고,0,0,1,0,차대차 - 정면충돌,안전운전불이행,건조,맑음,교차로 - 교차로부근,승용,여,53세,상해없음,승용,남,29세,경상
2022020900100195,2022년 2월 9일 12시,수요일,인천광역시 계양구 효성동,사망사고,1,0,0,0,차대사람 - 횡단중,보행자보호의무위반,건조,맑음,교차로 - 교차로횡단보도내,승합,남,46세,상해없음,보행자,남,67세,사망
2022020900100196,2022년 2월 9일 12시,수요일,인천광역시 강화군 강화읍,경상사고,0,0,1,0,차대차 - 측면충돌,기타,건조,맑음,단일로 - 지하차도(도로)내,화물,남,72세,상해없음,승용,여,39세,경상
2022020900100341,2022년 2월 9일 17시,수요일,인천광역시 서구 경서동,중상사고,0,2,0,0,차대차 - 정면충돌,안전운전불이행,건조,맑음,단일로 - 교량,승용,남,34세,중상,승용,남,28세,중상
2022020900100388,2022년 2월 9일 18시,수요일,인천광역시 서구 원당동,중상사고,0,1,0,0,차대사람 - 기타,안전운전불이행,건조,맑음,기타 - 기타,승용,남,57세,상해없음,보행자,남,58세,중상
2022020900100465,2022년 2월 9일 20시,수요일,인천광역시 연수구 송도동,중상사고,0,1,0,0,차대사람 - 횡단중,보행자보호의무위반,건조,맑음,교차로 - 교차로횡단보도내,승용,남,40세,상해없음,보행자,여,24세,중상
2022020900100510,2022년 2월 9일 21시,수요일,인천광역시 강화군 강화읍,경상사고,0,0,1,0,차대차 - 측면충돌,안전운전불이행,건조,흐림,교차로 - 교차로안,특수,남,55세,상해없음,승용,여,64세,경상
2022021000100030,2022년 2월 10일 06시,목요일,인천광역시 서구 가좌동,중상사고,0,1,0,0,차대차 - 측면충돌,안전운전불이행,건조,맑음,단일로 - 기타,승용,남,61세,상해없음,자전거,남,62세,중상
2022021000100048,2022년 2월 10일 07시,목요일,인천광역시 미추홀구 학익동,경상사고,0,0,1,0,차대차 - 측면충돌,안전운전불이행,건조,맑음,교차로 - 교차로부근,승용,남,60세,상해없음,승용,여,57세,경상
2022021000100076,2022년 2월 10일 08시,목요일,인천광역시 부평구 부평동,경상사고,0,0,1,0,차대차 - 추돌,안전운전불이행,건조,맑음,단일로 - 기타,화물,남,51세,상해없음,승용,여,48세,경상
2022021000100134,2022년 2월 10일 10시,목요일,인천광역시 계양구 용종동,경상사고,0,0,1,0,차대차 - 측면충돌,안전운전불이행,건조,맑음,단일로 - 기타,승합,남,66세,상해없음,이륜,남,56세,경상
2022021000100166,2022년 2월 10일 11시,목요일,인천광역시 연수구 송도동,경상사고,0,0,1,0,차대사람 - 횡단중,보행자보호의무위반,건조,맑음,교차로 - 교차로횡단보도내,기타불명,기타불명,미분류,기타불명,보행자,남,29세,경상
2022021000100277,2022년 2월 10일 15시,목요일,인천광역시 강화군 강화읍,경상사고,0,0,1,0,차대차 - 후진중충돌,불법유턴,건조,맑음,단일로 - 지하차도(도로)내,승용,남,55세,기타불명,승용,남,39세,경상
2022021000100278,2022년 2월 10일 15시,목요일,인천광역시 부평구 부평동,부상신고사고,0,0,0,1,차대사람 - 길가장자리구역통행중,안전운전불이행,건조,맑음,단일로 - 기타,승용,여,47세,상해없음,보행자,여,24세,부상신고
2022021000100308,2022년 2월 10일 16시,목요일,인천광역시 미추홀구 학익동,경상사고,0,0,3,0,차대차 - 측면충돌,안전운전불이행,건조,맑음,단일로 - 기타,승용,남,38세,기타불명,승용,남,43세,경상
2022021000100329,2022년 2월 10일 17시,목요일,인천광역시 서구 백석동,경상사고,0,0,1,0,차대차 - 기타,신호위반,건조,맑음,단일로 - 기타,승용,여,44세,상해없음,이륜,남,34세,경상
2022021000100376,2022년 2월 10일 18시,목요일,인천광역시 서구 백석동,경상사고,0,0,1,0,차대차 - 기타,안전운전불이행,기타,맑음,단일로 - 고가도로위,승합,남,56세,상해없음,승용,여,34세,경상
2022021000100398,2022년 2월 10일 19시,목요일,인천광역시 미추홀구 도화동,경상사고,0,0,1,0,차대차 - 측면충돌,교차로운행방법위반,건조,맑음,교차로 - 교차로안,승용,여,43세,상해없음,승용,남,33세,경상
2022021000100399,2022년 2월 10일 19시,목요일,인천광역시 부평구 부평동,부상신고사고,0,0,0,1,차대차 - 기타,안전운전불이행,건조,맑음,기타 - 기타,이륜,기타불명,미분류,기타불명,이륜,남,19세,부상신고
2022021000100400,2022년 2월 10일 19시,목요일,인천광역시 서구 마전동,중상사고,0,1,0,0,차대차 - 기타,안전운전불이행,젖음/습기,맑음,단일로 - 기타,승용,남,53세,상해없음,이륜,남,39세,중상
2022021000100401,2022년 2월 10일 19시,목요일,인천광역시 연수구 송도동,경상사고,0,0,1,0,차대차 - 측면충돌,안전거리미확보,건조,맑음,교차로 - 교차로부근,승용,여,32세,상해없음,승용,남,27세,경상
2022021000100402,2022년 2월 10일 19시,목요일,인천광역시 남동구 남촌동,경상사고,0,0,1,0,차량단독 - 전도전복 - 전도,기타,건조,맑음,단일로 - 지하차도(도로)내,승합,남,33세,상해없음,,,,
2022021000100436,2022년 2월 10일 20시,목요일,인천광역시 미추홀구 용현동,중상사고,0,1,0,0,차대사람 - 횡단중,신호위반,건조,맑음,교차로 - 교차로안,승용,남,62세,상해없음,보행자,여,42세,중상
2022021000100437,2022년 2월 10일 20시,목요일,인천광역시 계양구 작전동,부상신고사고,0,0,0,1,차대차 - 후진중충돌,안전운전불이행,건조,맑음,교차로 - 교차로부근,승용,남,19세,상해없음,승용,남,26세,부상신고
2022021000100438,2022년 2월 10일 20시,목요일,인천광역시 서구 청라동,경상사고,0,0,1,0,차대차 - 후진중충돌,안전운전불이행,건조,맑음,교차로 - 교차로부근,승용,여,58세,상해없음,이륜,여,34세,경상