사고번호,사고일시,요일,시군구,사고내용,사망자수,중상자수,경상자수,부상신고자수,사고유형,법규위반,노면상태,기상상태,도로형태,가해운전자 차종,가해운전자 성별,가해운전자 연령,가해운전자 상해정도,피해운전자 차종,피해운전자 성별,피해운전자 연령,피해운전자 상해정도
2022021000100474,2022년 2월 10일 21시,목요일,인천광역시 미추홀구 관교동,경상사고,0,0,1,0,차대사람 - 기타,안전운전불이행,건조,맑음,단일로 - 기타,기타불명,기타불명,미분류,기타불명,보행자,여,24세,경상
2022021000100475,2022년 2월 10일 21시,목요일,인천광역시 부평구 십정동,중상사고,0,1,0,0,차대사람 - 횡단중,신호위반,건조,맑음,교차로 - 교차로횡단보도내,화물,남,67세,상해없음,보행자,여,53세,중상
2022021000100476,2022년 2월 10일 21시,목요일,인천광역시 서구 가정동,경상사고,0,0,2,0,차대차 - 추돌,안전운전불이행,기타,맑음,교차로 - 교차로부근,승합,남,50세,상해없음,승용,여,29세,경상
2022021000100477,2022년 2월 10일 21시,목요일,인천광역시 계양구 평동,경상사고,0,0,1,0,차대차 - 측면충돌,안전운전불이행,건조,흐림,기타 - 기타,승용,여,22세,상해없음,화물,남,43세,경상
2022021100100047,2022년 2월 11일 07시,금요일,인천광역시 부평구 청천동,경상사고,0,0,1,0,차대사람 - 기타,신호위반,건조,맑음,교차로 - 교차로횡단보도내,승용,남,52세,상해없음,보행자,여,40세,경상
2022021100100074,2022년 2월 11일 08시,금요일,인천광역시 미추홀구 주안동,경상사고,0,0,2,0,차대차 - 측면충돌,안전운전불이행,건조,맑음,기타 - 기타,승용,남,57세,기타불명,승용,남,67세,경상
2022021100100101,2022년 2월 11일 09시,금요일,인천광역시 부평구 부평동,경상사고,0,0,1,0,차대차 - 추돌,안전운전불이행,건조,맑음,교차로 - 교차로안,승용,여,53세,상해없음,자전거,남,24세,경상
2022021100100134,2022년 2월 11일 10시,금요일,인천광역시 미추홀구 주안동,경상사고,0,0,1,0,차대차 - 측면충돌,신호위반,건조,맑음,교차로 - 교차로안,승용,남,23세,상해없음,승용,여,61세,경상
2022021100100135,2022년 2월 11일 10시,금요일,인천광역시 남동구 고잔동,중상사고,0,1,1,0,차대차 - 측면충돌,교차로운행방법위반,건조,맑음,교차로 - 교차로안,승용,남,79세,경상,화물,남,60세,중상
2022021100100162,2022년 2월 11일 11시,금요일,인천광역시 미추홀구 문학동,경상사고,0,0,1,0,차대사람 - 횡단중,보행자보호의무위반,건조,맑음,교차로 - 교차로횡단보도내,승용,남,72세,상해없음,보행자,남,93세,경상
2022021100100192,2022년 2월 11일 12시,금요일,인천광역시 미추홀구 학익동,경상사고,0,0,1,0,차대차 - 측면충돌,안전운전불이행,건조,맑음,단일로 - 지하차도(도로)내,승용,남,52세,상해없음,화물,남,37세,경상
2022021100100193,2022년 2월 11일 12시,금요일,인천광역시 계양구 서운동,경상사고,0,0,1,0,차대차 - 추돌,안전운전불이행,건조,맑음,단일로 - 기타,승용,여,60세,상해없음,승용,여,43세,경상
2022021100100221,2022년 2월 11일 13시,금요일,인천광역시 서구 가정동,중상사고,0,1,0,0,차대사람 - 기타,안전운전불이행,건조,맑음,기타 - 기타,건설기계,남,73세,상해없음,보행자,남,71세,중상
2022021100100310,2022년 2월 11일 16시,금요일,인천광역시 부평구 갈산동,경상사고,0,0,2,0,차대차 - 측면충돌,안전운전불이행,건조,맑음,교차로 - 교차로안,이륜,남,54세,경상,승용,남,48세,경상
2022021100100340,2022년 2월 11일 17시,금요일,인천광역시 미추홀구 도화동,경상사고,0,0,1,0,차대차 - 측면충돌,안전운전불이행,건조,맑음,단일로 - 기타,승용,남,65세,상해없음,승용,남,28세,경상
2022021100100385,2022년 2월 11일 18시,금요일,인천광역시 미추홀구 주안동,경상사고,0,0,1,0,차대사람 - 기타,안전운전불이행,건조,맑음,기타 - 기타,승용,남,51세,상해없음,보행자,여,22세,경상
2022021100100386,2022년 2월 11일 18시,금요일,인천광역시 남동구 구월동,중상사고,0,1,0,0,차대차 - 기타,안전거리미확보,건조,맑음,단일로 - 기타,승용,여,56세,상해없음,이륜,남,45세,중상
2022021100100387,2022년 2월 11일 18시,금요일,인천광역시 연수구 송도동,경상사고,0,0,1,0,차대사람 - 기타,안전운전불이행,건조,맑음,교차로 - 교차로안,승용,남,64세,상해없음,보행자,남,36세,경상
2022021100100492,2022년 2월 11일 21시,금요일,인천광역시 연수구 연수동,경상사고,0,0,1,0,차대차 - 측면충돌,안전운전불이행,건조,맑음,교차로 - 교차로부근,승용,남,26세,상해없음,이륜,남,41세,경상
2022021100100513,2022년 2월 11일 22시,금요일,인천광역시 미추홀구 숭의동,경상사고,0,0,1,0,차대차 - 측면충돌,중앙선침범,건조,맑음,단일로 - 기타,승용,남,31세,상해없음,이륜,남,31세,경상
2022021100100514,2022년 2월 11일 22시,금요일,인천광역시 부평구 부개동,경상사고,0,0,1,0,차대차 - 측면충돌,안전거리미확보,건조,맑음,교차로 - 교차로부근,승용,남,71세,상해없음,승용,남,38세,경상
2022021100100515,2022년 2월 11일 22시,금요일,인천광역시 남동구 고잔동,경상사고,0,0,1,0,차대차 - 추돌,기타,건조,맑음,단일로 - 교량,승용,남,29세,상해없음,승용,남,64세,경상
2022021200100050,2022년 2월 12일 07시,토요일,인천광역시 남동구 수산동,경상사고,0,0,2,0,차대차 - 측면충돌,신호위반,건조,맑음,교차로 - 교차로안,승용,남,71세,상해없음,승용,여,64세,경상
2022021200100074,2022년 2월 12일 09시,토요일,인천광역시 연수구 옥련동,경상사고,0,0,2,0,차대차 - 측면충돌,안전운전불이행,건조,맑음,교차로 - 교차로안,승용,남,30세,상해없음,승용,남,31세,경상
2022021200100075,2022년 2월 12일 09시,토요일,인천광역시 계양구 귤현동,부상신고사고,0,0,0,1,차대차 - 기타,기타,건조,맑음,단일로 - 교량,기타불명,기타불명,미분류,기타불명,승용,여,30세,부상신고
2022021200100210,2022년 2월 12일 14시,토요일,인천광역시 중구 남북동,경상사고,0,0,1,0,차대차 - 측면충돌,안전거리미확보,건조,맑음,교차로 - 교차로안,승용,남,57세,상해없음,화물,남,64세,경상
2022021200100290,2022년 2월 12일 17시,토요일,인천광역시 중구 운서동,경상사고,0,0,2,0,차대차 - 측면충돌,안전운전불이행,건조,맑음,단일로 - 기타,승용,남,35세,상해없음,승용,남,59세,경상
2022021200100291,2022년 2월 12일 17시,토요일,인천광역시 계양구 계산동,경상사고,0,0,1,0,차대차 - 측면충돌,안전운전불이행,건조,맑음,교차로 - 교차로부근,승용,남,32세,상해없음,화물,남,48세,경상
2022021200100347,2022년 2월 12일 19시,토요일,인천광역시 남동구 구월동,경상사고,0,0,1,0,차대차 - 추돌,안전운전불이행,건조,맑음,교차로 - 교차로부근,승용,남,45세,상해없음,승용,남,35세,경상
2022021200100373,2022년 2월 12일 20시,토요일,인천광역시 미추홀구 주안동,경상사고,0,0,1,0,차대차 - 기타,안전거리미확보,건조,맑음,단일로 - 기타,승용,남,31세,상해없음,이륜,남,46세,경상
2022021300100011,2022년 2월 13일 02시,일요일,인천광역시 남동구 간석동,중상사고,0,1,0,0,차대사람 - 길가장자리구역통행중,안전운전불이행,건조,맑음,교차로 - 교차로부근,승용,남,57세,상해없음,보행자,여,26세,중상
2022021300100012,2022년 2월 13일 02시,일요일,인천광역시 계양구 효성동,경상사고,0,0,2,0,차대차 - 측면충돌,신호위반,건조,맑음,교차로 - 교차로안,승용,남,21세,상해없음,승용,남,26세,경상
2022021300100019,2022년 2월 13일 05시,일요일,인천광역시 부평구 부평동,중상사고,0,1,0,0,차대차 - 측면충돌,안전거리미확보,건조,맑음,교차로 - 교차로안,승용,남,66세,상해없음,이륜,남,72세,중상
2022021300100020,2022년 2월 13일 05시,일요일,인천광역시 남동구 간석동,중상사고,0,1,0,0,차대차 - 측면충돌,안전운전불이행,건조,맑음,단일로 - 기타,승용,남,67세,상해없음,이륜,남,28세,중상
2022021300100105,2022년 2월 13일 13시,일요일,인천광역시 서구 시천동,경상사고,0,0,2,0,차대차 - 기타,중앙선침범,건조,맑음,단일로 - 기타,승용,남,58세,상해없음,승용,남,60세,경상
2022021300100128,2022년 2월 13일 14시,일요일,인천광역시 서구 석남동,경상사고,0,0,1,0,차대차 - 기타,안전운전불이행,건조,맑음,기타 - 기타,이륜,남,41세,상해없음,승용,여,56세,경상
2022021300100155,2022년 2월 13일 15시,일요일,인천광역시 계양구 계산동,경상사고,0,0,1,0,차대차 - 측면충돌,신호위반,건조,맑음,단일로 - 기타,승용,남,82세,상해없음,승용,남,40세,상해없음
2022021300100223,2022년 2월 13일 18시,일요일,인천광역시 미추홀구 주안동,경상사고,0,0,1,0,차대차 - 추돌,안전운전불이행,건조,맑음,교차로 - 교차로부근,승용,남,48세,상해없음,이륜,남,22세,경상
2022021300100224,2022년 2월 13일 18시,일요일,인천광역시 남동구 수산동,중상사고,0,1,2,1,차대차 - 정면충돌,신호위반,건조,맑음,교차로 - 교차로안,승용,남,54세,부상신고,승용,남,53세,중상
2022021300100251,2022년 2월 13일 19시,일요일,인천광역시 미추홀구 주안동,중상사고,0,1,0,0,차대사람 - 횡단중,기타,건조,맑음,단일로 - 기타,승용,남,59세,상해없음,보행자,여,73세,중상
2022021300100283,2022년 2월 13일 20시,일요일,인천광역시 부평구 십정동,경상사고,0,0,2,0,차대차 - 측면충돌,안전운전불이행,건조,맑음,교차로 - 교차로부근,승합,남,44세,상해없음,승용,남,33세,경상
2022021300100284,2022년 2월 13일 20시,일요일,인천광역시 남동구 구월동,경상사고,0,0,2,0,차대차 - 추돌,안전운전불이행,건조,맑음,단일로 - 기타,승용,남,46세,상해없음,승용,여,30세,경상
2022021300100285,2022년 2월 13일 20시,일요일,인천광역시 부평구 부평동,중상사고,0,1,0,0,차대차 - 추돌,안전운전불이행,건조,맑음,교차로 - 교차로부근,승용,남,53세,상해없음,승용,남,36세,중상
2022021300100317,2022년 2월 13일 22시,일요일,인천광역시 미추홀구 도화동,경상사고,0,0,1,0,차대차 - 정면충돌,중앙선침범,건조,맑음,교차로 - 교차로부근,이륜,남,28세,상해없음,승용,남,68세,경상
2022021400100005,2022년 2월 14일 00시,월요일,인천광역시 부평구 부평동,부상신고사고,0,0,0,1,차대사람 - 차도통행중,안전운전불이행,건조,맑음,기타 - 기타,승용,여,32세,상해없음,보행자,남,24세,부상신고
2022021400100042,2022년 2월 14일 06시,월요일,인천광역시 서구 청라동,경상사고,0,0,1,0,차대차 - 정면충돌,안전운전불이행,건조,맑음,교차로 - 교차로부근,승용,남,41세,상해없음,자전거,남,26세,경상
2022021400100084,2022년 2월 14일 08시,월요일,인천광역시 부평구 산곡동,경상사고,0,0,1,0,차대차 - 측면충돌,안전운전불이행,건조,맑음,교차로 - 교차로부근,승용,여,35세,상해없음,승용,여,56세,경상
2022021400100085,2022년 2월 14일 08시,월요일,인천광역시 부평구 구산동,경상사고,0,0,1,0,차대차 - 측면충돌,안전거리미확보,건조,맑음,단일로 - 교량,승용,남,32세,상해없음,승용,남,42세,경상
2022021400100105,2022년 2월 14일 09시,월요일,인천광역시 연수구 동춘동,경상사고,0,0,2,0,차대차 - 추돌,안전운전불이행,건조,맑음,단일로 - 기타,승용,여,44세,상해없음,승용,남,63세,경상
2022021400100137,2022년 2월 14일 10시,월요일,인천광역시 남동구 도림동,중상사고,0,1,0,0,차대차 - 추돌,기타,건조,맑음,단일로 - 기타,승용,남,27세,상해없음,승용,남,37세,중상
2022021400100196,2022년 2월 14일 12시,월요일,인천광역시 미추홀구 용현동,경상사고,0,0,2,0,차대차 - 측면충돌,안전운전불이행,건조,맑음,단일로 - 기타,화물,남,44세,상해없음,승용,남,40세,경상
2022021400100197,2022년 2월 14일 12시,월요일,인천광역시 서구 청라동,경상사고,0,0,1,0,차대차 - 측면충돌,신호위반,건조,맑음,교차로 - 교차로안,승용,여,67세,상해없음,화물,남,33세,경상
2022021400100198,2022년 2월 14일 12시,월요일,인천광역시 서구 석남동,경상사고,0,0,1,0,차대차 - 기타,안전운전불이행,건조,맑음,기타 - 기타,승용,여,61세,상해없음,승용,여,33세,경상
2022021400100199,2022년 2월 14일 12시,월요일,인천광역시 연수구 송도동,중상사고,0,1,1,0,차대차 - 측면충돌,신호위반,건조,맑음,교차로 - 교차로안,이륜,남,33세,중상,승용,남,47세,경상
2022021400100200,2022년 2월 14일 12시,월요일,인천광역시 부평구 갈산동,경상사고,0,0,1,0,차대차 - 측면충돌,안전운전불이행,건조,흐림,교차로 - 교차로안,화물,남,56세,상해없음,승용,여,34세,경상
2022021400100223,2022년 2월 14일 13시,월요일,인천광역시 미추홀구 주안동,경상사고,0,0,1,0,차대사람 - 차도통행중,안전운전불이행,건조,맑음,기타 - 기타,승용,여,33세,기타불명,보행자,남,37세,경상
2022021400100259,2022년 2월 14일 14시,월요일,인천광역시 서구 가좌동,경상사고,0,0,1,0,차대차 - 기타,안전운전불이행,건조,맑음,단일로 - 기타,승용,남,46세,상해없음,승용,여,62세,경상
2022021400100287,2022년 2월 14일 15시,월요일,인천광역시 미추홀구 주안동,중상사고,0,1,1,0,차대차 - 정면충돌,신호위반,젖음/습기,비,교차로 - 교차로안,승용,여,65세,중상,승용,남,65세,경상
2022021400100288,2022년 2월 14일 15시,월요일,인천광역시 부평구 청천동,경상사고,0,0,2,0,차대차 - 측면충돌,안전운전불이행,건조,맑음,교차로 - 교차로안,승용,남,28세,상해없음,승용,남,26세,경상
2022021400100350,2022년 2월 14일 17시,월요일,인천광역시 중구 운북동,경상사고,0,0,1,0,차대차 - 측면충돌,안전운전불이행,젖음/습기,흐림,단일로 - 교량,승용,여,41세,상해없음,자전거,남,66세,경상
2022021400100423,2022년 2월 14일 19시,월요일,인천광역시 미추홀구 도화동,중상사고,0,1,0,0,차대사람 - 횡단중,신호위반,건조,맑음,교차로 - 교차로횡단보도내,승용,남,31세,상해없음,보행자,여,50세,중상
2022021400100471,2022년 2월 14일 21시,월요일,인천광역시 부평구 부개동,경상사고,0,0,3,0,차대차 - 추돌,안전운전불이행,건조,맑음,단일로 - 기타,승용,남,28세,상해없음,승용,여,52세,경상
2022021400100472,2022년 2월 14일 21시,월요일,인천광역시 남동구 논현동,경상사고,0,0,1,0,차대차 - 측면충돌,안전운전불이행,젖음/습기,흐림,단일로 - 기타,승합,남,69세,상해없음,이륜,남,27세,경상
2022021400100488,2022년 2월 14일 22시,월요일,인천광역시 남동구 서창동,경상사고,0,0,1,0,차대차 - 측면충돌,안전거리미확보,건조,맑음,단일로 - 기타,승용,여,61세,상해없음,이륜,남,38세,경상
2022021500100060,2022년 2월 15일 08시,화요일,인천광역시 남동구 남촌동,중상사고,0,1,0,0,차대차 - 추돌,기타,젖음/습기,눈,교차로 - 교차로안,승용,남,16세,상해없음,승용,남,45세,중상
2022021500100061,2022년 2월 15일 08시,화요일,인천광역시 남동구 논현동,경상사고,0,0,1,0,차대차 - 추돌,안전운전불이행,건조,맑음,단일로 - 기타,승용,남,28세,상해없음,승용,여,54세,경상
2022021500100085,2022년 2월 15일 09시,화요일,인천광역시 서구 원창동,경상사고,0,0,3,0,차대차 - 측면충돌,안전운전불이행,건조,맑음,단일로 - 기타,승용,남,84세,경상,특수,남,55세,경상
2022021500100154,2022년 2월 15일 12시,화요일,인천광역시 부평구 갈산동,경상사고,0,0,1,0,차대차 - 측면충돌,중앙선침범,건조,맑음,단일로 - 터널,화물,남,61세,상해없음,이륜,남,36세,경상
2022021500100216,2022년 2월 15일 14시,화요일,인천광역시 부평구 갈산동,경상사고,0,0,1,0,차대차 - 측면충돌,기타,건조,맑음,단일로 - 기타,승용,여,41세,상해없음,이륜,남,21세,경상
2022021500100297,2022년 2월 15일 17시,화요일,인천광역시 남동구 구월동,경상사고,0,0,1,0,차량단독 - 기타,안전운전불이행,건조,맑음,단일로 - 기타,승합,남,45세,상해없음,,,,
2022021500100333,2022년 2월 15일 18시,화요일,인천광역시 부평구 갈산동,중상사고,0,1,0,0,차대사람 - 횡단중,신호위반,건조,맑음,교차로 - 교차로횡단보도내,이륜,남,30세,상해없음,보행자,여,38세,중상
2022021500100334,2022년 2월 15일 18시,화요일,인천광역시 남동구 장수동,중상사고,0,1,0,0,차대차 - 측면충돌,교차로운행방법위반,건조,맑음,교차로 - 교차로안,승용,남,46세,상해없음,승용,남,38세,중상
2022021500100397,2022년 2월 15일 20시,화요일,인천광역시 중구 운서동,경상사고,0,0,1,0,차대사람 - 횡단중,안전운전불이행,건조,맑음,단일로 - 기타,승합,남,55세,상해없음,보행자,남,49세,경상
2022021500100398,2022년 2월 15일 20시,화요일,인천광역시 계양구 임학동,경상사고,0,0,1,0,차대차 - 측면충돌,안전운전불이행,건조,맑음,기타 - 기타,승용,남,39세,상해없음,승용,남,34세,경상
2022021500100399,2022년 2월 15일 20시,화요일,인천광역시 연수구 동춘동,경상사고,0,0,1,0,차대차 - 측면충돌,교차로운행방법위반,건조,맑음,교차로 - 교차로안,승용,남,21세,상해없음,승용,여,28세,경상
2022021500100426,2022년 2월 15일 21시,화요일,인천광역시 계양구 계산동,경상사고,0,0,2,0,차대차 - 추돌,안전운전불이행,건조,맑음,교차로 - 교차로부근,승용,여,22세,상해없음,승용,남,68세,경상
2022021500100447,2022년 2월 15일 22시,화요일,인천광역시 서구 청라동,경상사고,0,0,3,0,차대차 - 기타,교차로운행방법위반,건조,맑음,기타 - 기타,승용,여,35세,상해없음,승용,남,57세,경상
2022021600100011,2022년 2월 16일 05시,수요일,인천광역시 남동구 간석동,경상사고,0,0,1,0,차대사람 - 횡단중,보행자보호의무위반,건조,맑음,교차로 - 교차로횡단보도내,화물,남,39세,상해없음,보행자,남,53세,경상
2022021600100029,2022년 2월 16일 06시,수요일,인천광역시 부평구 부개동,중상사고,0,1,1,0,차대차 - 정면충돌,중앙선침범,젖음/습기,흐림,단일로 - 기타,승용,남,55세,기타불명,화물,남,69세,경상
2022021600100066,2022년 2월 16일 08시,수요일,인천광역시 남동구 만수동,경상사고,0,0,1,0,차대차 - 측면충돌,차로위반,건조,맑음,교차로 - 교차로부근,승용,여,72세,상해없음,승합,남,62세,상해없음
2022021600100080,2022년 2월 16일 09시,수요일,인천광역시 남동구 구월동,경상사고,0,0,1,0,차대사람 - 기타,안전운전불이행,건조,맑음,단일로 - 지하차도(도로)내,승합,남,58세,상해없음,보행자,여,28세,경상
2022021600100152,2022년 2월 16일 12시,수요일,인천광역시 부평구 청천동,경상사고,0,0,1,0,차대차 - 측면충돌,신호위반,건조,맑음,교차로 - 교차로안,승용,여,57세,상해없음,승용,여,56세,경상
2022021600100153,2022년 2월 16일 12시,수요일,인천광역시 연수구 연수동,중상사고,0,2,0,0,차대사람 - 차도통행중,안전운전불이행,건조,맑음,교차로 - 교차로안,승용,여,47세,상해없음,보행자,여,68세,중상
2022021600100203,2022년 2월 16일 14시,수요일,인천광역시 남동구 구월동,경상사고,0,0,1,0,차대차 - 추돌,안전운전불이행,건조,맑음,단일로 - 기타,승용,여,50세,기타불명,승용,여,55세,경상
2022021600100230,2022년 2월 16일 15시,수요일,인천광역시 연수구 연수동,경상사고,0,0,2,0,차대차 - 측면충돌,기타,건조,맑음,단일로 - 기타,승용,남,61세,상해없음,승용,여,59세,경상
2022021600100265,2022년 2월 16일 16시,수요일,인천광역시 남동구 장수동,경상사고,0,0,1,0,차대차 - 측면충돌,안전거리미확보,건조,맑음,단일로 - 기타,승용,여,41세,상해없음,승용,여,58세,경상
2022021600100335,2022년 2월 16일 18시,수요일,인천광역시 서구 가좌동,경상사고,0,0,1,0,차대사람 - 횡단중,안전운전불이행,건조,맑음,교차로 - 교차로부근,승용,남,59세,상해없음,보행자,여,25세,경상
2022021600100336,2022년 2월 16일 18시,수요일,인천광역시 강화군 선원면,사망사고,1,0,0,0,차대차 - 추돌,안전운전불이행,건조,맑음,단일로 - 지하차도(도로)내,승용,여,43세,상해없음,농기계,남,61세,사망
2022021600100443,2022년 2월 16일 21시,수요일,인천광역시 서구 가좌동,중상사고,0,1,0,0,차량단독 - 공작물충돌,안전운전불이행,기타,맑음,기타 - 기타,승합,남,50세,상해없음,,,,
2022021600100444,2022년 2월 16일 21시,수요일,인천광역시 계양구 작전동,경상사고,0,0,1,0,차대차 - 기타,안전운전불이행,건조,맑음,단일로 - 기타,승용,여,59세,상해없음,승용,남,65세,상해없음
2022021600100465,2022년 2월 16일 22시,수요일,인천광역시 남동구 장수동,경상사고,0,0,1,0,차대차 - 측면충돌,안전운전불이행,건조,맑음,교차로 - 교차로부근,승용,남,34세,상해없음,승합,남,41세,경상
2022021700100131,2022년 2월 17일 10시,목요일,인천광역시 미추홀구 주안동,경상사고,0,0,1,0,차대사람 - 차도통행중,안전운전불이행,건조,맑음,기타 - 기타,승용,남,69세,상해없음,보행자,여,64세,경상
2022021700100132,2022년 2월 17일 10시,목요일,인천광역시 남동구 고잔동,중상사고,0,2,0,0,차대차 - 추돌,안전운전불이행,건조,맑음,교차로 - 교차로부근,특수,남,62세,상해없음,승용,남,55세,중상
2022021700100165,2022년 2월 17일 11시,목요일,인천광역시 미추홀구 용현동,중상사고,0,1,0,0,차대사람 - 보도통행중,보행자보호의무위반,건조,맑음,교차로 - 교차로횡단보도내,화물,남,45세,상해없음,보행자,여,51세,중상
2022021700100243,2022년 2월 17일 14시,목요일,인천광역시 중구 운서동,경상사고,0,0,1,0,차대차 - 측면충돌,안전운전불이행,건조,맑음,교차로 - 교차로부근,승용,여,30세,기타불명,승용,여,51세,경상
2022021700100244,2022년 2월 17일 14시,목요일,인천광역시 서구 금곡동,중상사고,0,1,0,0,차대사람 - 기타,안전운전불이행,건조,맑음,기타 - 기타,이륜,남,20세,상해없음,보행자,여,56세,중상
2022021700100267,2022년 2월 17일 15시,목요일,인천광역시 남동구 구월동,경상사고,0,0,1,0,차대사람 - 횡단중,신호위반,건조,맑음,교차로 - 교차로횡단보도내,승용,여,27세,상해없음,보행자,여,26세,경상
2022021700100361,2022년 2월 17일 18시,목요일,인천광역시 부평구 부평동,경상사고,0,0,1,0,차대차 - 측면충돌,안전운전불이행,건조,맑음,교차로 - 교차로부근,승용,여,71세,상해없음,승용,남,41세,경상
2022021700100420,2022년 2월 17일 20시,목요일,인천광역시 서구 마전동,중상사고,0,1,0,0,차대차 - 추돌,안전운전불이행,건조,맑음,단일로 - 기타,승용,남,50세,상해없음,이륜,남,24세,기타불명
2022021700100421,2022년 2월 17일 20시,목요일,인천광역시 서구 청라동,경상사고,0,0,3,0,차대차 - 측면충돌,기타,건조,맑음,단일로 - 기타,이륜,남,54세,상해없음,승용,남,40세,경상
2022021700100456,2022년 2월 17일 21시,목요일,인천광역시 서구 검암동,경상사고,0,0,1,0,차대사람 - 차도통행중,안전운전불이행,건조,맑음,교차로 - 교차로안,승용,여,46세,상해없음,보행자,남,63세,경상
2022021800100018,2022년 2월 18일 02시,금요일,인천광역시 서구 가정동,경상사고,0,0,2,0,차대차 - 기타,신호위반,건조,맑음,교차로 - 교차로안,화물,남,29세,상해없음,승용,남,51세,경상
2022021800100027,2022년 2월 18일 04시,금요일,인천광역시 미추홀구 주안동,중상사고,0,1,0,0,차대사람 - 횡단중,안전운전불이행,건조,맑음,단일로 - 기타,승용,남,37세,상해없음,보행자,여,62세,중상
2022021800100063,2022년 2월 18일 07시,금요일,인천광역시 남동구 장수동,경상사고,0,0,2,0,차대차 - 추돌,안전운전불이행,건조,맑음,단일로 - 기타,승용,여,30세,상해없음,승용,남,39세,경상
2022021800100064,2022년 2월 18일 07시,금요일,인천광역시 남동구 고잔동,경상사고,0,0,1,0,차대차 - 정면충돌,안전운전불이행,건조,맑음,단일로 - 기타,승용,여,58세,상해없음,승용,남,55세,경상
2022021800100118,2022년 2월 18일 09시,금요일,인천광역시 미추홀구 주안동,경상사고,0,0,2,0,차대차 - 측면충돌,신호위반,건조,맑음,단일로 - 고가도로위,승용,남,47세,상해없음,승용,남,23세,경상
2022021800100176,2022년 2월 18일 11시,금요일,인천광역시 미추홀구 주안동,경상사고,0,0,1,0,차대차 - 측면충돌,교차로운행방법위반,건조,맑음,교차로 - 교차로안,승용,여,27세,상해없음,승용,남,32세,경상
2022021800100177,2022년 2월 18일 11시,금요일,인천광역시 미추홀구 학익동,경상사고,0,0,1,0,차대차 - 측면충돌,안전운전불이행,적설,맑음,단일로 - 기타,승용,여,61세,기타불명,승용,여,62세,경상
2022021800100178,2022년 2월 18일 11시,금요일,인천광역시 남동구 만수동,경상사고,0,0,1,0,차대차 - 측면충돌,안전운전불이행,건조,맑음,교차로 - 교차로안,승용,남,38세,상해없음,자전거,여,76세,경상
2022021800100262,2022년 2월 18일 14시,금요일,인천광역시 서구 원당동,경상사고,0,0,1,0,차대사람 - 횡단중,안전운전불이행,건조,맑음,교차로 - 교차로안,승용,여,45세,상해없음,보행자,여,39세,경상
2022021800100352,2022년 2월 18일 17시,금요일,인천광역시 서구 가좌동,경상사고,0,0,1,0,차대차 - 추돌,안전운전불이행,건조,맑음,교차로 - 교차로안,승용,남,32세,상해없음,승용,남,56세,경상
2022021800100426,2022년 2월 18일 19시,금요일,인천광역시 중구 인현동,경상사고,0,0,1,0,차대사람 - 차도통행중,안전운전불이행,건조,맑음,교차로 - 교차로부근,승용,여,33세,상해없음,보행자,남,33세,경상
2022021800100428,2022년 2월 18일 19시,금요일,인천광역시 남동구 고잔동,경상사고,0,0,1,0,차대차 - 측면충돌,차로위반,건조,맑음,단일로 - 고가도로위,승용,남,78세,상해없음,승용,여,35세,경상
2022021800100461,2022년 2월 18일 20시,금요일,인천광역시 남동구 간석동,경상사고,0,0,1,0,차대차 - 측면충돌,신호위반,건조,맑음,교차로 - 교차로부근,승용,남,38세,상해없음,이륜,남,31세,경상
2022021800100488,2022년 2월 18일 21시,금요일,인천광역시 서구 연희동,경상사고,0,0,3,0,차대차 - 추돌,안전운전불이행,건조,맑음,교차로 - 교차로부근,승용,남,51세,상해없음,승용,남,51세,경상
2022021800100489,2022년 2월 18일 21시,금요일,인천광역시 부평구 삼산동,경상사고,0,0,1,0,차대차 - 측면충돌,차로위반,건조,맑음,단일로 - 교량,승용,여,56세,상해없음,승용,남,71세,경상
2022021800100507,2022년 2월 18일 22시,금요일,인천광역시 계양구 계산동,경상사고,0,0,2,0,차대차 - 측면충돌,안전거리미확보,건조,맑음,단일로 - 기타,승합,남,64세,상해없음,승용,남,24세,경상
2022021800100508,2022년 2월 18일 22시,금요일,인천광역시 계양구 계산동,경상사고,0,0,1,0,차량단독 - 공작물충돌,안전운전불이행,건조,맑음,주차장 - 주차장,승용,남,54세,상해없음,,,,
2022021800100509,2022년 2월 18일 22시,금요일,인천광역시 연수구 송도동,경상사고,0,0,2,0,차대차 - 정면충돌,중앙선침범,건조,맑음,교차로 - 교차로부근,승용,남,29세,상해없음,승용,여,28세,경상
2022021900100017,2022년 2월 19일 02시,토요일,인천광역시 계양구 효성동,경상사고,0,0,3,0,차대차 - 추돌,안전운전불이행,건조,맑음,교차로 - 교차로부근,승용,남,38세,상해없음,승용,여,48세,경상
2022021900100022,2022년 2월 19일 03시,토요일,인천광역시 남동구 논현동,경상사고,0,0,1,0,차량단독 - 공작물충돌,안전운전불이행,건조,맑음,단일로 - 기타,승용,남,65세,상해없음,,,,
2022021900100043,2022년 2월 19일 07시,토요일,인천광역시 서구 청라동,경상사고,0,0,2,0,차대차 - 기타,안전거리미확보,건조,맑음,기타 - 기타,승합,남,57세,상해없음,승용,남,37세,경상