사고번호,사고일시,요일,시군구,사고내용,사망자수,중상자수,경상자수,부상신고자수,사고유형,법규위반,노면상태,기상상태,도로형태,가해운전자 차종,가해운전자 성별,가해운전자 연령,가해운전자 상해정도,피해운전자 차종,피해운전자 성별,피해운전자 연령,피해운전자 상해정도
2022021900100061,2022년 2월 19일 08시,토요일,인천광역시 남동구 장수동,경상사고,0,0,1,0,차대차 - 추돌,안전운전불이행,건조,맑음,단일로 - 기타,화물,여,54세,상해없음,승용,여,31세,경상
2022021900100202,2022년 2월 19일 14시,토요일,인천광역시 남동구 도림동,경상사고,0,0,2,0,차대차 - 추돌,안전운전불이행,건조,맑음,기타 - 기타,승용,남,21세,상해없음,승용,남,68세,경상
2022021900100231,2022년 2월 19일 15시,토요일,인천광역시 부평구 십정동,경상사고,0,0,1,0,차대차 - 추돌,안전운전불이행,건조,맑음,기타 - 기타,승용,남,42세,기타불명,승용,여,45세,경상
2022021900100256,2022년 2월 19일 16시,토요일,인천광역시 옹진군 영흥면,중상사고,0,1,0,0,차대차 - 추돌,안전운전불이행,건조,맑음,단일로 - 기타,승용,남,22세,상해없음,승용,남,42세,중상
2022021900100288,2022년 2월 19일 17시,토요일,인천광역시 부평구 부평동,경상사고,0,0,2,0,차대사람 - 기타,기타,건조,맑음,단일로 - 기타,승용,여,49세,상해없음,보행자,여,66세,경상
2022021900100289,2022년 2월 19일 17시,토요일,인천광역시 부평구 산곡동,중상사고,0,1,0,0,차대사람 - 기타,안전운전불이행,건조,맑음,단일로 - 기타,승합,남,48세,상해없음,보행자,여,42세,중상
2022021900100290,2022년 2월 19일 17시,토요일,인천광역시 계양구 작전동,경상사고,0,0,2,0,차대차 - 추돌,안전운전불이행,건조,맑음,단일로 - 기타,승용,남,52세,상해없음,승용,여,39세,경상
2022021900100291,2022년 2월 19일 17시,토요일,인천광역시 연수구 송도동,경상사고,0,0,2,0,차대차 - 측면충돌,안전거리미확보,건조,맑음,교차로 - 교차로부근,승용,여,58세,경상,승용,남,63세,경상
2022021900100292,2022년 2월 19일 17시,토요일,인천광역시 부평구 삼산동,경상사고,0,0,1,0,차대차 - 측면충돌,안전운전불이행,건조,맑음,단일로 - 기타,승용,남,59세,상해없음,승용,남,35세,경상
2022021900100330,2022년 2월 19일 18시,토요일,인천광역시 남동구 간석동,경상사고,0,0,2,0,차대차 - 측면충돌,안전거리미확보,건조,맑음,교차로 - 교차로부근,승용,남,70세,상해없음,승용,남,40세,경상
2022021900100331,2022년 2월 19일 18시,토요일,인천광역시 계양구 계산동,경상사고,0,0,1,0,차대차 - 기타,안전운전불이행,건조,맑음,단일로 - 기타,승용,남,48세,상해없음,승용,여,53세,경상
2022021900100355,2022년 2월 19일 19시,토요일,인천광역시 부평구 일신동,중상사고,0,1,1,0,차대차 - 정면충돌,기타,건조,흐림,교차로 - 교차로부근,승용,남,63세,경상,이륜,남,58세,중상
2022021900100356,2022년 2월 19일 19시,토요일,인천광역시 남동구 만수동,중상사고,0,2,0,0,차대차 - 정면충돌,신호위반,건조,맑음,교차로 - 교차로안,승용,여,59세,상해없음,승용,남,58세,중상
2022021900100434,2022년 2월 19일 22시,토요일,인천광역시 미추홀구 숭의동,경상사고,0,0,1,0,차대차 - 추돌,안전운전불이행,건조,맑음,교차로 - 교차로안,승용,남,53세,상해없음,이륜,남,33세,경상
2022021900100435,2022년 2월 19일 22시,토요일,인천광역시 미추홀구 주안동,경상사고,0,0,1,0,차대사람 - 횡단중,보행자보호의무위반,건조,맑음,교차로 - 교차로안,이륜,남,26세,상해없음,보행자,여,57세,경상
2022021900100436,2022년 2월 19일 22시,토요일,인천광역시 계양구 임학동,경상사고,0,0,1,0,차대차 - 정면충돌,중앙선침범,건조,맑음,교차로 - 교차로부근,승용,여,55세,상해없음,승용,남,49세,경상
2022022000100019,2022년 2월 20일 01시,일요일,인천광역시 남동구 논현동,경상사고,0,0,1,0,차대차 - 추돌,안전운전불이행,건조,맑음,기타 - 기타,승용,남,48세,상해없음,승용,남,57세,경상
2022022000100067,2022년 2월 20일 10시,일요일,인천광역시 부평구 구산동,경상사고,0,0,2,0,차대차 - 측면충돌,안전거리미확보,건조,맑음,단일로 - 기타,승용,여,22세,상해없음,승용,남,37세,경상
2022022000100083,2022년 2월 20일 11시,일요일,인천광역시 미추홀구 주안동,경상사고,0,0,2,1,차대차 - 측면충돌,신호위반,건조,맑음,기타 - 기타,이륜,남,42세,부상신고,승용,남,32세,경상
2022022000100135,2022년 2월 20일 13시,일요일,인천광역시 부평구 삼산동,경상사고,0,0,1,0,차대차 - 측면충돌,안전거리미확보,건조,맑음,단일로 - 기타,승용,남,54세,기타불명,승용,여,47세,경상
2022022000100162,2022년 2월 20일 14시,일요일,인천광역시 부평구 부평동,경상사고,0,0,1,0,차대차 - 측면충돌,안전운전불이행,건조,맑음,주차장 - 주차장,승용,여,49세,상해없음,승용,여,55세,경상
2022022000100163,2022년 2월 20일 14시,일요일,인천광역시 강화군 강화읍,경상사고,0,0,1,0,차대차 - 측면충돌,교차로운행방법위반,건조,맑음,교차로 - 교차로안,승용,여,47세,상해없음,승용,여,63세,경상
2022022000100164,2022년 2월 20일 14시,일요일,인천광역시 부평구 부평동,경상사고,0,0,1,0,차대차 - 측면충돌,안전운전불이행,건조,맑음,단일로 - 기타,승용,남,23세,상해없음,승용,남,29세,상해없음
2022022000100165,2022년 2월 20일 14시,일요일,인천광역시 남동구 남촌동,경상사고,0,0,3,0,차대차 - 측면충돌,안전거리미확보,건조,맑음,단일로 - 기타,승용,여,39세,경상,승용,여,45세,경상
2022022000100187,2022년 2월 20일 15시,일요일,인천광역시 중구 덕교동,경상사고,0,0,2,0,차대차 - 측면충돌,안전운전불이행,건조,맑음,교차로 - 교차로부근,승용,여,36세,상해없음,승용,남,35세,경상
2022022000100210,2022년 2월 20일 16시,일요일,인천광역시 남동구 간석동,경상사고,0,0,3,0,차대차 - 측면충돌,안전운전불이행,건조,맑음,교차로 - 교차로안,승용,남,30세,상해없음,승용,여,37세,경상
2022022000100258,2022년 2월 20일 18시,일요일,인천광역시 미추홀구 주안동,경상사고,0,0,1,0,차대차 - 추돌,기타,건조,맑음,단일로 - 지하차도(도로)내,승용,남,41세,상해없음,화물,남,38세,경상
2022022000100259,2022년 2월 20일 18시,일요일,인천광역시 서구 청라동,경상사고,0,0,1,0,차대차 - 기타,중앙선침범,건조,맑음,기타 - 기타,이륜,남,28세,상해없음,이륜,남,29세,경상
2022022000100281,2022년 2월 20일 19시,일요일,인천광역시 남동구 만수동,경상사고,0,0,1,0,차대사람 - 횡단중,안전운전불이행,건조,맑음,단일로 - 지하차도(도로)내,승용,남,56세,상해없음,보행자,남,34세,경상
2022022000100282,2022년 2월 20일 19시,일요일,인천광역시 계양구 선주지동,경상사고,0,0,1,0,차대차 - 추돌,안전운전불이행,건조,맑음,단일로 - 기타,승용,남,64세,상해없음,승용,여,45세,경상
2022022000100319,2022년 2월 20일 21시,일요일,인천광역시 연수구 옥련동,경상사고,0,0,1,0,차대차 - 측면충돌,신호위반,건조,맑음,교차로 - 교차로부근,승용,여,66세,상해없음,승용,남,39세,경상
2022022100100012,2022년 2월 21일 01시,월요일,인천광역시 연수구 동춘동,경상사고,0,0,3,0,차대차 - 측면충돌,신호위반,건조,맑음,교차로 - 교차로안,승용,남,33세,상해없음,승용,남,21세,경상
2022022100100013,2022년 2월 21일 01시,월요일,인천광역시 미추홀구 문학동,경상사고,0,0,1,0,차대차 - 추돌,안전운전불이행,건조,맑음,단일로 - 기타,승용,남,43세,상해없음,승용,남,61세,경상
2022022100100019,2022년 2월 21일 04시,월요일,인천광역시 미추홀구 주안동,경상사고,0,0,2,0,차대차 - 추돌,신호위반,건조,맑음,교차로 - 교차로안,승용,남,51세,기타불명,승용,남,65세,경상
2022022100100037,2022년 2월 21일 06시,월요일,인천광역시 부평구 십정동,경상사고,0,0,2,0,차대차 - 기타,중앙선침범,건조,맑음,단일로 - 기타,승용,남,37세,상해없음,화물,남,53세,경상
2022022100100056,2022년 2월 21일 07시,월요일,인천광역시 계양구 작전동,경상사고,0,0,2,0,차대차 - 측면충돌,안전운전불이행,건조,맑음,교차로 - 교차로부근,승용,여,49세,상해없음,승용,남,44세,경상
2022022100100057,2022년 2월 21일 07시,월요일,인천광역시 연수구 동춘동,중상사고,0,1,1,0,차대차 - 측면충돌,신호위반,건조,맑음,교차로 - 교차로안,승용,남,46세,상해없음,승용,남,59세,중상
2022022100100058,2022년 2월 21일 07시,월요일,인천광역시 남동구 남촌동,경상사고,0,0,1,0,차대차 - 추돌,안전거리미확보,건조,맑음,단일로 - 기타,화물,남,54세,상해없음,승용,남,68세,경상
2022022100100084,2022년 2월 21일 08시,월요일,인천광역시 중구 항동7가,중상사고,0,2,0,0,차대차 - 측면충돌,안전운전불이행,건조,맑음,미분류 - 미분류,승용,남,54세,상해없음,승용,여,50세,중상
2022022100100085,2022년 2월 21일 08시,월요일,인천광역시 미추홀구 주안동,중상사고,0,1,3,0,차대차 - 추돌,안전운전불이행,건조,맑음,단일로 - 기타,승용,남,69세,기타불명,승용,남,71세,중상
2022022100100086,2022년 2월 21일 08시,월요일,인천광역시 서구 백석동,경상사고,0,0,1,0,차대차 - 기타,안전운전불이행,건조,맑음,교차로 - 교차로안,승용,여,39세,상해없음,승합,남,59세,경상
2022022100100109,2022년 2월 21일 09시,월요일,인천광역시 미추홀구 주안동,경상사고,0,0,2,0,차대차 - 측면충돌,신호위반,건조,맑음,교차로 - 교차로안,승용,남,47세,상해없음,승용,남,61세,경상
2022022100100110,2022년 2월 21일 09시,월요일,인천광역시 서구 청라동,경상사고,0,0,1,0,차대차 - 측면충돌,안전운전불이행,기타,맑음,기타 - 기타,건설기계,남,55세,상해없음,승용,여,37세,경상
2022022100100137,2022년 2월 21일 10시,월요일,인천광역시 미추홀구 도화동,중상사고,0,1,2,0,차대차 - 측면충돌,신호위반,건조,맑음,교차로 - 교차로부근,승용,남,61세,상해없음,승용,남,59세,경상
2022022100100171,2022년 2월 21일 11시,월요일,인천광역시 중구 신흥동2가,경상사고,0,0,1,0,차대차 - 측면충돌,안전거리미확보,건조,맑음,교차로 - 교차로안,화물,남,60세,상해없음,승용,여,43세,경상
2022022100100203,2022년 2월 21일 12시,월요일,인천광역시 서구 백석동,경상사고,0,0,1,0,차대차 - 추돌,안전운전불이행,건조,맑음,교차로 - 교차로안,화물,남,31세,상해없음,이륜,남,49세,경상
2022022100100237,2022년 2월 21일 13시,월요일,인천광역시 부평구 갈산동,경상사고,0,0,1,0,차대사람 - 횡단중,보행자보호의무위반,건조,맑음,교차로 - 교차로횡단보도내,승용,남,57세,상해없음,보행자,여,21세,경상
2022022100100238,2022년 2월 21일 13시,월요일,인천광역시 부평구 갈산동,경상사고,0,0,1,0,차대차 - 추돌,안전운전불이행,건조,맑음,단일로 - 기타,승용,남,57세,상해없음,승용,여,62세,경상
2022022100100310,2022년 2월 21일 15시,월요일,인천광역시 중구 중산동,경상사고,0,0,1,0,차대차 - 측면충돌,안전운전불이행,건조,맑음,단일로 - 지하차도(도로)내,건설기계,남,60세,상해없음,자전거,남,11세,경상
2022022100100343,2022년 2월 21일 16시,월요일,인천광역시 미추홀구 용현동,경상사고,0,0,1,0,차대사람 - 기타,안전운전불이행,건조,맑음,단일로 - 기타,승용,여,51세,상해없음,보행자,남,22세,경상
2022022100100375,2022년 2월 21일 17시,월요일,인천광역시 미추홀구 용현동,경상사고,0,0,1,0,차대차 - 측면충돌,안전운전불이행,건조,맑음,교차로 - 교차로안,승용,여,30세,기타불명,자전거,남,14세,경상
2022022100100456,2022년 2월 21일 19시,월요일,인천광역시 계양구 작전동,경상사고,0,0,1,0,차대사람 - 횡단중,신호위반,건조,맑음,기타 - 기타,기타불명,기타불명,미분류,기타불명,보행자,여,40세,경상
2022022100100457,2022년 2월 21일 19시,월요일,인천광역시 부평구 청천동,경상사고,0,0,1,0,차대차 - 추돌,안전운전불이행,건조,맑음,단일로 - 기타,승용,남,42세,상해없음,승용,남,60세,경상
2022022100100501,2022년 2월 21일 21시,월요일,인천광역시 미추홀구 관교동,경상사고,0,0,1,0,차대차 - 기타,교차로운행방법위반,건조,맑음,단일로 - 기타,승용,남,27세,상해없음,이륜,남,38세,경상
2022022100100502,2022년 2월 21일 21시,월요일,인천광역시 연수구 옥련동,중상사고,0,2,0,0,차대차 - 측면충돌,안전운전불이행,건조,맑음,단일로 - 지하차도(도로)내,승용,여,60세,중상,승용,남,48세,상해없음
2022022100100503,2022년 2월 21일 21시,월요일,인천광역시 부평구 구산동,경상사고,0,0,2,0,차대차 - 측면충돌,안전거리미확보,건조,맑음,기타 - 기타,화물,남,58세,상해없음,승용,남,37세,경상
2022022100100528,2022년 2월 21일 22시,월요일,인천광역시 남동구 고잔동,경상사고,0,0,1,0,차대차 - 추돌,안전운전불이행,건조,맑음,교차로 - 교차로부근,승용,남,33세,상해없음,승용,여,46세,경상
2022022100100542,2022년 2월 21일 23시,월요일,인천광역시 서구 연희동,경상사고,0,0,2,0,차대차 - 추돌,안전운전불이행,건조,맑음,교차로 - 교차로부근,승용,남,41세,상해없음,화물,여,49세,경상
2022022200100053,2022년 2월 22일 07시,화요일,인천광역시 서구 오류동,중상사고,0,1,0,0,차대차 - 추돌,신호위반,건조,맑음,교차로 - 교차로안,건설기계,남,63세,상해없음,건설기계,남,52세,중상
2022022200100125,2022년 2월 22일 10시,화요일,인천광역시 연수구 송도동,경상사고,0,0,1,0,차대차 - 측면충돌,불법유턴,건조,맑음,단일로 - 기타,승용,남,41세,상해없음,승용,남,45세,경상
2022022200100188,2022년 2월 22일 12시,화요일,인천광역시 미추홀구 용현동,경상사고,0,0,1,0,차대차 - 측면충돌,안전운전불이행,건조,맑음,단일로 - 기타,승용,여,43세,상해없음,승용,남,62세,경상
2022022200100222,2022년 2월 22일 13시,화요일,인천광역시 미추홀구 주안동,경상사고,0,0,2,0,차대차 - 후진중충돌,기타,건조,맑음,교차로 - 교차로부근,승합,남,53세,상해없음,승용,남,37세,경상
2022022200100257,2022년 2월 22일 14시,화요일,인천광역시 연수구 송도동,경상사고,0,0,3,0,차대차 - 측면충돌,안전거리미확보,건조,맑음,단일로 - 기타,건설기계,남,50세,상해없음,승용,여,51세,경상
2022022200100280,2022년 2월 22일 15시,화요일,인천광역시 남동구 구월동,경상사고,0,0,1,0,차대차 - 측면충돌,안전운전불이행,건조,맑음,단일로 - 기타,승용,남,67세,기타불명,승용,여,39세,기타불명
2022022200100303,2022년 2월 22일 16시,화요일,인천광역시 서구 당하동,경상사고,0,0,1,0,차대차 - 측면충돌,안전운전불이행,건조,맑음,교차로 - 교차로안,승용,여,55세,상해없음,승용,남,29세,경상
2022022200100304,2022년 2월 22일 16시,화요일,인천광역시 남동구 논현동,경상사고,0,0,1,0,차대차 - 측면충돌,신호위반,건조,맑음,교차로 - 교차로안,화물,남,62세,상해없음,화물,남,42세,경상
2022022200100440,2022년 2월 22일 20시,화요일,인천광역시 미추홀구 숭의동,경상사고,0,0,1,0,차대차 - 후진중충돌,안전운전불이행,기타,기타,기타 - 기타,승용,여,16세,상해없음,승용,여,52세,경상
2022022200100441,2022년 2월 22일 20시,화요일,인천광역시 서구 석남동,경상사고,0,0,1,0,차대차 - 추돌,안전운전불이행,건조,맑음,단일로 - 기타,승용,남,52세,상해없음,승용,남,65세,경상
2022022200100489,2022년 2월 22일 22시,화요일,인천광역시 미추홀구 숭의동,중상사고,0,1,0,0,차대사람 - 횡단중,신호위반,건조,맑음,교차로 - 교차로안,승용,남,70세,상해없음,보행자,남,61세,중상
2022022200100490,2022년 2월 22일 22시,화요일,인천광역시 서구 석남동,경상사고,0,0,1,0,차대사람 - 기타,안전운전불이행,기타,맑음,주차장 - 주차장,화물,남,55세,상해없음,보행자,남,56세,경상
2022022200100502,2022년 2월 22일 23시,화요일,인천광역시 부평구 부평동,경상사고,0,0,1,0,차대차 - 측면충돌,안전운전불이행,건조,맑음,교차로 - 교차로횡단보도내,승용,남,51세,상해없음,자전거,여,29세,경상
2022022300100023,2022년 2월 23일 06시,수요일,인천광역시 부평구 산곡동,경상사고,0,0,1,0,차대차 - 측면충돌,안전운전불이행,건조,맑음,교차로 - 교차로부근,승합,남,58세,상해없음,승합,남,58세,경상
2022022300100024,2022년 2월 23일 06시,수요일,인천광역시 서구 연희동,경상사고,0,0,1,0,차대차 - 기타,안전운전불이행,건조,맑음,단일로 - 기타,화물,남,41세,상해없음,승용,남,39세,경상
2022022300100108,2022년 2월 23일 10시,수요일,인천광역시 남동구 구월동,경상사고,0,0,1,0,차대사람 - 기타,안전운전불이행,젖음/습기,맑음,교차로 - 교차로부근,화물,남,52세,상해없음,보행자,남,48세,경상
2022022300100135,2022년 2월 23일 11시,수요일,인천광역시 남동구 만수동,중상사고,0,1,1,0,차대차 - 측면충돌,안전운전불이행,건조,맑음,단일로 - 기타,화물,남,48세,상해없음,승용,남,33세,경상
2022022300100136,2022년 2월 23일 11시,수요일,인천광역시 부평구 삼산동,경상사고,0,0,1,0,차대차 - 기타,안전운전불이행,건조,맑음,단일로 - 기타,승용,남,32세,경상,승용,남,51세,상해없음
2022022300100165,2022년 2월 23일 12시,수요일,인천광역시 부평구 청천동,부상신고사고,0,0,0,1,차대차 - 측면충돌,안전운전불이행,건조,맑음,교차로 - 교차로안,승용,여,31세,상해없음,승용,남,23세,부상신고
2022022300100283,2022년 2월 23일 16시,수요일,인천광역시 서구 가정동,경상사고,0,0,1,0,차대사람 - 기타,안전운전불이행,건조,맑음,교차로 - 교차로횡단보도내,기타불명,기타불명,미분류,기타불명,보행자,남,22세,경상
2022022300100327,2022년 2월 23일 17시,수요일,인천광역시 미추홀구 주안동,경상사고,0,0,1,0,차대차 - 기타,안전운전불이행,건조,맑음,단일로 - 기타,화물,남,72세,기타불명,자전거,남,50세,경상
2022022300100328,2022년 2월 23일 17시,수요일,인천광역시 연수구 송도동,중상사고,0,1,0,0,차대차 - 측면충돌,안전운전불이행,건조,맑음,교차로 - 교차로안,승용,남,28세,상해없음,승용,남,40세,중상
2022022300100367,2022년 2월 23일 18시,수요일,인천광역시 남동구 고잔동,경상사고,0,0,2,0,차대차 - 측면충돌,교차로운행방법위반,건조,맑음,교차로 - 교차로안,승용,남,32세,상해없음,승용,남,42세,경상
2022022300100393,2022년 2월 23일 19시,수요일,인천광역시 옹진군 백령면,사망사고,1,0,0,0,차대사람 - 길가장자리구역통행중,안전운전불이행,건조,맑음,단일로 - 기타,승용,남,49세,상해없음,보행자,남,61세,사망
2022022300100436,2022년 2월 23일 21시,수요일,인천광역시 남동구 논현동,경상사고,0,0,1,0,차대차 - 측면충돌,안전운전불이행,건조,맑음,교차로 - 교차로부근,화물,남,30세,상해없음,이륜,남,40세,경상
2022022300100462,2022년 2월 23일 22시,수요일,인천광역시 부평구 갈산동,경상사고,0,0,1,0,차대차 - 추돌,안전운전불이행,건조,맑음,단일로 - 기타,승용,여,54세,상해없음,승용,여,31세,경상
2022022300100463,2022년 2월 23일 22시,수요일,인천광역시 남동구 서창동,중상사고,0,1,0,0,차대차 - 정면충돌,중앙선침범,건조,맑음,교차로 - 교차로부근,승용,남,35세,상해없음,승용,여,38세,중상
2022022400100020,2022년 2월 24일 05시,목요일,인천광역시 연수구 연수동,경상사고,0,0,1,0,차대차 - 정면충돌,중앙선침범,건조,맑음,교차로 - 교차로부근,승용,남,30세,기타불명,승합,남,61세,경상
2022022400100090,2022년 2월 24일 08시,목요일,인천광역시 동구 화평동,경상사고,0,0,5,0,차대차 - 측면충돌,기타,건조,맑음,교차로 - 교차로안,승용,남,38세,상해없음,승합,남,42세,경상
2022022400100091,2022년 2월 24일 08시,목요일,인천광역시 부평구 부평동,경상사고,0,0,3,0,차대차 - 측면충돌,안전운전불이행,건조,맑음,교차로 - 교차로부근,화물,남,55세,상해없음,화물,남,29세,경상
2022022400100143,2022년 2월 24일 10시,목요일,인천광역시 연수구 송도동,경상사고,0,0,1,0,차대차 - 측면충돌,안전운전불이행,건조,맑음,교차로 - 교차로안,승용,남,25세,상해없음,승용,여,30세,경상
2022022400100165,2022년 2월 24일 11시,목요일,인천광역시 미추홀구 주안동,경상사고,0,0,1,0,차대차 - 기타,신호위반,건조,맑음,교차로 - 교차로부근,승용,남,60세,상해없음,승합,남,56세,상해없음
2022022400100205,2022년 2월 24일 12시,목요일,인천광역시 부평구 구산동,부상신고사고,0,0,0,1,차량단독 - 기타,안전운전불이행,건조,맑음,기타 - 기타,승합,남,52세,상해없음,,,,
2022022400100258,2022년 2월 24일 14시,목요일,인천광역시 미추홀구 숭의동,경상사고,0,0,1,0,차대차 - 측면충돌,안전운전불이행,건조,맑음,교차로 - 교차로부근,승용,여,64세,상해없음,화물,남,38세,경상
2022022400100297,2022년 2월 24일 15시,목요일,인천광역시 남동구 간석동,경상사고,0,0,2,0,차대차 - 추돌,안전운전불이행,건조,맑음,단일로 - 기타,승용,남,41세,상해없음,승용,남,52세,경상
2022022400100368,2022년 2월 24일 17시,목요일,인천광역시 남동구 구월동,부상신고사고,0,0,0,1,차대사람 - 기타,안전운전불이행,건조,맑음,기타 - 기타,기타불명,기타불명,미분류,기타불명,보행자,여,12세,부상신고
2022022400100369,2022년 2월 24일 17시,목요일,인천광역시 계양구 계산동,경상사고,0,0,1,0,차대차 - 정면충돌,신호위반,건조,맑음,단일로 - 기타,승용,남,66세,상해없음,승용,여,38세,경상
2022022400100410,2022년 2월 24일 18시,목요일,인천광역시 미추홀구 도화동,경상사고,0,0,1,0,차대차 - 추돌,안전운전불이행,건조,흐림,단일로 - 지하차도(도로)내,승용,남,40세,상해없음,승용,남,44세,경상
2022022400100469,2022년 2월 24일 20시,목요일,인천광역시 남동구 수산동,중상사고,0,1,1,0,차대차 - 측면충돌,안전운전불이행,건조,맑음,단일로 - 고가도로위,승용,남,19세,상해없음,승용,남,45세,경상
2022022400100493,2022년 2월 24일 21시,목요일,인천광역시 미추홀구 주안동,부상신고사고,0,0,0,1,차대차 - 측면충돌,안전운전불이행,건조,맑음,교차로 - 교차로부근,승용,남,25세,상해없음,승용,남,43세,부상신고
2022022400100523,2022년 2월 24일 22시,목요일,인천광역시 부평구 십정동,중상사고,0,1,2,0,차대차 - 측면충돌,안전운전불이행,건조,맑음,단일로 - 기타,승용,남,53세,경상,승용,남,65세,경상
2022022400100543,2022년 2월 24일 23시,목요일,인천광역시 남동구 논현동,중상사고,0,1,0,0,차대사람 - 횡단중,안전운전불이행,건조,맑음,교차로 - 교차로부근,승용,남,67세,상해없음,보행자,남,44세,중상
2022022500100038,2022년 2월 25일 06시,금요일,인천광역시 계양구 귤현동,중상사고,0,1,6,0,차대차 - 추돌,안전운전불이행,건조,맑음,단일로 - 기타,화물,남,37세,중상,승용,남,30세,경상
2022022500100058,2022년 2월 25일 07시,금요일,인천광역시 남동구 고잔동,경상사고,0,0,2,0,차대차 - 추돌,안전거리미확보,건조,맑음,교차로 - 교차로부근,화물,남,24세,경상,승용,남,59세,경상
2022022500100059,2022년 2월 25일 07시,금요일,인천광역시 남동구 남촌동,경상사고,0,0,1,0,차대차 - 후진중충돌,안전운전불이행,건조,맑음,단일로 - 지하차도(도로)내,승용,남,43세,상해없음,이륜,남,34세,경상
2022022500100131,2022년 2월 25일 09시,금요일,인천광역시 서구 불로동,경상사고,0,0,1,0,차대차 - 기타,안전운전불이행,건조,맑음,교차로 - 교차로안,승합,남,58세,상해없음,승용,남,27세,경상
2022022500100133,2022년 2월 25일 09시,금요일,인천광역시 부평구 갈산동,경상사고,0,0,1,0,차대사람 - 기타,안전운전불이행,건조,맑음,단일로 - 기타,승용,여,55세,상해없음,보행자,남,47세,경상
2022022500100189,2022년 2월 25일 11시,금요일,인천광역시 미추홀구 주안동,경상사고,0,0,1,0,차대사람 - 기타,안전운전불이행,건조,맑음,단일로 - 기타,기타불명,남,42세,상해없음,보행자,여,72세,경상
2022022500100190,2022년 2월 25일 11시,금요일,인천광역시 남동구 구월동,경상사고,0,0,2,0,차대차 - 추돌,안전운전불이행,건조,맑음,주차장 - 주차장,승용,여,62세,상해없음,승용,남,24세,경상
2022022500100262,2022년 2월 25일 13시,금요일,인천광역시 남동구 구월동,경상사고,0,0,1,0,차대사람 - 횡단중,보행자보호의무위반,건조,맑음,교차로 - 교차로횡단보도내,승용,남,76세,상해없음,보행자,여,8세,경상
2022022500100290,2022년 2월 25일 14시,금요일,인천광역시 미추홀구 관교동,경상사고,0,0,3,0,차대차 - 측면충돌,안전거리미확보,건조,맑음,교차로 - 교차로부근,화물,남,28세,상해없음,승용,남,62세,경상
2022022500100351,2022년 2월 25일 16시,금요일,인천광역시 미추홀구 도화동,경상사고,0,0,1,0,차대차 - 측면충돌,안전운전불이행,젖음/습기,흐림,교차로 - 교차로안,승용,남,78세,기타불명,승용,남,59세,경상
2022022500100389,2022년 2월 25일 17시,금요일,인천광역시 서구 청라동,경상사고,0,0,1,0,차대사람 - 횡단중,보행자보호의무위반,건조,맑음,교차로 - 교차로횡단보도내,건설기계,남,66세,상해없음,보행자,남,18세,경상
2022022500100390,2022년 2월 25일 17시,금요일,인천광역시 계양구 병방동,중상사고,0,1,1,0,차대차 - 측면충돌,신호위반,건조,맑음,교차로 - 교차로안,승용,남,61세,경상,승합,남,56세,중상
2022022500100391,2022년 2월 25일 17시,금요일,인천광역시 중구 운남동,경상사고,0,0,2,0,차대차 - 측면충돌,안전거리미확보,건조,맑음,단일로 - 기타,화물,남,52세,상해없음,승용,남,30세,경상
2022022500100437,2022년 2월 25일 18시,금요일,인천광역시 미추홀구 숭의동,중상사고,0,1,1,0,차대차 - 측면충돌,교차로운행방법위반,건조,맑음,교차로 - 교차로안,이륜,남,37세,경상,이륜,남,63세,중상
2022022500100438,2022년 2월 25일 18시,금요일,인천광역시 미추홀구 용현동,경상사고,0,0,1,0,차대차 - 기타,안전운전불이행,기타,맑음,기타 - 기타,기타불명,기타불명,미분류,기타불명,이륜,남,30세,경상
2022022500100500,2022년 2월 25일 20시,금요일,인천광역시 연수구 연수동,경상사고,0,0,1,0,차대사람 - 횡단중,안전운전불이행,건조,맑음,교차로 - 교차로부근,승용,남,52세,상해없음,보행자,여,30세,경상
2022022500100526,2022년 2월 25일 21시,금요일,인천광역시 서구 왕길동,경상사고,0,0,1,0,차대차 - 추돌,안전운전불이행,건조,맑음,교차로 - 교차로부근,승용,남,33세,상해없음,승용,여,57세,경상
2022022500100562,2022년 2월 25일 22시,금요일,인천광역시 남동구 만수동,경상사고,0,0,1,0,차대사람 - 길가장자리구역통행중,안전운전불이행,건조,맑음,교차로 - 교차로부근,승용,남,69세,상해없음,보행자,남,54세,경상
2022022500100563,2022년 2월 25일 22시,금요일,인천광역시 서구 경서동,경상사고,0,0,2,0,차대차 - 추돌,신호위반,건조,맑음,교차로 - 교차로안,승용,남,64세,상해없음,승용,남,29세,경상
2022022500100564,2022년 2월 25일 22시,금요일,인천광역시 계양구 계산동,경상사고,0,0,1,0,차대차 - 측면충돌,안전운전불이행,건조,맑음,교차로 - 교차로안,승용,여,32세,상해없음,이륜,남,56세,경상
2022022600100009,2022년 2월 26일 00시,토요일,인천광역시 남동구 만수동,경상사고,0,0,2,0,차대차 - 후진중충돌,안전운전불이행,건조,맑음,교차로 - 교차로부근,승용,남,66세,상해없음,승용,남,18세,경상
2022022600100010,2022년 2월 26일 00시,토요일,인천광역시 남동구 운연동,경상사고,0,0,1,0,차대차 - 측면충돌,신호위반,건조,맑음,교차로 - 교차로안,승합,남,59세,상해없음,자전거,남,15세,경상