사고번호,사고일시,요일,시군구,사고내용,사망자수,중상자수,경상자수,부상신고자수,사고유형,법규위반,노면상태,기상상태,도로형태,가해운전자 차종,가해운전자 성별,가해운전자 연령,가해운전자 상해정도,피해운전자 차종,피해운전자 성별,피해운전자 연령,피해운전자 상해정도
2022022600100016,2022년 2월 26일 01시,토요일,인천광역시 부평구 부개동,중상사고,0,1,2,0,차대차 - 정면충돌,중앙선침범,젖음/습기,흐림,교차로 - 교차로안,승용,남,69세,상해없음,승용,남,69세,중상
2022022600100065,2022년 2월 26일 07시,토요일,인천광역시 미추홀구 학익동,중상사고,0,1,0,0,차대차 - 측면충돌,안전운전불이행,건조,맑음,교차로 - 교차로부근,개인형이동수단(PM),여,44세,중상,승용,여,50세,상해없음
2022022600100116,2022년 2월 26일 10시,토요일,인천광역시 동구 송림동,경상사고,0,0,3,0,차대차 - 측면충돌,교차로운행방법위반,건조,맑음,교차로 - 교차로안,승용,여,60세,경상,화물,남,53세,경상
2022022600100141,2022년 2월 26일 11시,토요일,인천광역시 계양구 효성동,경상사고,0,0,1,0,차대차 - 측면충돌,교차로운행방법위반,건조,맑음,교차로 - 교차로부근,승용,여,52세,상해없음,자전거,여,61세,경상
2022022600100173,2022년 2월 26일 12시,토요일,인천광역시 남동구 논현동,중상사고,0,1,1,1,차대차 - 정면충돌,중앙선침범,건조,맑음,교차로 - 교차로부근,승용,여,68세,상해없음,승용,남,35세,경상
2022022600100210,2022년 2월 26일 13시,토요일,인천광역시 남동구 서창동,경상사고,0,0,1,0,차대사람 - 횡단중,보행자보호의무위반,건조,맑음,교차로 - 교차로횡단보도내,기타불명,기타불명,미분류,기타불명,보행자,남,37세,경상
2022022600100264,2022년 2월 26일 15시,토요일,인천광역시 남동구 구월동,경상사고,0,0,1,0,차대차 - 측면충돌,안전운전불이행,건조,맑음,교차로 - 교차로안,화물,남,48세,상해없음,이륜,남,47세,경상
2022022600100293,2022년 2월 26일 16시,토요일,인천광역시 미추홀구 주안동,경상사고,0,0,1,0,차대차 - 측면충돌,안전운전불이행,건조,맑음,교차로 - 교차로부근,승용,여,46세,기타불명,승용,남,41세,경상
2022022600100319,2022년 2월 26일 17시,토요일,인천광역시 중구 경동,경상사고,0,0,1,0,차대차 - 측면충돌,안전거리미확보,건조,맑음,교차로 - 교차로부근,승용,남,62세,상해없음,이륜,남,55세,경상
2022022600100320,2022년 2월 26일 17시,토요일,인천광역시 부평구 청천동,중상사고,0,1,0,0,차대사람 - 길가장자리구역통행중,안전운전불이행,건조,맑음,단일로 - 기타,승용,남,37세,상해없음,보행자,남,48세,중상
2022022600100360,2022년 2월 26일 18시,토요일,인천광역시 연수구 청학동,경상사고,0,0,1,0,차대차 - 측면충돌,안전운전불이행,젖음/습기,비,교차로 - 교차로안,승용,남,66세,상해없음,승용,남,52세,경상
2022022600100361,2022년 2월 26일 18시,토요일,인천광역시 연수구 동춘동,중상사고,0,1,2,0,차대차 - 추돌,중앙선침범,건조,흐림,단일로 - 고가도로위,승용,남,19세,상해없음,승용,여,55세,중상
2022022600100362,2022년 2월 26일 18시,토요일,인천광역시 남동구 장수동,경상사고,0,0,1,0,차대차 - 측면충돌,차로위반,젖음/습기,비,단일로 - 지하차도(도로)내,승용,여,50세,상해없음,승용,남,28세,경상
2022022600100398,2022년 2월 26일 19시,토요일,인천광역시 부평구 십정동,경상사고,0,0,1,0,차대사람 - 횡단중,보행자보호의무위반,젖음/습기,비,교차로 - 교차로횡단보도내,승용,남,76세,상해없음,보행자,남,58세,경상
2022022600100399,2022년 2월 26일 19시,토요일,인천광역시 연수구 청학동,부상신고사고,0,0,0,4,차대차 - 추돌,안전운전불이행,건조,흐림,교차로 - 교차로부근,승용,남,50세,상해없음,승용,남,45세,부상신고
2022022600100457,2022년 2월 26일 21시,토요일,인천광역시 남동구 간석동,경상사고,0,0,1,0,차대사람 - 기타,안전운전불이행,건조,맑음,단일로 - 기타,승용,남,50세,상해없음,보행자,남,38세,경상
2022022600100458,2022년 2월 26일 21시,토요일,인천광역시 남동구 간석동,중상사고,0,1,3,0,차대차 - 추돌,신호위반,젖음/습기,맑음,교차로 - 교차로안,승용,남,25세,상해없음,이륜,남,18세,중상
2022022600100484,2022년 2월 26일 22시,토요일,인천광역시 부평구 부평동,경상사고,0,0,2,0,차대차 - 기타,신호위반,건조,맑음,단일로 - 기타,승용,남,19세,상해없음,승용,남,36세,경상
2022022600100505,2022년 2월 26일 23시,토요일,인천광역시 남동구 간석동,경상사고,0,0,1,0,차대차 - 측면충돌,차로위반,건조,맑음,단일로 - 기타,승용,남,36세,상해없음,이륜,남,33세,경상
2022022700100016,2022년 2월 27일 02시,일요일,인천광역시 부평구 부평동,경상사고,0,0,1,0,차대차 - 측면충돌,안전운전불이행,건조,맑음,단일로 - 터널,승용,여,45세,상해없음,승용,여,56세,경상
2022022700100022,2022년 2월 27일 04시,일요일,인천광역시 미추홀구 주안동,경상사고,0,0,1,0,차대차 - 정면충돌,신호위반,젖음/습기,흐림,교차로 - 교차로안,이륜,남,42세,상해없음,승용,여,64세,경상
2022022700100023,2022년 2월 27일 05시,일요일,인천광역시 부평구 부평동,경상사고,0,0,1,0,차대차 - 측면충돌,중앙선침범,건조,맑음,교차로 - 교차로부근,승용,남,35세,상해없음,승합,남,53세,경상
2022022700100039,2022년 2월 27일 08시,일요일,인천광역시 남동구 논현동,경상사고,0,0,1,0,차대차 - 기타,안전운전불이행,건조,맑음,교차로 - 교차로안,승합,남,56세,상해없음,승용,여,54세,경상
2022022700100051,2022년 2월 27일 09시,일요일,인천광역시 남동구 장수동,경상사고,0,0,1,0,차대차 - 측면충돌,안전운전불이행,건조,맑음,단일로 - 기타,승용,남,50세,상해없음,승용,남,46세,경상
2022022700100095,2022년 2월 27일 11시,일요일,인천광역시 중구 운서동,중상사고,0,1,1,0,차대차 - 추돌,안전운전불이행,건조,맑음,단일로 - 기타,승용,남,63세,상해없음,승용,남,35세,중상
2022022700100118,2022년 2월 27일 12시,일요일,인천광역시 남동구 구월동,경상사고,0,0,2,0,차대차 - 측면충돌,교차로운행방법위반,건조,맑음,교차로 - 교차로안,승용,남,47세,상해없음,승용,남,26세,경상
2022022700100148,2022년 2월 27일 13시,일요일,인천광역시 미추홀구 주안동,경상사고,0,0,2,0,차대차 - 측면충돌,안전거리미확보,건조,맑음,단일로 - 기타,승용,남,25세,기타불명,승용,남,60세,상해없음
2022022700100149,2022년 2월 27일 13시,일요일,인천광역시 미추홀구 주안동,경상사고,0,0,2,0,차대차 - 측면충돌,교차로운행방법위반,건조,맑음,교차로 - 교차로부근,승용,남,53세,상해없음,승용,남,25세,경상
2022022700100150,2022년 2월 27일 13시,일요일,인천광역시 연수구 송도동,중상사고,0,1,1,0,차대차 - 추돌,안전운전불이행,건조,맑음,교차로 - 교차로부근,승용,남,59세,상해없음,승용,여,57세,경상
2022022700100174,2022년 2월 27일 14시,일요일,인천광역시 서구 석남동,중상사고,0,1,0,0,차대사람 - 횡단중,안전운전불이행,건조,맑음,교차로 - 교차로안,화물,남,58세,상해없음,보행자,여,79세,중상
2022022700100175,2022년 2월 27일 14시,일요일,인천광역시 강화군 강화읍,경상사고,0,0,2,0,차대차 - 측면충돌,신호위반,건조,맑음,교차로 - 교차로부근,승용,남,52세,상해없음,승용,여,66세,경상
2022022700100176,2022년 2월 27일 14시,일요일,인천광역시 부평구 삼산동,부상신고사고,0,0,0,1,차대사람 - 기타,안전운전불이행,건조,맑음,단일로 - 기타,승용,남,51세,상해없음,보행자,남,52세,부상신고
2022022700100177,2022년 2월 27일 14시,일요일,인천광역시 남동구 논현동,중상사고,0,1,1,0,차대사람 - 길가장자리구역통행중,안전운전불이행,건조,맑음,단일로 - 기타,이륜,남,24세,상해없음,보행자,남,70세,중상
2022022700100238,2022년 2월 27일 16시,일요일,인천광역시 미추홀구 도화동,경상사고,0,0,1,0,차대차 - 측면충돌,안전거리미확보,건조,맑음,단일로 - 기타,승용,남,63세,상해없음,이륜,남,27세,경상
2022022700100260,2022년 2월 27일 17시,일요일,인천광역시 미추홀구 주안동,경상사고,0,0,2,0,차대차 - 측면충돌,교차로운행방법위반,건조,맑음,교차로 - 교차로안,승용,남,39세,상해없음,승용,남,29세,경상
2022022700100307,2022년 2월 27일 19시,일요일,인천광역시 미추홀구 주안동,경상사고,0,0,1,0,차대차 - 측면충돌,신호위반,건조,맑음,단일로 - 지하차도(도로)내,승용,남,72세,상해없음,승용,남,28세,경상
2022022700100308,2022년 2월 27일 19시,일요일,인천광역시 강화군 양도면,경상사고,0,0,1,0,차대차 - 측면충돌,중앙선침범,건조,맑음,단일로 - 기타,승용,여,61세,상해없음,화물,남,39세,경상
2022022700100309,2022년 2월 27일 19시,일요일,인천광역시 남동구 수산동,중상사고,0,1,3,0,차대차 - 추돌,안전운전불이행,건조,맑음,교차로 - 교차로부근,승용,남,39세,상해없음,승용,여,48세,중상
2022022700100342,2022년 2월 27일 21시,일요일,인천광역시 서구 불로동,중상사고,0,1,0,0,차대차 - 기타,불법유턴,건조,맑음,단일로 - 기타,승용,남,28세,상해없음,화물,남,64세,중상
2022022700100368,2022년 2월 27일 22시,일요일,인천광역시 부평구 부평동,경상사고,0,0,1,0,차대차 - 추돌,신호위반,건조,맑음,교차로 - 교차로안,승용,남,24세,상해없음,승용,남,61세,경상
2022022700100369,2022년 2월 27일 22시,일요일,인천광역시 연수구 송도동,중상사고,0,1,0,0,차대차 - 추돌,안전운전불이행,건조,맑음,교차로 - 교차로부근,승용,남,28세,상해없음,이륜,남,39세,중상
2022022800100009,2022년 2월 28일 01시,월요일,인천광역시 부평구 부평동,경상사고,0,0,1,0,차대차 - 기타,신호위반,건조,맑음,교차로 - 교차로안,승용,남,25세,기타불명,승용,남,66세,경상
2022022800100079,2022년 2월 28일 08시,월요일,인천광역시 서구 신현동,경상사고,0,0,1,0,차대차 - 측면충돌,신호위반,건조,맑음,교차로 - 교차로안,승용,여,61세,상해없음,승용,남,45세,경상
2022022800100131,2022년 2월 28일 10시,월요일,인천광역시 서구 청라동,경상사고,0,0,1,0,차대차 - 측면충돌,안전운전불이행,건조,맑음,교차로 - 교차로부근,승용,남,50세,상해없음,승용,남,24세,경상
2022022800100197,2022년 2월 28일 12시,월요일,인천광역시 서구 검암동,경상사고,0,0,1,0,차량단독 - 기타,안전운전불이행,건조,맑음,단일로 - 기타,승합,남,58세,상해없음,,,,
2022022800100198,2022년 2월 28일 12시,월요일,인천광역시 서구 가정동,경상사고,0,0,1,0,차대사람 - 횡단중,신호위반,건조,맑음,단일로 - 기타,이륜,남,51세,상해없음,보행자,여,28세,경상
2022022800100304,2022년 2월 28일 15시,월요일,인천광역시 남동구 구월동,경상사고,0,0,1,0,차대차 - 측면충돌,안전운전불이행,건조,맑음,단일로 - 지하차도(도로)내,승용,남,31세,상해없음,승용,남,49세,경상
2022022800100305,2022년 2월 28일 15시,월요일,인천광역시 서구 당하동,중상사고,0,1,0,0,차대사람 - 기타,안전운전불이행,건조,맑음,단일로 - 기타,승용,남,68세,상해없음,보행자,여,84세,중상
2022022800100333,2022년 2월 28일 16시,월요일,인천광역시 중구 운남동,중상사고,0,1,1,0,차대차 - 측면충돌,안전운전불이행,건조,맑음,단일로 - 기타,승용,여,44세,기타불명,승용,여,35세,경상
2022022800100334,2022년 2월 28일 16시,월요일,인천광역시 서구 왕길동,경상사고,0,0,1,1,차대차 - 측면충돌,안전운전불이행,건조,맑음,단일로 - 기타,건설기계,남,51세,상해없음,승용,여,51세,경상
2022022800100374,2022년 2월 28일 17시,월요일,인천광역시 남동구 간석동,경상사고,0,0,3,0,차대차 - 측면충돌,안전거리미확보,건조,맑음,단일로 - 기타,승용,남,51세,기타불명,승용,남,45세,경상
2022022800100462,2022년 2월 28일 19시,월요일,인천광역시 남동구 구월동,경상사고,0,0,1,0,차대차 - 측면충돌,안전운전불이행,건조,맑음,교차로 - 교차로안,승합,남,75세,기타불명,승용,남,43세,경상
2022022800100463,2022년 2월 28일 19시,월요일,인천광역시 남동구 장수동,경상사고,0,0,1,0,차대차 - 측면충돌,신호위반,건조,맑음,교차로 - 교차로안,승용,남,38세,상해없음,승용,남,31세,경상
2022022800100505,2022년 2월 28일 21시,월요일,인천광역시 서구 가정동,경상사고,0,0,1,0,차대사람 - 기타,안전운전불이행,건조,맑음,단일로 - 기타,기타불명,기타불명,미분류,기타불명,보행자,여,49세,경상
2022022800100506,2022년 2월 28일 21시,월요일,인천광역시 연수구 청학동,중상사고,0,1,0,0,차대차 - 측면충돌,중앙선침범,건조,맑음,단일로 - 기타,이륜,여,55세,상해없음,이륜,남,34세,중상
2022022800100531,2022년 2월 28일 22시,월요일,인천광역시 미추홀구 주안동,중상사고,0,1,2,0,차대사람 - 기타,기타,건조,맑음,단일로 - 기타,화물,남,62세,상해없음,보행자,남,55세,경상
2022022800100532,2022년 2월 28일 22시,월요일,인천광역시 연수구 연수동,경상사고,0,0,2,0,차대사람 - 보도통행중,안전운전불이행,건조,맑음,단일로 - 고가도로위,승용,여,25세,상해없음,보행자,남,33세,경상
2022022800100533,2022년 2월 28일 22시,월요일,인천광역시 부평구 부개동,부상신고사고,0,0,0,1,차대사람 - 길가장자리구역통행중,안전운전불이행,건조,맑음,교차로 - 교차로안,승용,남,27세,상해없음,보행자,남,32세,부상신고
2022022800100549,2022년 2월 28일 23시,월요일,인천광역시 남동구 간석동,경상사고,0,0,1,0,차대차 - 후진중충돌,안전운전불이행,건조,맑음,교차로 - 교차로부근,승용,남,43세,상해없음,승용,남,30세,경상
2022030100100020,2022년 3월 1일 05시,화요일,인천광역시 계양구 작전동,경상사고,0,0,1,0,차대차 - 기타,안전거리미확보,젖음/습기,비,단일로 - 기타,화물,여,61세,상해없음,이륜,남,28세,경상
2022030100100044,2022년 3월 1일 08시,화요일,인천광역시 부평구 청천동,경상사고,0,0,1,0,차대차 - 측면충돌,안전운전불이행,젖음/습기,맑음,교차로 - 교차로부근,승용,여,21세,경상,화물,남,48세,상해없음
2022030100100057,2022년 3월 1일 09시,화요일,인천광역시 부평구 갈산동,경상사고,0,0,1,0,차대차 - 측면충돌,안전운전불이행,건조,맑음,단일로 - 기타,화물,남,58세,상해없음,자전거,남,58세,경상
2022030100100121,2022년 3월 1일 12시,화요일,인천광역시 남동구 고잔동,경상사고,0,0,1,0,차대차 - 측면충돌,안전운전불이행,건조,맑음,기타 - 기타,승용,남,61세,기타불명,승용,여,30세,경상
2022030100100139,2022년 3월 1일 13시,화요일,인천광역시 남동구 남촌동,경상사고,0,0,3,0,차대차 - 추돌,안전운전불이행,젖음/습기,흐림,단일로 - 지하차도(도로)내,승용,남,61세,상해없음,화물,남,59세,경상
2022030100100195,2022년 3월 1일 15시,화요일,인천광역시 남동구 구월동,경상사고,0,0,1,0,차대차 - 측면충돌,안전운전불이행,건조,맑음,교차로 - 교차로부근,승용,남,60세,상해없음,승용,남,37세,경상
2022030100100227,2022년 3월 1일 16시,화요일,인천광역시 남동구 논현동,경상사고,0,0,2,0,차대차 - 측면충돌,차로위반,건조,맑음,단일로 - 기타,승용,남,56세,상해없음,승용,여,36세,경상
2022030100100250,2022년 3월 1일 17시,화요일,인천광역시 서구 경서동,경상사고,0,0,1,0,차대차 - 기타,안전운전불이행,건조,맑음,단일로 - 기타,승용,남,18세,상해없음,승용,남,45세,상해없음
2022030100100251,2022년 3월 1일 17시,화요일,인천광역시 계양구 효성동,경상사고,0,0,2,0,차대차 - 기타,안전운전불이행,건조,맑음,단일로 - 기타,이륜,남,21세,기타불명,승용,남,28세,경상
2022030100100305,2022년 3월 1일 19시,화요일,인천광역시 부평구 부개동,경상사고,0,0,1,0,차대차 - 정면충돌,안전운전불이행,건조,맑음,교차로 - 교차로부근,이륜,남,65세,상해없음,이륜,남,19세,경상
2022030100100367,2022년 3월 1일 23시,화요일,인천광역시 연수구 동춘동,중상사고,0,1,1,0,차대차 - 추돌,안전운전불이행,건조,맑음,교차로 - 교차로부근,승용,남,25세,상해없음,승용,남,62세,중상
2022030200100010,2022년 3월 2일 02시,수요일,인천광역시 부평구 부평동,경상사고,0,0,1,0,차대사람 - 기타,안전운전불이행,건조,맑음,기타 - 기타,이륜,남,16세,상해없음,보행자,여,54세,경상
2022030200100020,2022년 3월 2일 05시,수요일,인천광역시 미추홀구 주안동,경상사고,0,0,1,0,차대차 - 측면충돌,안전운전불이행,젖음/습기,기타,기타 - 기타,승용,남,68세,기타불명,자전거,남,52세,경상
2022030200100021,2022년 3월 2일 05시,수요일,인천광역시 남동구 간석동,경상사고,0,0,1,0,차대차 - 측면충돌,안전운전불이행,기타,기타,주차장 - 주차장,승용,남,18세,상해없음,이륜,남,14세,경상
2022030200100029,2022년 3월 2일 06시,수요일,인천광역시 계양구 계산동,중상사고,0,1,0,0,차대사람 - 기타,안전운전불이행,건조,맑음,단일로 - 기타,승합,남,55세,상해없음,보행자,여,58세,중상
2022030200100047,2022년 3월 2일 07시,수요일,인천광역시 부평구 부평동,경상사고,0,0,1,0,차대차 - 측면충돌,신호위반,건조,맑음,교차로 - 교차로부근,승용,남,38세,상해없음,승용,여,35세,경상
2022030200100080,2022년 3월 2일 08시,수요일,인천광역시 남동구 논현동,경상사고,0,0,1,0,차대차 - 정면충돌,안전운전불이행,건조,맑음,교차로 - 교차로횡단보도내,승용,여,40세,상해없음,자전거,여,53세,경상
2022030200100150,2022년 3월 2일 10시,수요일,인천광역시 서구 석남동,경상사고,0,0,2,0,차대차 - 기타,안전운전불이행,건조,맑음,기타 - 기타,건설기계,남,66세,상해없음,승용,남,27세,경상
2022030200100151,2022년 3월 2일 10시,수요일,인천광역시 연수구 선학동,경상사고,0,0,2,0,차대차 - 측면충돌,안전운전불이행,건조,맑음,기타 - 기타,승용,여,48세,상해없음,승용,남,49세,경상
2022030200100265,2022년 3월 2일 14시,수요일,인천광역시 중구 신흥동2가,중상사고,0,1,0,0,차대차 - 측면충돌,차로위반,건조,맑음,교차로 - 교차로안,승용,남,73세,상해없음,승용,남,67세,중상
2022030200100266,2022년 3월 2일 14시,수요일,인천광역시 서구 석남동,중상사고,0,1,0,0,차대사람 - 횡단중,신호위반,건조,맑음,교차로 - 교차로횡단보도내,승용,남,50세,상해없음,보행자,여,51세,중상
2022030200100343,2022년 3월 2일 16시,수요일,인천광역시 남동구 고잔동,경상사고,0,0,1,0,차대차 - 측면충돌,신호위반,건조,맑음,교차로 - 교차로안,승용,남,73세,상해없음,건설기계,남,60세,경상
2022030200100384,2022년 3월 2일 17시,수요일,인천광역시 서구 왕길동,경상사고,0,0,1,0,차대차 - 기타,안전운전불이행,건조,맑음,기타 - 기타,이륜,남,51세,경상,승용,남,42세,상해없음
2022030200100423,2022년 3월 2일 18시,수요일,인천광역시 부평구 부평동,경상사고,0,0,1,0,차대사람 - 길가장자리구역통행중,안전운전불이행,건조,맑음,단일로 - 기타,이륜,남,35세,상해없음,보행자,남,34세,경상
2022030200100462,2022년 3월 2일 19시,수요일,인천광역시 남동구 구월동,경상사고,0,0,1,0,차대차 - 추돌,안전운전불이행,건조,맑음,교차로 - 교차로부근,화물,남,52세,상해없음,승용,남,31세,경상
2022030200100463,2022년 3월 2일 19시,수요일,인천광역시 서구 청라동,경상사고,0,0,1,0,차대차 - 기타,안전운전불이행,건조,맑음,교차로 - 교차로부근,화물,남,55세,상해없음,승용,여,49세,상해없음
2022030200100464,2022년 3월 2일 19시,수요일,인천광역시 서구 가좌동,경상사고,0,0,1,0,차대사람 - 횡단중,신호위반,건조,맑음,교차로 - 교차로안,이륜,남,32세,상해없음,보행자,남,10세,경상
2022030200100465,2022년 3월 2일 19시,수요일,인천광역시 계양구 귤현동,경상사고,0,0,2,0,차대차 - 측면충돌,직진우회전진행방해,건조,맑음,교차로 - 교차로안,이륜,남,16세,경상,이륜,남,44세,경상
2022030200100489,2022년 3월 2일 20시,수요일,인천광역시 중구 인현동,경상사고,0,0,2,0,차대차 - 측면충돌,안전운전불이행,건조,맑음,교차로 - 교차로안,승용,남,59세,상해없음,승합,남,52세,경상
2022030200100505,2022년 3월 2일 21시,수요일,인천광역시 연수구 선학동,경상사고,0,0,1,0,차대사람 - 길가장자리구역통행중,안전운전불이행,건조,맑음,단일로 - 기타,승용,남,58세,상해없음,보행자,여,21세,경상
2022030200100549,2022년 3월 2일 23시,수요일,인천광역시 서구 연희동,경상사고,0,0,1,0,차대차 - 기타,신호위반,건조,맑음,교차로 - 교차로안,승용,남,48세,상해없음,화물,남,43세,기타불명
2022030300100060,2022년 3월 3일 07시,목요일,인천광역시 강화군 송해면,경상사고,0,0,1,0,차대차 - 측면충돌,안전운전불이행,건조,맑음,교차로 - 교차로안,건설기계,남,51세,상해없음,승용,여,27세,경상
2022030300100103,2022년 3월 3일 08시,목요일,인천광역시 계양구 효성동,경상사고,0,0,1,0,차대사람 - 길가장자리구역통행중,안전운전불이행,건조,맑음,기타 - 기타,승용,남,82세,상해없음,보행자,여,42세,경상
2022030300100104,2022년 3월 3일 08시,목요일,인천광역시 남동구 고잔동,경상사고,0,0,1,0,차대차 - 측면충돌,중앙선침범,건조,맑음,단일로 - 지하차도(도로)내,승용,남,48세,상해없음,승용,남,59세,경상
2022030300100105,2022년 3월 3일 08시,목요일,인천광역시 남동구 고잔동,경상사고,0,0,2,0,차대차 - 추돌,안전운전불이행,젖음/습기,맑음,단일로 - 지하차도(도로)내,승용,여,56세,상해없음,승용,남,28세,경상
2022030300100182,2022년 3월 3일 11시,목요일,인천광역시 부평구 십정동,경상사고,0,0,1,0,차대사람 - 횡단중,보행자보호의무위반,건조,맑음,교차로 - 교차로횡단보도내,승용,남,47세,상해없음,보행자,여,56세,경상
2022030300100183,2022년 3월 3일 11시,목요일,인천광역시 계양구 동양동,경상사고,0,0,1,0,차대차 - 기타,안전운전불이행,건조,맑음,단일로 - 기타,승용,여,36세,상해없음,승용,여,45세,경상
2022030300100208,2022년 3월 3일 12시,목요일,인천광역시 계양구 계산동,경상사고,0,0,1,0,차대차 - 추돌,안전운전불이행,건조,맑음,단일로 - 기타,이륜,남,49세,상해없음,승용,여,52세,경상
2022030300100209,2022년 3월 3일 12시,목요일,인천광역시 남동구 논현동,경상사고,0,0,1,0,차대차 - 측면충돌,교차로운행방법위반,건조,맑음,교차로 - 교차로안,특수,남,61세,상해없음,승용,남,60세,경상
2022030300100234,2022년 3월 3일 13시,목요일,인천광역시 남동구 구월동,경상사고,0,0,3,0,차대차 - 측면충돌,안전운전불이행,건조,맑음,교차로 - 교차로안,승용,여,45세,기타불명,승용,남,50세,경상
2022030300100235,2022년 3월 3일 13시,목요일,인천광역시 남동구 고잔동,경상사고,0,0,2,0,차대차 - 측면충돌,안전운전불이행,건조,맑음,교차로 - 교차로부근,화물,남,68세,경상,승용,여,62세,경상
2022030300100266,2022년 3월 3일 14시,목요일,인천광역시 남동구 간석동,중상사고,0,2,1,0,차대차 - 측면충돌,신호위반,건조,맑음,교차로 - 교차로안,화물,남,64세,상해없음,승용,남,31세,경상
2022030300100267,2022년 3월 3일 14시,목요일,인천광역시 서구 원창동,경상사고,0,0,1,0,차대차 - 측면충돌,안전운전불이행,건조,맑음,단일로 - 기타,이륜,남,25세,상해없음,승용,남,32세,경상
2022030300100306,2022년 3월 3일 15시,목요일,인천광역시 연수구 선학동,경상사고,0,0,1,0,차대차 - 측면충돌,중앙선침범,건조,맑음,교차로 - 교차로횡단보도내,승용,여,61세,상해없음,승용,남,62세,경상
2022030300100371,2022년 3월 3일 17시,목요일,인천광역시 남동구 만수동,중상사고,0,1,0,0,차대차 - 기타,차로위반,건조,맑음,기타 - 기타,화물,남,75세,상해없음,이륜,남,45세,중상
2022030300100457,2022년 3월 3일 20시,목요일,인천광역시 서구 금곡동,경상사고,0,0,1,0,차대차 - 추돌,안전운전불이행,건조,맑음,단일로 - 기타,승용,남,64세,상해없음,승용,여,40세,경상
2022030400100018,2022년 3월 4일 05시,금요일,인천광역시 중구 중산동,중상사고,0,1,0,0,차대사람 - 횡단중,보행자보호의무위반,건조,맑음,단일로 - 기타,승용,남,23세,상해없음,보행자,여,36세,중상
2022030400100026,2022년 3월 4일 06시,금요일,인천광역시 미추홀구 용현동,경상사고,0,0,3,0,차대차 - 측면충돌,안전운전불이행,건조,맑음,기타 - 기타,승용,남,48세,상해없음,화물,남,71세,경상
2022030400100078,2022년 3월 4일 09시,금요일,인천광역시 연수구 옥련동,경상사고,0,0,1,0,차대차 - 추돌,안전운전불이행,건조,맑음,단일로 - 기타,승용,남,48세,상해없음,승용,남,47세,경상
2022030400100120,2022년 3월 4일 11시,금요일,인천광역시 중구 용동,경상사고,0,0,1,0,차대차 - 측면충돌,안전운전불이행,건조,맑음,단일로 - 기타,승용,여,54세,기타불명,승합,남,54세,경상
2022030400100177,2022년 3월 4일 13시,금요일,인천광역시 부평구 갈산동,부상신고사고,0,0,0,1,차대차 - 추돌,안전거리미확보,건조,맑음,교차로 - 교차로부근,이륜,남,45세,상해없음,승용,여,32세,부상신고
2022030400100237,2022년 3월 4일 15시,금요일,인천광역시 남동구 간석동,중상사고,0,1,0,0,차대사람 - 기타,안전운전불이행,건조,맑음,단일로 - 기타,화물,남,41세,상해없음,보행자,여,74세,중상
2022030400100265,2022년 3월 4일 16시,금요일,인천광역시 중구 운북동,경상사고,0,0,1,0,차대차 - 측면충돌,기타,건조,맑음,교차로 - 교차로횡단보도내,승용,남,60세,상해없음,자전거,남,37세,경상
2022030400100266,2022년 3월 4일 16시,금요일,인천광역시 미추홀구 용현동,경상사고,0,0,1,0,차대차 - 측면충돌,안전운전불이행,건조,맑음,교차로 - 교차로안,승용,남,75세,상해없음,승합,남,44세,경상
2022030400100267,2022년 3월 4일 16시,금요일,인천광역시 서구 마전동,경상사고,0,0,1,0,차대차 - 측면충돌,안전운전불이행,건조,맑음,단일로 - 기타,화물,남,60세,상해없음,승용,여,44세,경상
2022030400100301,2022년 3월 4일 17시,금요일,인천광역시 부평구 부개동,경상사고,0,0,1,0,차대차 - 정면충돌,안전운전불이행,건조,흐림,단일로 - 기타,개인형이동수단(PM),남,26세,상해없음,승용,여,43세,경상
2022030400100302,2022년 3월 4일 17시,금요일,인천광역시 남동구 고잔동,경상사고,0,0,1,0,차대차 - 측면충돌,안전운전불이행,건조,맑음,교차로 - 교차로부근,승용,남,60세,상해없음,승용,남,55세,경상
2022030400100336,2022년 3월 4일 18시,금요일,인천광역시 서구 왕길동,경상사고,0,0,1,0,차대차 - 추돌,안전운전불이행,건조,맑음,단일로 - 기타,승용,남,58세,상해없음,승용,남,21세,경상
2022030400100372,2022년 3월 4일 19시,금요일,인천광역시 서구 가좌동,중상사고,0,1,0,0,차대차 - 추돌,안전운전불이행,건조,맑음,교차로 - 교차로부근,승용,남,44세,상해없음,승용,여,59세,상해없음
2022030400100433,2022년 3월 4일 21시,금요일,인천광역시 남동구 구월동,경상사고,0,0,1,0,차대차 - 추돌,안전운전불이행,건조,맑음,교차로 - 교차로부근,승용,남,45세,상해없음,승용,남,32세,경상
2022030400100434,2022년 3월 4일 21시,금요일,인천광역시 부평구 부평동,경상사고,0,0,1,0,차대차 - 측면충돌,안전운전불이행,건조,맑음,단일로 - 교량,승용,남,28세,상해없음,승용,남,66세,경상
2022030400100461,2022년 3월 4일 22시,금요일,인천광역시 연수구 연수동,경상사고,0,0,3,0,차대차 - 측면충돌,중앙선침범,건조,맑음,교차로 - 교차로부근,승용,남,20세,상해없음,승용,남,28세,경상
2022030400100462,2022년 3월 4일 22시,금요일,인천광역시 연수구 옥련동,경상사고,0,0,1,0,차대차 - 정면충돌,신호위반,건조,맑음,단일로 - 기타,승용,남,43세,상해없음,승용,여,57세,경상
2022030500100011,2022년 3월 5일 00시,토요일,인천광역시 연수구 연수동,중상사고,0,1,0,0,차대차 - 측면충돌,중앙선침범,건조,맑음,단일로 - 지하차도(도로)내,승용,남,45세,상해없음,승합,남,34세,중상