사고번호,사고일시,요일,시군구,사고내용,사망자수,중상자수,경상자수,부상신고자수,사고유형,법규위반,노면상태,기상상태,도로형태,가해운전자 차종,가해운전자 성별,가해운전자 연령,가해운전자 상해정도,피해운전자 차종,피해운전자 성별,피해운전자 연령,피해운전자 상해정도
2022040800100396,2022년 4월 8일 16시,금요일,인천광역시 미추홀구 용현동,경상사고,0,0,1,0,차대사람 - 횡단중,중앙선침범,건조,맑음,단일로 - 기타,화물,남,60세,상해없음,보행자,여,89세,경상
2022040800100397,2022년 4월 8일 16시,금요일,인천광역시 남동구 간석동,경상사고,0,0,3,0,차대차 - 추돌,안전운전불이행,건조,맑음,교차로 - 교차로안,승용,남,26세,상해없음,승용,여,50세,경상
2022040800100398,2022년 4월 8일 16시,금요일,인천광역시 연수구 옥련동,경상사고,0,0,1,0,차대사람 - 차도통행중,안전운전불이행,건조,맑음,단일로 - 지하차도(도로)내,승용,남,18세,상해없음,보행자,남,16세,경상
2022040800100455,2022년 4월 8일 17시,금요일,인천광역시 중구 신흥동2가,중상사고,0,1,0,0,차대사람 - 횡단중,안전운전불이행,건조,맑음,교차로 - 교차로횡단보도내,화물,남,40세,상해없음,보행자,남,60세,중상
2022040800100456,2022년 4월 8일 17시,금요일,인천광역시 서구 원당동,경상사고,0,0,1,0,차대차 - 측면충돌,안전운전불이행,건조,맑음,교차로 - 교차로안,승용,여,22세,상해없음,승용,여,52세,경상
2022040800100457,2022년 4월 8일 17시,금요일,인천광역시 연수구 연수동,중상사고,0,1,0,0,차대차 - 측면충돌,안전운전불이행,건조,맑음,교차로 - 교차로부근,이륜,남,41세,중상,승용,남,61세,상해없음
2022040800100507,2022년 4월 8일 18시,금요일,인천광역시 부평구 부개동,경상사고,0,0,1,0,차대차 - 정면충돌,안전운전불이행,서리/결빙,맑음,교차로 - 교차로횡단보도내,자전거,여,27세,경상,승용,여,57세,상해없음
2022040800100563,2022년 4월 8일 19시,금요일,인천광역시 중구 운서동,경상사고,0,0,1,0,차대차 - 측면충돌,신호위반,건조,맑음,단일로 - 기타,승용,남,54세,상해없음,승용,남,39세,경상
2022040800100564,2022년 4월 8일 19시,금요일,인천광역시 연수구 선학동,중상사고,0,1,0,0,차대차 - 기타,안전운전불이행,건조,맑음,기타 - 기타,승용,여,30세,기타불명,자전거,남,41세,중상
2022040800100565,2022년 4월 8일 19시,금요일,인천광역시 연수구 동춘동,경상사고,0,0,3,0,차대차 - 기타,신호위반,건조,맑음,교차로 - 교차로횡단보도내,이륜,남,50세,경상,승용,남,65세,경상
2022040800100566,2022년 4월 8일 19시,금요일,인천광역시 남동구 논현동,경상사고,0,0,1,0,차대차 - 측면충돌,안전운전불이행,건조,맑음,교차로 - 교차로부근,이륜,남,30세,상해없음,승용,남,42세,경상
2022040800100644,2022년 4월 8일 21시,금요일,인천광역시 남동구 간석동,경상사고,0,0,1,0,차대차 - 측면충돌,안전운전불이행,건조,맑음,단일로 - 기타,화물,남,58세,상해없음,승용,남,52세,경상
2022040800100666,2022년 4월 8일 22시,금요일,인천광역시 미추홀구 관교동,경상사고,0,0,1,0,차대차 - 측면충돌,안전운전불이행,건조,기타,교차로 - 교차로부근,승합,남,62세,상해없음,화물,남,34세,경상
2022040900100039,2022년 4월 9일 01시,토요일,인천광역시 서구 가좌동,경상사고,0,0,1,0,차대차 - 추돌,안전운전불이행,건조,맑음,교차로 - 교차로부근,이륜,남,32세,상해없음,승용,남,61세,경상
2022040900100081,2022년 4월 9일 07시,토요일,인천광역시 서구 석남동,경상사고,0,0,1,0,차대차 - 측면충돌,안전운전불이행,건조,맑음,교차로 - 교차로안,건설기계,남,61세,상해없음,승용,남,59세,경상
2022040900100216,2022년 4월 9일 12시,토요일,인천광역시 계양구 효성동,경상사고,0,0,1,0,차대차 - 기타,안전운전불이행,건조,맑음,단일로 - 기타,승용,남,43세,상해없음,승용,남,67세,상해없음
2022040900100267,2022년 4월 9일 13시,토요일,인천광역시 중구 중산동,경상사고,0,0,2,0,차대차 - 추돌,안전운전불이행,건조,맑음,교차로 - 교차로안,승용,남,51세,상해없음,승용,남,50세,경상
2022040900100268,2022년 4월 9일 13시,토요일,인천광역시 서구 연희동,경상사고,0,0,1,0,차대차 - 추돌,신호위반,건조,맑음,교차로 - 교차로안,승용,여,46세,상해없음,승용,남,39세,경상
2022040900100320,2022년 4월 9일 14시,토요일,인천광역시 강화군 선원면,경상사고,0,0,1,0,차대차 - 측면충돌,교차로운행방법위반,건조,흐림,교차로 - 교차로부근,승용,남,23세,상해없음,승용,남,27세,경상
2022040900100321,2022년 4월 9일 14시,토요일,인천광역시 부평구 삼산동,경상사고,0,0,1,0,차대차 - 기타,안전운전불이행,기타,기타,단일로 - 기타,승용,남,41세,상해없음,승용,여,43세,경상
2022040900100322,2022년 4월 9일 14시,토요일,인천광역시 남동구 장수동,경상사고,0,0,2,0,차대차 - 측면충돌,안전거리미확보,건조,맑음,단일로 - 지하차도(도로)내,승용,남,73세,상해없음,승용,남,62세,경상
2022040900100363,2022년 4월 9일 15시,토요일,인천광역시 강화군 송해면,경상사고,0,0,1,0,차대차 - 측면충돌,중앙선침범,건조,맑음,단일로 - 기타,화물,남,72세,상해없음,화물,남,30세,경상
2022040900100400,2022년 4월 9일 16시,토요일,인천광역시 중구 신흥동1가,경상사고,0,0,1,0,차대차 - 측면충돌,신호위반,건조,맑음,교차로 - 교차로부근,승용,남,18세,상해없음,승용,남,38세,경상
2022040900100401,2022년 4월 9일 16시,토요일,인천광역시 남동구 장수동,경상사고,0,0,3,0,차대차 - 측면충돌,차로위반,건조,맑음,단일로 - 지하차도(도로)내,화물,남,58세,상해없음,승용,남,40세,경상
2022040900100478,2022년 4월 9일 18시,토요일,인천광역시 서구 가좌동,경상사고,0,0,3,0,차대차 - 기타,안전운전불이행,건조,맑음,단일로 - 기타,승용,남,54세,상해없음,승용,남,23세,경상
2022040900100511,2022년 4월 9일 19시,토요일,인천광역시 남동구 구월동,경상사고,0,0,1,0,차대차 - 후진중충돌,안전운전불이행,건조,맑음,교차로 - 교차로부근,승용,남,23세,상해없음,이륜,남,27세,경상
2022040900100543,2022년 4월 9일 20시,토요일,인천광역시 계양구 효성동,중상사고,0,1,0,0,차대사람 - 기타,안전운전불이행,건조,맑음,기타 - 기타,화물,남,29세,상해없음,보행자,여,60세,중상
2022040900100544,2022년 4월 9일 20시,토요일,인천광역시 부평구 일신동,경상사고,0,0,3,0,차대차 - 추돌,안전운전불이행,건조,맑음,단일로 - 기타,승용,남,44세,상해없음,승용,여,52세,경상
2022040900100587,2022년 4월 9일 22시,토요일,인천광역시 부평구 십정동,경상사고,0,0,1,0,차대사람 - 기타,안전운전불이행,건조,맑음,단일로 - 기타,승용,남,77세,상해없음,보행자,여,56세,경상
2022040900100588,2022년 4월 9일 22시,토요일,인천광역시 남동구 고잔동,중상사고,0,1,0,0,차대차 - 측면충돌,신호위반,건조,맑음,교차로 - 교차로안,이륜,남,39세,상해없음,이륜,남,55세,중상
2022041000100016,2022년 4월 10일 00시,일요일,인천광역시 미추홀구 용현동,경상사고,0,0,5,0,차대차 - 측면충돌,신호위반,건조,맑음,교차로 - 교차로부근,승용,남,60세,상해없음,이륜,남,18세,경상
2022041000100029,2022년 4월 10일 01시,일요일,인천광역시 남동구 구월동,경상사고,0,0,2,0,차대차 - 추돌,안전운전불이행,건조,맑음,기타 - 기타,승용,남,30세,상해없음,승합,남,52세,경상
2022041000100036,2022년 4월 10일 02시,일요일,인천광역시 연수구 송도동,중상사고,0,1,1,0,차대차 - 추돌,기타,건조,맑음,단일로 - 교량,승용,남,31세,상해없음,승용,남,67세,경상
2022041000100050,2022년 4월 10일 06시,일요일,인천광역시 남동구 구월동,경상사고,0,0,2,0,차대차 - 측면충돌,신호위반,건조,맑음,교차로 - 교차로안,승용,여,50세,상해없음,화물,남,51세,경상
2022041000100080,2022년 4월 10일 09시,일요일,인천광역시 미추홀구 주안동,경상사고,0,0,1,0,차대차 - 측면충돌,안전운전불이행,건조,맑음,단일로 - 기타,승용,여,52세,상해없음,승용,남,49세,경상
2022041000100123,2022년 4월 10일 11시,일요일,인천광역시 옹진군 영흥면,경상사고,0,0,6,0,차대차 - 측면충돌,중앙선침범,건조,맑음,단일로 - 교량,승용,남,64세,상해없음,승용,남,36세,경상
2022041000100124,2022년 4월 10일 11시,일요일,인천광역시 남동구 구월동,경상사고,0,0,2,0,차대사람 - 차도통행중,안전운전불이행,건조,맑음,단일로 - 기타,이륜,남,21세,기타불명,보행자,여,66세,경상
2022041000100125,2022년 4월 10일 11시,일요일,인천광역시 강화군 송해면,경상사고,0,0,1,0,차대사람 - 기타,안전운전불이행,건조,맑음,단일로 - 기타,승용,남,59세,상해없음,보행자,여,74세,경상
2022041000100152,2022년 4월 10일 12시,일요일,인천광역시 미추홀구 용현동,경상사고,0,0,2,0,차대차 - 측면충돌,안전운전불이행,건조,맑음,교차로 - 교차로안,승용,남,74세,경상,승용,남,36세,경상
2022041000100153,2022년 4월 10일 12시,일요일,인천광역시 부평구 십정동,사망사고,1,0,0,0,차대사람 - 횡단중,안전운전불이행,건조,맑음,단일로 - 기타,승용,남,41세,상해없음,보행자,남,4세,사망
2022041000100185,2022년 4월 10일 13시,일요일,인천광역시 미추홀구 주안동,경상사고,0,0,1,0,차대사람 - 차도통행중,안전운전불이행,건조,맑음,기타 - 기타,승용,남,30세,상해없음,보행자,남,51세,경상
2022041000100186,2022년 4월 10일 13시,일요일,인천광역시 미추홀구 숭의동,경상사고,0,0,1,0,차대사람 - 차도통행중,신호위반,건조,맑음,교차로 - 교차로안,승용,남,58세,상해없음,보행자,여,69세,경상
2022041000100187,2022년 4월 10일 13시,일요일,인천광역시 부평구 십정동,중상사고,0,1,0,0,차대사람 - 횡단중,보행자보호의무위반,건조,맑음,교차로 - 교차로횡단보도내,승용,여,50세,상해없음,보행자,여,46세,중상
2022041000100188,2022년 4월 10일 13시,일요일,인천광역시 계양구 계산동,경상사고,0,0,1,0,차대사람 - 횡단중,보행자보호의무위반,건조,맑음,교차로 - 교차로횡단보도내,승용,여,55세,상해없음,보행자,남,63세,경상
2022041000100227,2022년 4월 10일 14시,일요일,인천광역시 계양구 효성동,경상사고,0,0,2,0,차대차 - 측면충돌,안전운전불이행,건조,맑음,교차로 - 교차로부근,화물,남,61세,상해없음,승용,여,48세,경상
2022041000100258,2022년 4월 10일 15시,일요일,인천광역시 부평구 부평동,경상사고,0,0,3,0,차대차 - 측면충돌,안전운전불이행,건조,맑음,단일로 - 기타,승용,남,22세,상해없음,승용,남,55세,경상
2022041000100297,2022년 4월 10일 16시,일요일,인천광역시 남동구 간석동,경상사고,0,0,1,0,차대차 - 기타,안전거리미확보,건조,맑음,단일로 - 기타,기타불명,기타불명,미분류,기타불명,이륜,남,41세,경상
2022041000100376,2022년 4월 10일 19시,일요일,인천광역시 서구 당하동,경상사고,0,0,2,0,차대차 - 측면충돌,안전운전불이행,건조,맑음,교차로 - 교차로부근,이륜,남,44세,경상,승용,여,50세,경상
2022041000100377,2022년 4월 10일 19시,일요일,인천광역시 남동구 남촌동,경상사고,0,0,1,0,차대차 - 측면충돌,안전거리미확보,건조,맑음,교차로 - 교차로부근,승용,남,50세,상해없음,승용,남,22세,경상
2022041000100420,2022년 4월 10일 21시,일요일,인천광역시 서구 원창동,경상사고,0,0,3,0,차대차 - 기타,안전운전불이행,건조,맑음,단일로 - 기타,승용,남,61세,상해없음,승용,남,60세,경상
2022041100100011,2022년 4월 11일 00시,월요일,인천광역시 부평구 일신동,경상사고,0,0,1,0,차대차 - 추돌,안전거리미확보,건조,맑음,단일로 - 기타,승용,남,20세,상해없음,승용,남,45세,경상
2022041100100044,2022년 4월 11일 06시,월요일,인천광역시 남동구 장수동,부상신고사고,0,0,0,1,차대차 - 측면충돌,안전운전불이행,건조,맑음,교차로 - 교차로안,화물,남,65세,상해없음,승용,남,43세,부상신고
2022041100100063,2022년 4월 11일 07시,월요일,인천광역시 부평구 부평동,중상사고,0,1,0,0,차대사람 - 횡단중,신호위반,건조,맑음,교차로 - 교차로안,이륜,남,18세,상해없음,보행자,여,72세,중상
2022041100100064,2022년 4월 11일 07시,월요일,인천광역시 연수구 송도동,경상사고,0,0,1,0,차대차 - 추돌,안전운전불이행,건조,맑음,교차로 - 교차로안,승용,남,31세,상해없음,승용,남,40세,경상
2022041100100106,2022년 4월 11일 08시,월요일,인천광역시 서구 신현동,경상사고,0,0,2,0,차대차 - 추돌,안전운전불이행,건조,맑음,교차로 - 교차로부근,승용,남,43세,상해없음,승용,남,34세,경상
2022041100100107,2022년 4월 11일 08시,월요일,인천광역시 계양구 작전동,중상사고,0,1,0,0,차대차 - 측면충돌,중앙선침범,건조,맑음,단일로 - 기타,승용,남,60세,상해없음,자전거,남,87세,중상
2022041100100213,2022년 4월 11일 11시,월요일,인천광역시 옹진군 백령면,중상사고,0,1,0,0,차대차 - 측면충돌,중앙선침범,건조,맑음,단일로 - 기타,화물,남,62세,상해없음,이륜,남,52세,중상
2022041100100214,2022년 4월 11일 11시,월요일,인천광역시 중구 신흥동3가,경상사고,0,0,1,0,차대차 - 측면충돌,안전운전불이행,건조,맑음,교차로 - 교차로안,화물,남,44세,상해없음,특수,남,52세,경상
2022041100100250,2022년 4월 11일 12시,월요일,인천광역시 서구 왕길동,경상사고,0,0,1,0,차대사람 - 기타,불법유턴,건조,맑음,단일로 - 기타,화물,남,48세,상해없음,보행자,남,26세,경상
2022041100100315,2022년 4월 11일 14시,월요일,인천광역시 서구 당하동,경상사고,0,0,1,0,차대차 - 기타,안전운전불이행,건조,맑음,교차로 - 교차로횡단보도내,승용,남,69세,상해없음,자전거,남,12세,경상
2022041100100316,2022년 4월 11일 14시,월요일,인천광역시 남동구 고잔동,중상사고,0,1,0,0,차대차 - 기타,신호위반,건조,맑음,교차로 - 교차로안,승용,남,62세,상해없음,승용,여,63세,중상
2022041100100356,2022년 4월 11일 15시,월요일,인천광역시 계양구 용종동,경상사고,0,0,1,0,차대차 - 기타,안전운전불이행,건조,맑음,단일로 - 기타,이륜,남,60세,상해없음,자전거,여,77세,경상
2022041100100357,2022년 4월 11일 15시,월요일,인천광역시 계양구 계산동,경상사고,0,0,3,0,차대차 - 측면충돌,안전운전불이행,건조,맑음,단일로 - 기타,승용,남,65세,경상,승용,남,69세,경상
2022041100100391,2022년 4월 11일 16시,월요일,인천광역시 부평구 부개동,중상사고,0,1,0,0,차대차 - 측면충돌,안전운전불이행,건조,맑음,단일로 - 기타,승용,여,43세,상해없음,자전거,남,64세,중상
2022041100100438,2022년 4월 11일 17시,월요일,인천광역시 남동구 간석동,경상사고,0,0,1,0,차대차 - 측면충돌,안전운전불이행,건조,맑음,교차로 - 교차로안,승용,여,54세,상해없음,승용,여,54세,경상
2022041100100510,2022년 4월 11일 19시,월요일,인천광역시 미추홀구 용현동,경상사고,0,0,1,0,차대차 - 측면충돌,교차로운행방법위반,건조,맑음,교차로 - 교차로부근,승용,여,50세,기타불명,승합,남,62세,경상
2022041100100511,2022년 4월 11일 19시,월요일,인천광역시 서구 마전동,경상사고,0,0,1,0,차대차 - 측면충돌,안전운전불이행,건조,맑음,교차로 - 교차로안,승용,남,29세,상해없음,승용,남,28세,경상
2022041100100543,2022년 4월 11일 20시,월요일,인천광역시 미추홀구 주안동,경상사고,0,0,1,0,차대차 - 기타,안전운전불이행,건조,맑음,교차로 - 교차로부근,승용,여,39세,상해없음,승용,남,65세,경상
2022041100100544,2022년 4월 11일 20시,월요일,인천광역시 부평구 부평동,경상사고,0,0,3,0,차대차 - 추돌,안전운전불이행,건조,맑음,교차로 - 교차로안,승용,남,65세,상해없음,승용,남,62세,상해없음
2022041100100589,2022년 4월 11일 22시,월요일,인천광역시 중구 신생동,경상사고,0,0,1,0,차대차 - 측면충돌,기타,서리/결빙,맑음,교차로 - 교차로부근,승용,남,35세,상해없음,승합,남,53세,경상
2022041100100590,2022년 4월 11일 22시,월요일,인천광역시 서구 심곡동,경상사고,0,0,1,0,차대차 - 기타,안전운전불이행,건조,맑음,교차로 - 교차로안,승용,남,20세,상해없음,승용,여,42세,경상
2022041100100591,2022년 4월 11일 22시,월요일,인천광역시 계양구 용종동,경상사고,0,0,2,0,차대차 - 추돌,안전운전불이행,건조,맑음,교차로 - 교차로부근,승용,남,60세,상해없음,승용,여,47세,경상
2022041100100600,2022년 4월 11일 23시,월요일,인천광역시 남동구 구월동,경상사고,0,0,1,1,차대차 - 기타,안전거리미확보,건조,맑음,단일로 - 기타,승용,남,22세,상해없음,승용,남,67세,부상신고
2022041200100015,2022년 4월 12일 00시,화요일,인천광역시 남동구 구월동,경상사고,0,0,2,0,차대차 - 측면충돌,안전운전불이행,건조,맑음,교차로 - 교차로부근,승용,남,25세,상해없음,승용,남,51세,경상
2022041200100016,2022년 4월 12일 00시,화요일,인천광역시 서구 청라동,경상사고,0,0,1,0,차대차 - 기타,신호위반,건조,맑음,교차로 - 교차로안,승용,남,37세,상해없음,승용,남,41세,상해없음
2022041200100038,2022년 4월 12일 04시,화요일,인천광역시 서구 석남동,경상사고,0,0,3,0,차대차 - 추돌,안전거리미확보,젖음/습기,비,단일로 - 기타,승용,남,36세,상해없음,승합,남,51세,경상
2022041200100039,2022년 4월 12일 04시,화요일,인천광역시 남동구 고잔동,경상사고,0,0,1,0,차대차 - 측면충돌,신호위반,젖음/습기,비,교차로 - 교차로안,특수,남,57세,상해없음,승용,남,34세,경상
2022041200100077,2022년 4월 12일 07시,화요일,인천광역시 서구 청라동,중상사고,0,1,1,0,차대차 - 기타,신호위반,건조,맑음,교차로 - 교차로안,화물,남,59세,상해없음,승용,여,44세,경상
2022041200100112,2022년 4월 12일 08시,화요일,인천광역시 미추홀구 주안동,중상사고,0,1,0,0,차대사람 - 횡단중,안전운전불이행,건조,맑음,단일로 - 기타,승용,여,43세,상해없음,보행자,여,7세,중상
2022041200100113,2022년 4월 12일 08시,화요일,인천광역시 미추홀구 숭의동,경상사고,0,0,1,0,차대차 - 측면충돌,안전운전불이행,건조,맑음,교차로 - 교차로안,승용,남,65세,상해없음,승용,남,39세,경상
2022041200100147,2022년 4월 12일 09시,화요일,인천광역시 부평구 십정동,경상사고,0,0,1,0,차대차 - 측면충돌,안전운전불이행,건조,맑음,교차로 - 교차로부근,화물,남,56세,상해없음,승용,여,51세,경상
2022041200100148,2022년 4월 12일 09시,화요일,인천광역시 남동구 도림동,경상사고,0,0,1,0,차대차 - 측면충돌,안전거리미확보,건조,맑음,단일로 - 기타,승용,남,61세,상해없음,승용,여,36세,경상
2022041200100179,2022년 4월 12일 10시,화요일,인천광역시 미추홀구 용현동,중상사고,0,1,0,0,차대사람 - 보도통행중,보행자보호의무위반,건조,맑음,교차로 - 교차로횡단보도내,승용,여,48세,상해없음,보행자,여,45세,중상
2022041200100234,2022년 4월 12일 12시,화요일,인천광역시 미추홀구 용현동,경상사고,0,0,1,0,차대차 - 측면충돌,안전거리미확보,건조,맑음,단일로 - 기타,승용,여,53세,상해없음,승용,여,41세,경상
2022041200100261,2022년 4월 12일 13시,화요일,인천광역시 연수구 송도동,중상사고,0,1,0,0,차대차 - 측면충돌,안전운전불이행,건조,맑음,단일로 - 고가도로위,승용,여,44세,상해없음,개인형이동수단(PM),남,22세,중상
2022041200100313,2022년 4월 12일 15시,화요일,인천광역시 남동구 간석동,경상사고,0,0,1,0,차대차 - 측면충돌,안전운전불이행,건조,맑음,단일로 - 기타,화물,남,64세,상해없음,승용,남,64세,경상
2022041200100399,2022년 4월 12일 17시,화요일,인천광역시 남동구 고잔동,중상사고,0,1,0,0,차대차 - 측면충돌,안전운전불이행,건조,맑음,단일로 - 기타,자전거,남,65세,상해없음,자전거,남,67세,중상
2022041200100471,2022년 4월 12일 19시,화요일,인천광역시 남동구 구월동,경상사고,0,0,1,0,차대차 - 추돌,안전운전불이행,건조,흐림,교차로 - 교차로부근,승용,남,26세,상해없음,이륜,남,31세,경상
2022041200100500,2022년 4월 12일 20시,화요일,인천광역시 부평구 부평동,경상사고,0,0,1,0,차대차 - 후진중충돌,안전운전불이행,건조,맑음,교차로 - 교차로안,승용,여,63세,상해없음,승용,남,36세,경상
2022041200100501,2022년 4월 12일 20시,화요일,인천광역시 남동구 만수동,부상신고사고,0,0,0,1,차대사람 - 기타,안전운전불이행,건조,맑음,교차로 - 교차로부근,승용,남,59세,상해없음,보행자,남,52세,부상신고
2022041200100524,2022년 4월 12일 21시,화요일,인천광역시 계양구 계산동,경상사고,0,0,3,0,차대차 - 측면충돌,안전운전불이행,젖음/습기,흐림,단일로 - 기타,승용,남,62세,상해없음,승용,여,24세,경상
2022041200100575,2022년 4월 12일 23시,화요일,인천광역시 남동구 구월동,경상사고,0,0,1,0,차대차 - 후진중충돌,안전운전불이행,건조,맑음,단일로 - 기타,승용,남,28세,상해없음,승용,남,29세,경상
2022041300100018,2022년 4월 13일 01시,수요일,인천광역시 서구 석남동,경상사고,0,0,1,0,차대사람 - 기타,안전운전불이행,젖음/습기,비,단일로 - 기타,기타불명,기타불명,미분류,기타불명,보행자,남,45세,경상
2022041300100019,2022년 4월 13일 01시,수요일,인천광역시 서구 석남동,경상사고,0,0,1,0,차대사람 - 기타,안전운전불이행,젖음/습기,비,단일로 - 기타,기타불명,기타불명,미분류,기타불명,보행자,남,63세,경상
2022041300100033,2022년 4월 13일 05시,수요일,인천광역시 남동구 간석동,부상신고사고,0,0,0,1,차대차 - 측면충돌,차로위반,젖음/습기,비,교차로 - 교차로부근,이륜,남,64세,부상신고,화물,남,63세,상해없음
2022041300100068,2022년 4월 13일 07시,수요일,인천광역시 부평구 십정동,경상사고,0,0,1,0,차대차 - 측면충돌,안전운전불이행,건조,맑음,교차로 - 교차로부근,승용,남,74세,상해없음,승용,남,63세,경상
2022041300100109,2022년 4월 13일 08시,수요일,인천광역시 서구 가좌동,경상사고,0,0,1,0,차대차 - 측면충돌,안전운전불이행,건조,맑음,단일로 - 기타,화물,남,64세,상해없음,승용,남,30세,경상
2022041300100110,2022년 4월 13일 08시,수요일,인천광역시 연수구 송도동,중상사고,0,1,0,0,차량단독 - 기타,기타,건조,맑음,단일로 - 기타,승합,남,49세,상해없음,,,,
2022041300100156,2022년 4월 13일 10시,수요일,인천광역시 계양구 작전동,경상사고,0,0,2,0,차대차 - 정면충돌,안전운전불이행,건조,맑음,주차장 - 주차장,승용,여,60세,경상,승용,남,61세,경상
2022041300100184,2022년 4월 13일 11시,수요일,인천광역시 강화군 교동면,부상신고사고,0,0,0,1,차량단독 - 전도전복 - 전도,안전운전불이행,건조,맑음,단일로 - 지하차도(도로)내,원동기,남,36세,부상신고,,,,
2022041300100185,2022년 4월 13일 11시,수요일,인천광역시 부평구 일신동,사망사고,1,0,0,0,차대사람 - 기타,안전운전불이행,건조,흐림,기타 - 기타,이륜,남,27세,상해없음,보행자,남,70세,사망
2022041300100259,2022년 4월 13일 14시,수요일,인천광역시 연수구 연수동,경상사고,0,0,1,0,차대사람 - 기타,안전운전불이행,건조,맑음,교차로 - 교차로부근,승용,남,51세,기타불명,보행자,여,41세,경상
2022041300100288,2022년 4월 13일 15시,수요일,인천광역시 서구 가정동,경상사고,0,0,1,0,차대차 - 측면충돌,안전운전불이행,건조,맑음,단일로 - 기타,승용,남,53세,상해없음,승용,남,41세,경상
2022041300100327,2022년 4월 13일 16시,수요일,인천광역시 계양구 작전동,경상사고,0,0,1,0,차대차 - 측면충돌,중앙선침범,건조,맑음,교차로 - 교차로안,승합,남,35세,상해없음,승용,여,67세,경상
2022041300100366,2022년 4월 13일 17시,수요일,인천광역시 미추홀구 문학동,경상사고,0,0,1,0,차대차 - 측면충돌,교차로운행방법위반,건조,맑음,교차로 - 교차로안,화물,남,45세,상해없음,승용,남,55세,경상
2022041300100367,2022년 4월 13일 17시,수요일,인천광역시 서구 청라동,경상사고,0,0,1,0,차대차 - 기타,안전운전불이행,건조,맑음,교차로 - 교차로부근,화물,남,53세,상해없음,자전거,남,13세,경상
2022041300100368,2022년 4월 13일 17시,수요일,인천광역시 서구 청라동,경상사고,0,0,1,0,차대차 - 측면충돌,신호위반,건조,맑음,교차로 - 교차로안,승용,남,26세,상해없음,승용,여,65세,경상
2022041300100369,2022년 4월 13일 17시,수요일,인천광역시 서구 신현동,경상사고,0,0,2,0,차대차 - 측면충돌,안전운전불이행,건조,맑음,교차로 - 교차로안,원동기,남,67세,경상,승합,남,29세,경상
2022041300100406,2022년 4월 13일 18시,수요일,인천광역시 미추홀구 주안동,경상사고,0,0,1,0,차대차 - 측면충돌,안전운전불이행,건조,맑음,교차로 - 교차로안,승용,남,38세,상해없음,승용,남,31세,경상
2022041300100407,2022년 4월 13일 18시,수요일,인천광역시 서구 신현동,경상사고,0,0,1,0,차대차 - 추돌,안전운전불이행,건조,맑음,교차로 - 교차로부근,특수,남,64세,상해없음,승용,여,34세,경상
2022041300100444,2022년 4월 13일 19시,수요일,인천광역시 부평구 부평동,경상사고,0,0,1,0,차대사람 - 기타,안전운전불이행,건조,맑음,단일로 - 기타,개인형이동수단(PM),남,32세,상해없음,보행자,여,28세,경상
2022041300100445,2022년 4월 13일 19시,수요일,인천광역시 남동구 만수동,경상사고,0,0,1,0,차대차 - 추돌,안전운전불이행,젖음/습기,비,단일로 - 기타,이륜,남,42세,상해없음,승용,여,29세,경상
2022041300100479,2022년 4월 13일 20시,수요일,인천광역시 서구 마전동,중상사고,0,1,0,0,차대사람 - 보도통행중,안전운전불이행,건조,맑음,기타 - 기타,승용,남,32세,상해없음,보행자,남,26세,중상
2022041300100480,2022년 4월 13일 20시,수요일,인천광역시 계양구 작전동,경상사고,0,0,1,0,차대차 - 측면충돌,안전운전불이행,건조,맑음,단일로 - 기타,기타불명,기타불명,미분류,기타불명,이륜,남,19세,경상
2022041300100564,2022년 4월 13일 23시,수요일,인천광역시 연수구 송도동,경상사고,0,0,3,0,차대차 - 측면충돌,중앙선침범,건조,맑음,단일로 - 기타,승용,남,33세,상해없음,승합,남,68세,경상
2022041400100036,2022년 4월 14일 05시,목요일,인천광역시 남동구 만수동,경상사고,0,0,1,0,차대차 - 측면충돌,불법유턴,건조,맑음,교차로 - 교차로안,이륜,남,58세,경상,승용,남,63세,상해없음
2022041400100109,2022년 4월 14일 08시,목요일,인천광역시 부평구 부평동,중상사고,0,1,0,0,차대사람 - 기타,안전운전불이행,건조,맑음,기타 - 기타,화물,남,67세,상해없음,보행자,여,59세,중상
2022041400100110,2022년 4월 14일 08시,목요일,인천광역시 남동구 논현동,경상사고,0,0,1,0,차대차 - 추돌,안전운전불이행,건조,맑음,교차로 - 교차로안,승용,남,40세,상해없음,승용,여,48세,경상
2022041400100156,2022년 4월 14일 10시,목요일,인천광역시 미추홀구 주안동,경상사고,0,0,1,0,차대차 - 측면충돌,교차로운행방법위반,건조,맑음,교차로 - 교차로부근,화물,남,55세,기타불명,승용,남,53세,경상
2022041400100186,2022년 4월 14일 11시,목요일,인천광역시 남동구 만수동,경상사고,0,0,2,0,차대차 - 측면충돌,차로위반,건조,맑음,단일로 - 기타,화물,남,42세,상해없음,승용,여,51세,경상
2022041400100187,2022년 4월 14일 11시,목요일,인천광역시 강화군 강화읍,중상사고,0,1,0,0,차대차 - 측면충돌,중앙선침범,건조,맑음,교차로 - 교차로부근,화물,남,72세,상해없음,이륜,남,47세,중상
2022041400100188,2022년 4월 14일 11시,목요일,인천광역시 강화군 길상면,중상사고,0,1,0,0,차대차 - 측면충돌,교차로운행방법위반,건조,맑음,교차로 - 교차로안,승용,여,52세,기타불명,승용,남,63세,중상