사고번호,사고일시,요일,시군구,사고내용,사망자수,중상자수,경상자수,부상신고자수,사고유형,법규위반,노면상태,기상상태,도로형태,가해운전자 차종,가해운전자 성별,가해운전자 연령,가해운전자 상해정도,피해운전자 차종,피해운전자 성별,피해운전자 연령,피해운전자 상해정도
2022042000100443,2022년 4월 20일 17시,수요일,인천광역시 연수구 송도동,경상사고,0,0,1,0,차대차 - 측면충돌,교차로운행방법위반,건조,맑음,교차로 - 교차로안,승용,여,29세,상해없음,승합,남,38세,경상
2022042000100487,2022년 4월 20일 18시,수요일,인천광역시 남동구 간석동,경상사고,0,0,1,0,차대차 - 후진중충돌,안전운전불이행,건조,맑음,단일로 - 기타,승합,남,60세,상해없음,승용,남,47세,경상
2022042000100488,2022년 4월 20일 18시,수요일,인천광역시 계양구 작전동,경상사고,0,0,1,0,차대차 - 측면충돌,안전운전불이행,건조,맑음,단일로 - 기타,승용,여,25세,상해없음,승용,남,48세,경상
2022042000100489,2022년 4월 20일 18시,수요일,인천광역시 남동구 고잔동,경상사고,0,0,1,0,차대차 - 측면충돌,차로위반,건조,맑음,단일로 - 기타,승용,여,26세,상해없음,승용,남,42세,경상
2022042000100602,2022년 4월 20일 22시,수요일,인천광역시 서구 심곡동,경상사고,0,0,1,0,차대사람 - 기타,안전운전불이행,건조,맑음,교차로 - 교차로부근,기타불명,기타불명,미분류,기타불명,보행자,남,56세,경상
2022042000100625,2022년 4월 20일 23시,수요일,인천광역시 계양구 서운동,중상사고,0,1,0,0,차대사람 - 기타,안전운전불이행,건조,맑음,단일로 - 기타,승용,남,42세,상해없음,보행자,남,67세,중상
2022042100100009,2022년 4월 21일 00시,목요일,인천광역시 부평구 산곡동,경상사고,0,0,2,0,차대차 - 추돌,안전운전불이행,건조,맑음,교차로 - 교차로부근,승용,남,49세,상해없음,승용,남,59세,경상
2022042100100012,2022년 4월 21일 01시,목요일,인천광역시 서구 백석동,중상사고,0,2,1,0,차대차 - 기타,안전운전불이행,건조,맑음,단일로 - 고가도로위,승용,남,33세,상해없음,화물,남,35세,중상
2022042100100062,2022년 4월 21일 07시,목요일,인천광역시 계양구 계산동,경상사고,0,0,1,0,차대차 - 측면충돌,안전운전불이행,건조,맑음,단일로 - 기타,승용,남,40세,상해없음,화물,남,69세,경상
2022042100100094,2022년 4월 21일 08시,목요일,인천광역시 부평구 부평동,부상신고사고,0,0,0,1,차대사람 - 기타,안전운전불이행,건조,맑음,단일로 - 기타,승용,여,50세,상해없음,보행자,여,57세,부상신고
2022042100100136,2022년 4월 21일 09시,목요일,인천광역시 부평구 부평동,경상사고,0,0,1,0,차대차 - 측면충돌,안전운전불이행,건조,맑음,단일로 - 기타,승용,여,45세,상해없음,승용,여,65세,경상
2022042100100137,2022년 4월 21일 09시,목요일,인천광역시 서구 경서동,경상사고,0,0,1,0,차대차 - 기타,안전운전불이행,건조,맑음,교차로 - 교차로부근,화물,남,73세,상해없음,승용,남,36세,경상
2022042100100190,2022년 4월 21일 11시,목요일,인천광역시 서구 경서동,부상신고사고,0,0,0,1,차량단독 - 기타,안전운전불이행,건조,맑음,교차로 - 교차로부근,승합,남,28세,상해없음,,,,
2022042100100244,2022년 4월 21일 13시,목요일,인천광역시 강화군 길상면,경상사고,0,0,1,0,차대사람 - 길가장자리구역통행중,안전운전불이행,건조,맑음,단일로 - 지하차도(도로)내,화물,남,70세,상해없음,보행자,남,66세,경상
2022042100100302,2022년 4월 21일 15시,목요일,인천광역시 동구 송현동,중상사고,0,1,0,0,차대사람 - 횡단중,보행자보호의무위반,건조,맑음,교차로 - 교차로안,화물,남,51세,상해없음,보행자,남,66세,중상
2022042100100303,2022년 4월 21일 15시,목요일,인천광역시 서구 마전동,경상사고,0,0,1,0,차대차 - 기타,안전운전불이행,건조,맑음,교차로 - 교차로부근,승용,남,43세,상해없음,승용,여,34세,경상
2022042100100304,2022년 4월 21일 15시,목요일,인천광역시 연수구 송도동,경상사고,0,0,1,0,차대사람 - 길가장자리구역통행중,안전운전불이행,건조,맑음,교차로 - 교차로부근,승합,남,62세,상해없음,보행자,남,22세,경상
2022042100100378,2022년 4월 21일 17시,목요일,인천광역시 남동구 구월동,경상사고,0,0,1,0,차대사람 - 횡단중,보행자보호의무위반,건조,맑음,교차로 - 교차로횡단보도내,승합,남,68세,상해없음,보행자,여,25세,경상
2022042100100423,2022년 4월 21일 18시,목요일,인천광역시 동구 송현동,경상사고,0,0,1,0,차대차 - 측면충돌,안전운전불이행,건조,맑음,단일로 - 기타,화물,남,48세,상해없음,승용,남,29세,경상
2022042100100451,2022년 4월 21일 19시,목요일,인천광역시 계양구 동양동,경상사고,0,0,1,0,차대차 - 기타,안전운전불이행,건조,맑음,교차로 - 교차로횡단보도내,기타불명,기타불명,미분류,기타불명,자전거,남,10세,경상
2022042100100489,2022년 4월 21일 20시,목요일,인천광역시 미추홀구 숭의동,경상사고,0,0,1,0,차량단독 - 공작물충돌,안전운전불이행,건조,맑음,단일로 - 기타,승용,남,62세,상해없음,,,,
2022042100100521,2022년 4월 21일 21시,목요일,인천광역시 남동구 논현동,경상사고,0,0,1,0,차대사람 - 횡단중,안전운전불이행,건조,맑음,교차로 - 교차로안,승용,여,34세,상해없음,보행자,여,53세,경상
2022042100100546,2022년 4월 21일 22시,목요일,인천광역시 남동구 간석동,경상사고,0,0,13,0,차대차 - 정면충돌,신호위반,건조,맑음,교차로 - 교차로안,승합,남,63세,상해없음,승용,남,31세,경상
2022042100100547,2022년 4월 21일 22시,목요일,인천광역시 서구 가정동,중상사고,0,3,0,0,차대차 - 추돌,신호위반,건조,맑음,교차로 - 교차로부근,승용,여,24세,상해없음,승용,남,23세,중상
2022042100100564,2022년 4월 21일 23시,목요일,인천광역시 남동구 구월동,중상사고,0,1,0,0,차대차 - 정면충돌,안전운전불이행,건조,맑음,교차로 - 교차로안,승용,남,72세,상해없음,이륜,남,40세,중상
2022042200100010,2022년 4월 22일 00시,금요일,인천광역시 미추홀구 문학동,사망사고,1,0,0,0,차대사람 - 차도통행중,기타,건조,맑음,단일로 - 기타,승용,남,54세,상해없음,보행자,남,58세,사망
2022042200100011,2022년 4월 22일 00시,금요일,인천광역시 서구 금곡동,경상사고,0,0,2,0,차대차 - 추돌,안전운전불이행,건조,맑음,교차로 - 교차로부근,승용,남,28세,상해없음,승용,남,23세,경상
2022042200100021,2022년 4월 22일 01시,금요일,인천광역시 미추홀구 주안동,경상사고,0,0,1,0,차대차 - 기타,안전운전불이행,건조,맑음,교차로 - 교차로부근,기타불명,기타불명,미분류,기타불명,승용,남,53세,상해없음
2022042200100022,2022년 4월 22일 01시,금요일,인천광역시 부평구 갈산동,중상사고,0,1,0,0,차대차 - 기타,신호위반,건조,흐림,교차로 - 교차로안,승용,남,70세,상해없음,이륜,여,32세,중상
2022042200100035,2022년 4월 22일 03시,금요일,인천광역시 남동구 구월동,경상사고,0,0,1,0,차대차 - 추돌,안전운전불이행,건조,맑음,교차로 - 교차로부근,승용,남,51세,상해없음,승용,남,30세,경상
2022042200100110,2022년 4월 22일 08시,금요일,인천광역시 서구 당하동,경상사고,0,0,2,0,차대차 - 기타,안전운전불이행,건조,맑음,기타 - 기타,승용,남,21세,상해없음,승용,여,37세,상해없음
2022042200100158,2022년 4월 22일 10시,금요일,인천광역시 부평구 부개동,경상사고,0,0,1,0,차대사람 - 횡단중,안전운전불이행,건조,흐림,교차로 - 교차로횡단보도내,승용,여,42세,상해없음,보행자,여,72세,경상
2022042200100246,2022년 4월 22일 13시,금요일,인천광역시 중구 내동,경상사고,0,0,1,0,차대사람 - 기타,안전운전불이행,건조,맑음,단일로 - 지하차도(도로)내,승용,남,75세,상해없음,보행자,남,58세,경상
2022042200100247,2022년 4월 22일 13시,금요일,인천광역시 남동구 구월동,경상사고,0,0,2,0,차대차 - 측면충돌,안전운전불이행,건조,맑음,교차로 - 교차로부근,건설기계,남,52세,상해없음,승용,여,38세,경상
2022042200100248,2022년 4월 22일 13시,금요일,인천광역시 강화군 길상면,부상신고사고,0,0,0,2,차대차 - 측면충돌,교차로운행방법위반,건조,맑음,교차로 - 교차로안,건설기계,남,33세,상해없음,승용,남,29세,부상신고
2022042200100249,2022년 4월 22일 13시,금요일,인천광역시 남동구 서창동,경상사고,0,0,1,0,차대차 - 추돌,안전운전불이행,건조,맑음,교차로 - 교차로부근,승용,여,35세,상해없음,이륜,남,37세,경상
2022042200100283,2022년 4월 22일 14시,금요일,인천광역시 서구 청라동,경상사고,0,0,1,0,차대사람 - 기타,안전운전불이행,건조,맑음,단일로 - 기타,개인형이동수단(PM),여,15세,상해없음,보행자,여,13세,경상
2022042200100284,2022년 4월 22일 14시,금요일,인천광역시 강화군 선원면,경상사고,0,0,2,0,차대차 - 추돌,안전운전불이행,건조,맑음,교차로 - 교차로부근,승용,남,75세,상해없음,승용,여,52세,경상
2022042200100285,2022년 4월 22일 14시,금요일,인천광역시 연수구 옥련동,경상사고,0,0,1,0,차대차 - 추돌,안전운전불이행,건조,맑음,단일로 - 기타,승용,여,63세,상해없음,승용,여,61세,경상
2022042200100355,2022년 4월 22일 16시,금요일,인천광역시 미추홀구 숭의동,경상사고,0,0,1,0,차대차 - 측면충돌,안전거리미확보,건조,맑음,교차로 - 교차로안,승용,남,55세,상해없음,승용,여,46세,경상
2022042200100406,2022년 4월 22일 17시,금요일,인천광역시 미추홀구 용현동,경상사고,0,0,1,0,차대사람 - 기타,안전운전불이행,건조,맑음,단일로 - 기타,개인형이동수단(PM),남,19세,기타불명,보행자,여,16세,경상
2022042200100407,2022년 4월 22일 17시,금요일,인천광역시 연수구 송도동,경상사고,0,0,1,0,차량단독 - 기타,안전운전불이행,건조,맑음,교차로 - 교차로안,승합,남,60세,상해없음,,,,
2022042200100488,2022년 4월 22일 19시,금요일,인천광역시 서구 연희동,경상사고,0,0,3,0,차대차 - 측면충돌,차로위반,건조,맑음,단일로 - 기타,화물,남,61세,상해없음,승용,남,30세,경상
2022042200100518,2022년 4월 22일 20시,금요일,인천광역시 미추홀구 숭의동,경상사고,0,0,1,0,차대차 - 측면충돌,안전거리미확보,건조,맑음,단일로 - 기타,승용,남,85세,상해없음,승용,여,36세,경상
2022042200100519,2022년 4월 22일 20시,금요일,인천광역시 서구 연희동,경상사고,0,0,1,0,차대차 - 추돌,신호위반,건조,맑음,교차로 - 교차로안,이륜,남,32세,상해없음,승용,여,33세,경상
2022042200100542,2022년 4월 22일 21시,금요일,인천광역시 부평구 산곡동,중상사고,0,1,0,0,차대사람 - 차도통행중,안전운전불이행,건조,맑음,교차로 - 교차로부근,승용,여,68세,상해없음,보행자,남,70세,중상
2022042200100565,2022년 4월 22일 22시,금요일,인천광역시 서구 가좌동,중상사고,0,1,0,0,차대차 - 측면충돌,안전운전불이행,건조,맑음,단일로 - 기타,승용,남,54세,상해없음,특수,남,52세,중상
2022042200100585,2022년 4월 22일 23시,금요일,인천광역시 연수구 선학동,경상사고,0,0,1,0,차대사람 - 차도통행중,안전운전불이행,건조,맑음,단일로 - 기타,승용,남,55세,상해없음,보행자,남,30세,경상
2022042300100028,2022년 4월 23일 01시,토요일,인천광역시 연수구 동춘동,경상사고,0,0,1,0,차대차 - 측면충돌,신호위반,건조,맑음,교차로 - 교차로안,승용,남,46세,상해없음,승합,남,55세,경상
2022042300100060,2022년 4월 23일 05시,토요일,인천광역시 남동구 구월동,경상사고,0,0,1,0,차대차 - 추돌,안전운전불이행,건조,맑음,교차로 - 교차로부근,승용,남,59세,상해없음,화물,남,39세,경상
2022042300100089,2022년 4월 23일 08시,토요일,인천광역시 서구 가좌동,경상사고,0,0,1,0,차대사람 - 기타,안전운전불이행,건조,맑음,교차로 - 교차로부근,승용,남,36세,상해없음,보행자,여,58세,경상
2022042300100111,2022년 4월 23일 09시,토요일,인천광역시 남동구 간석동,경상사고,0,0,1,0,차대차 - 측면충돌,교차로운행방법위반,건조,맑음,교차로 - 교차로안,승용,남,58세,상해없음,승용,남,25세,경상
2022042300100112,2022년 4월 23일 09시,토요일,인천광역시 남동구 만수동,부상신고사고,0,0,0,1,차대차 - 기타,안전운전불이행,건조,맑음,교차로 - 교차로안,자전거,남,86세,부상신고,승합,남,56세,상해없음
2022042300100113,2022년 4월 23일 09시,토요일,인천광역시 부평구 삼산동,중상사고,0,1,0,0,차대사람 - 차도통행중,안전운전불이행,건조,맑음,교차로 - 교차로안,화물,남,37세,상해없음,보행자,여,74세,중상
2022042300100144,2022년 4월 23일 10시,토요일,인천광역시 남동구 간석동,경상사고,0,0,1,0,차대차 - 측면충돌,교차로운행방법위반,건조,맑음,교차로 - 교차로안,화물,남,72세,상해없음,승용,여,62세,경상
2022042300100171,2022년 4월 23일 11시,토요일,인천광역시 연수구 송도동,경상사고,0,0,1,0,차대차 - 정면충돌,중앙선침범,건조,맑음,단일로 - 기타,승용,여,38세,상해없음,승합,남,66세,경상
2022042300100236,2022년 4월 23일 13시,토요일,인천광역시 부평구 부평동,경상사고,0,0,1,0,차량단독 - 공작물충돌,안전운전불이행,건조,맑음,교차로 - 교차로부근,승합,남,64세,상해없음,,,,
2022042300100237,2022년 4월 23일 13시,토요일,인천광역시 남동구 간석동,경상사고,0,0,1,0,차대사람 - 길가장자리구역통행중,보행자보호의무위반,건조,맑음,교차로 - 교차로부근,승용,남,33세,상해없음,보행자,남,63세,경상
2022042300100238,2022년 4월 23일 13시,토요일,인천광역시 강화군 강화읍,중상사고,0,1,0,0,차대차 - 측면충돌,안전운전불이행,건조,맑음,교차로 - 교차로안,승용,여,53세,상해없음,승용,남,50세,중상
2022042300100313,2022년 4월 23일 15시,토요일,인천광역시 서구 청라동,경상사고,0,0,1,0,차대차 - 측면충돌,안전운전불이행,건조,맑음,교차로 - 교차로안,승용,여,38세,상해없음,자전거,남,5세,경상
2022042300100354,2022년 4월 23일 16시,토요일,인천광역시 미추홀구 주안동,중상사고,0,1,0,0,차대차 - 기타,안전운전불이행,건조,맑음,교차로 - 교차로안,승용,여,28세,상해없음,이륜,남,42세,중상
2022042300100385,2022년 4월 23일 17시,토요일,인천광역시 서구 가정동,경상사고,0,0,3,0,차대차 - 추돌,안전운전불이행,건조,맑음,교차로 - 교차로부근,승용,남,44세,상해없음,승용,남,31세,경상
2022042300100472,2022년 4월 23일 19시,토요일,인천광역시 미추홀구 주안동,경상사고,0,0,1,0,차대차 - 측면충돌,안전운전불이행,건조,맑음,교차로 - 교차로부근,특수,남,55세,상해없음,승용,남,23세,경상
2022042300100507,2022년 4월 23일 20시,토요일,인천광역시 서구 마전동,경상사고,0,0,1,0,차대사람 - 기타,기타,건조,맑음,단일로 - 기타,승용,남,28세,상해없음,보행자,남,46세,경상
2022042300100539,2022년 4월 23일 22시,토요일,인천광역시 중구 운남동,경상사고,0,0,2,0,차대차 - 추돌,안전운전불이행,건조,맑음,교차로 - 교차로부근,승용,남,26세,상해없음,승용,남,58세,경상
2022042300100540,2022년 4월 23일 22시,토요일,인천광역시 부평구 부평동,경상사고,0,0,1,0,차대사람 - 차도통행중,기타,건조,맑음,기타 - 기타,승용,남,64세,상해없음,보행자,남,26세,경상
2022042300100554,2022년 4월 23일 23시,토요일,인천광역시 동구 송림동,경상사고,0,0,1,0,차대차 - 측면충돌,안전거리미확보,건조,맑음,교차로 - 교차로안,승용,여,31세,상해없음,승용,여,48세,경상
2022042400100016,2022년 4월 24일 00시,일요일,인천광역시 미추홀구 주안동,경상사고,0,0,2,0,차대차 - 추돌,안전운전불이행,건조,맑음,단일로 - 기타,승용,남,28세,상해없음,승용,남,33세,경상
2022042400100047,2022년 4월 24일 03시,일요일,인천광역시 미추홀구 주안동,부상신고사고,0,0,0,1,차대사람 - 기타,안전운전불이행,건조,맑음,교차로 - 교차로부근,승용,남,50세,상해없음,보행자,여,40세,부상신고
2022042400100048,2022년 4월 24일 03시,일요일,인천광역시 남동구 남촌동,부상신고사고,0,0,0,1,차대차 - 추돌,안전운전불이행,건조,맑음,단일로 - 기타,승용,남,31세,상해없음,승용,남,22세,상해없음
2022042400100073,2022년 4월 24일 07시,일요일,인천광역시 계양구 계산동,중상사고,0,1,0,0,차대차 - 추돌,안전운전불이행,건조,맑음,단일로 - 기타,승용,남,49세,상해없음,승용,남,52세,중상
2022042400100083,2022년 4월 24일 08시,일요일,인천광역시 서구 왕길동,중상사고,0,2,2,0,차대차 - 측면충돌,기타,건조,맑음,교차로 - 교차로안,승용,남,64세,경상,승용,남,48세,중상
2022042400100135,2022년 4월 24일 11시,일요일,인천광역시 부평구 청천동,경상사고,0,0,2,0,차대차 - 측면충돌,안전운전불이행,건조,맑음,교차로 - 교차로안,승용,남,47세,상해없음,승용,여,29세,경상
2022042400100136,2022년 4월 24일 11시,일요일,인천광역시 서구 오류동,중상사고,0,1,0,0,차대차 - 측면충돌,안전운전불이행,건조,맑음,단일로 - 기타,자전거,남,62세,상해없음,자전거,남,61세,중상
2022042400100262,2022년 4월 24일 15시,일요일,인천광역시 계양구 장기동,중상사고,0,1,0,0,차대차 - 정면충돌,안전운전불이행,건조,맑음,단일로 - 기타,자전거,남,58세,상해없음,자전거,여,36세,중상
2022042400100288,2022년 4월 24일 16시,일요일,인천광역시 부평구 부개동,경상사고,0,0,1,0,차대차 - 후진중충돌,불법유턴,건조,맑음,단일로 - 기타,승용,남,45세,상해없음,이륜,남,40세,경상
2022042400100289,2022년 4월 24일 16시,일요일,인천광역시 부평구 부개동,경상사고,0,0,1,0,차대사람 - 횡단중,안전운전불이행,건조,맑음,교차로 - 교차로횡단보도내,승용,남,58세,상해없음,보행자,여,64세,경상
2022042400100324,2022년 4월 24일 17시,일요일,인천광역시 서구 마전동,사망사고,1,0,0,0,차대차 - 기타,안전운전불이행,건조,맑음,단일로 - 기타,승용,남,51세,상해없음,이륜,남,17세,사망
2022042400100325,2022년 4월 24일 17시,일요일,인천광역시 서구 연희동,경상사고,0,0,1,0,차대차 - 측면충돌,신호위반,건조,맑음,교차로 - 교차로안,승합,남,66세,상해없음,이륜,남,55세,경상
2022042400100326,2022년 4월 24일 17시,일요일,인천광역시 서구 당하동,경상사고,0,0,1,0,차대사람 - 보도통행중,안전운전불이행,건조,맑음,단일로 - 기타,승용,여,40세,상해없음,보행자,남,43세,경상
2022042400100370,2022년 4월 24일 19시,일요일,인천광역시 미추홀구 학익동,경상사고,0,0,1,0,차대차 - 측면충돌,안전운전불이행,건조,맑음,교차로 - 교차로부근,승용,남,50세,상해없음,이륜,남,34세,경상
2022042400100420,2022년 4월 24일 21시,일요일,인천광역시 부평구 산곡동,경상사고,0,0,1,0,차대차 - 정면충돌,신호위반,건조,맑음,교차로 - 교차로부근,이륜,남,30세,상해없음,승용,여,38세,경상
2022042400100438,2022년 4월 24일 22시,일요일,인천광역시 서구 마전동,중상사고,0,1,0,0,차대사람 - 횡단중,안전운전불이행,건조,맑음,단일로 - 기타,화물,남,40세,상해없음,보행자,남,74세,중상
2022042400100448,2022년 4월 24일 23시,일요일,인천광역시 미추홀구 학익동,경상사고,0,0,5,0,차대차 - 측면충돌,안전운전불이행,건조,맑음,교차로 - 교차로안,승용,남,67세,상해없음,승용,남,31세,경상
2022042500100076,2022년 4월 25일 07시,월요일,인천광역시 남동구 논현동,경상사고,0,0,1,0,차대차 - 측면충돌,안전운전불이행,건조,맑음,교차로 - 교차로부근,승용,남,27세,상해없음,승합,여,45세,경상
2022042500100114,2022년 4월 25일 08시,월요일,인천광역시 미추홀구 숭의동,경상사고,0,0,1,0,차대차 - 기타,안전운전불이행,건조,맑음,교차로 - 교차로안,승용,여,44세,상해없음,승용,남,29세,경상
2022042500100115,2022년 4월 25일 08시,월요일,인천광역시 부평구 부개동,중상사고,0,1,0,0,차대차 - 기타,안전운전불이행,건조,맑음,단일로 - 기타,화물,남,60세,상해없음,승용,여,35세,중상
2022042500100116,2022년 4월 25일 08시,월요일,인천광역시 남동구 논현동,경상사고,0,0,1,0,차대차 - 측면충돌,안전운전불이행,건조,맑음,교차로 - 교차로안,승용,남,25세,상해없음,이륜,남,61세,경상
2022042500100143,2022년 4월 25일 09시,월요일,인천광역시 남동구 간석동,경상사고,0,0,1,0,차대차 - 추돌,안전운전불이행,건조,맑음,교차로 - 교차로부근,승합,남,63세,기타불명,승용,남,62세,기타불명
2022042500100144,2022년 4월 25일 09시,월요일,인천광역시 부평구 일신동,경상사고,0,0,1,0,차대차 - 측면충돌,기타,건조,흐림,단일로 - 기타,승용,여,37세,상해없음,승용,여,66세,경상
2022042500100173,2022년 4월 25일 10시,월요일,인천광역시 부평구 십정동,경상사고,0,0,2,0,차대차 - 추돌,안전운전불이행,건조,맑음,교차로 - 교차로부근,승용,남,20세,상해없음,승용,남,49세,경상
2022042500100174,2022년 4월 25일 10시,월요일,인천광역시 남동구 간석동,경상사고,0,0,2,0,차대차 - 추돌,안전운전불이행,건조,맑음,교차로 - 교차로안,승용,남,71세,상해없음,승용,남,71세,경상
2022042500100205,2022년 4월 25일 11시,월요일,인천광역시 서구 가좌동,경상사고,0,0,2,0,차대차 - 추돌,안전운전불이행,건조,맑음,교차로 - 교차로부근,승용,남,60세,상해없음,화물,남,52세,경상
2022042500100270,2022년 4월 25일 13시,월요일,인천광역시 미추홀구 주안동,경상사고,0,0,1,0,차대사람 - 기타,안전운전불이행,건조,맑음,기타 - 기타,화물,남,31세,상해없음,보행자,남,58세,경상
2022042500100271,2022년 4월 25일 13시,월요일,인천광역시 서구 마전동,경상사고,0,0,1,0,차대차 - 추돌,안전운전불이행,건조,맑음,교차로 - 교차로횡단보도내,승용,여,55세,상해없음,승용,남,77세,경상
2022042500100272,2022년 4월 25일 13시,월요일,인천광역시 강화군 선원면,경상사고,0,0,1,0,차대차 - 추돌,안전운전불이행,건조,맑음,단일로 - 기타,승용,남,71세,경상,승용,남,19세,상해없음
2022042500100401,2022년 4월 25일 16시,월요일,인천광역시 미추홀구 도화동,경상사고,0,0,2,0,차대차 - 추돌,신호위반,건조,맑음,단일로 - 기타,이륜,남,35세,경상,이륜,남,17세,경상
2022042500100402,2022년 4월 25일 16시,월요일,인천광역시 서구 석남동,중상사고,0,1,0,0,차대차 - 기타,안전운전불이행,건조,맑음,교차로 - 교차로부근,화물,남,59세,상해없음,자전거,남,35세,중상
2022042500100403,2022년 4월 25일 16시,월요일,인천광역시 서구 원창동,경상사고,0,0,1,0,차대차 - 측면충돌,안전운전불이행,건조,맑음,교차로 - 교차로부근,이륜,남,24세,상해없음,승용,남,30세,경상
2022042500100446,2022년 4월 25일 17시,월요일,인천광역시 계양구 효성동,경상사고,0,0,1,0,차대차 - 측면충돌,안전운전불이행,건조,맑음,단일로 - 기타,이륜,남,41세,상해없음,승용,남,66세,경상
2022042500100484,2022년 4월 25일 18시,월요일,인천광역시 남동구 서창동,경상사고,0,0,1,0,차대사람 - 횡단중,보행자보호의무위반,건조,맑음,단일로 - 지하차도(도로)내,승용,여,55세,기타불명,보행자,여,6세,경상
2022042500100552,2022년 4월 25일 20시,월요일,인천광역시 중구 운서동,경상사고,0,0,1,0,차대차 - 측면충돌,안전운전불이행,건조,맑음,교차로 - 교차로안,승용,여,45세,상해없음,승용,남,64세,경상
2022042500100598,2022년 4월 25일 22시,월요일,인천광역시 서구 청라동,경상사고,0,0,1,0,차대차 - 기타,안전운전불이행,건조,맑음,교차로 - 교차로부근,승용,남,38세,상해없음,승용,남,33세,경상
2022042500100616,2022년 4월 25일 23시,월요일,인천광역시 미추홀구 주안동,중상사고,0,1,2,0,차대차 - 추돌,안전운전불이행,건조,맑음,교차로 - 교차로부근,승용,남,56세,상해없음,승합,남,54세,경상
2022042600100015,2022년 4월 26일 00시,화요일,인천광역시 미추홀구 용현동,중상사고,0,1,0,0,차대사람 - 기타,안전운전불이행,젖음/습기,비,교차로 - 교차로안,화물,남,37세,상해없음,보행자,남,45세,중상
2022042600100016,2022년 4월 26일 00시,화요일,인천광역시 남동구 구월동,경상사고,0,0,2,0,차대차 - 추돌,안전거리미확보,젖음/습기,비,교차로 - 교차로부근,승용,여,39세,상해없음,승용,남,60세,경상
2022042600100092,2022년 4월 26일 07시,화요일,인천광역시 서구 신현동,경상사고,0,0,1,0,차대차 - 측면충돌,교차로운행방법위반,건조,맑음,교차로 - 교차로안,승용,남,37세,상해없음,승용,여,23세,경상
2022042600100134,2022년 4월 26일 08시,화요일,인천광역시 서구 청라동,경상사고,0,0,3,0,차대차 - 추돌,안전운전불이행,건조,맑음,기타 - 기타,화물,남,38세,상해없음,승용,여,25세,경상
2022042600100175,2022년 4월 26일 09시,화요일,인천광역시 서구 가정동,경상사고,0,0,4,0,차대차 - 정면충돌,중앙선침범,건조,맑음,교차로 - 교차로안,승용,남,18세,상해없음,승용,여,38세,경상
2022042600100211,2022년 4월 26일 10시,화요일,인천광역시 미추홀구 학익동,중상사고,0,1,0,0,차대차 - 추돌,안전거리미확보,건조,맑음,교차로 - 교차로부근,승용,남,64세,상해없음,승용,여,56세,중상
2022042600100212,2022년 4월 26일 10시,화요일,인천광역시 서구 청라동,경상사고,0,0,2,0,차대차 - 기타,기타,건조,맑음,기타 - 기타,승용,여,56세,상해없음,승용,남,29세,경상
2022042600100213,2022년 4월 26일 10시,화요일,인천광역시 계양구 계산동,경상사고,0,0,1,0,차대사람 - 횡단중,안전운전불이행,건조,맑음,단일로 - 기타,기타불명,기타불명,미분류,기타불명,보행자,여,20세,경상
2022042600100246,2022년 4월 26일 11시,화요일,인천광역시 서구 청라동,경상사고,0,0,1,0,차대차 - 정면충돌,교차로운행방법위반,건조,맑음,교차로 - 교차로안,화물,남,30세,상해없음,화물,남,29세,경상
2022042600100275,2022년 4월 26일 12시,화요일,인천광역시 연수구 청학동,경상사고,0,0,1,0,차대차 - 기타,차로위반,건조,맑음,교차로 - 교차로부근,승용,여,64세,상해없음,이륜,남,32세,경상
2022042600100330,2022년 4월 26일 14시,화요일,인천광역시 계양구 효성동,경상사고,0,0,1,0,차대차 - 측면충돌,차로위반,건조,맑음,단일로 - 기타,화물,남,73세,상해없음,승용,남,23세,경상
2022042600100418,2022년 4월 26일 17시,화요일,인천광역시 부평구 십정동,경상사고,0,0,1,0,차대차 - 측면충돌,안전운전불이행,건조,맑음,단일로 - 고가도로위,승용,남,70세,상해없음,승용,남,66세,경상
2022042600100419,2022년 4월 26일 17시,화요일,인천광역시 남동구 간석동,경상사고,0,0,1,0,차대차 - 추돌,안전운전불이행,건조,맑음,단일로 - 기타,승용,여,57세,상해없음,승용,남,41세,경상
2022042600100448,2022년 4월 26일 18시,화요일,인천광역시 중구 운서동,중상사고,0,1,0,0,차대차 - 측면충돌,안전거리미확보,건조,맑음,교차로 - 교차로안,승용,남,50세,상해없음,이륜,남,51세,중상
2022042600100472,2022년 4월 26일 19시,화요일,인천광역시 서구 원당동,경상사고,0,0,1,0,차대차 - 기타,안전운전불이행,건조,맑음,단일로 - 기타,승용,남,53세,상해없음,승용,여,23세,경상
2022042600100496,2022년 4월 26일 20시,화요일,인천광역시 미추홀구 주안동,부상신고사고,0,0,0,1,차대차 - 측면충돌,안전운전불이행,건조,맑음,기타 - 기타,승용,남,48세,상해없음,승용,남,50세,부상신고
2022042700100009,2022년 4월 27일 00시,수요일,인천광역시 서구 공촌동,경상사고,0,0,1,0,차대차 - 측면충돌,안전거리미확보,건조,맑음,기타 - 기타,승용,여,24세,상해없음,승용,남,59세,상해없음
2022042700100026,2022년 4월 27일 03시,수요일,인천광역시 미추홀구 학익동,사망사고,2,0,1,0,차대차 - 측면충돌,신호위반,건조,맑음,교차로 - 교차로안,이륜,남,32세,사망,승용,남,63세,경상