사고번호,사고일시,요일,시군구,사고내용,사망자수,중상자수,경상자수,부상신고자수,사고유형,법규위반,노면상태,기상상태,도로형태,가해운전자 차종,가해운전자 성별,가해운전자 연령,가해운전자 상해정도,피해운전자 차종,피해운전자 성별,피해운전자 연령,피해운전자 상해정도
2022042700100027,2022년 4월 27일 03시,수요일,인천광역시 남동구 간석동,중상사고,0,1,0,0,차대차 - 추돌,안전운전불이행,기타,맑음,단일로 - 기타,승용,남,28세,상해없음,이륜,여,59세,중상
2022042700100040,2022년 4월 27일 05시,수요일,인천광역시 부평구 부개동,부상신고사고,0,0,0,1,차대차 - 기타,안전운전불이행,건조,맑음,교차로 - 교차로부근,기타불명,기타불명,미분류,기타불명,기타불명,기타불명,미분류,기타불명
2022042700100122,2022년 4월 27일 08시,수요일,인천광역시 남동구 도림동,경상사고,0,0,1,0,차대차 - 후진중충돌,안전운전불이행,건조,맑음,단일로 - 지하차도(도로)내,승용,여,28세,상해없음,승용,남,26세,경상
2022042700100123,2022년 4월 27일 08시,수요일,인천광역시 남동구 논현동,경상사고,0,0,1,0,차대차 - 측면충돌,안전운전불이행,건조,맑음,단일로 - 지하차도(도로)내,승용,남,56세,상해없음,승합,남,58세,경상
2022042700100124,2022년 4월 27일 08시,수요일,인천광역시 남동구 서창동,경상사고,0,0,1,0,차대차 - 추돌,안전운전불이행,건조,맑음,단일로 - 기타,승용,여,28세,상해없음,승용,여,33세,경상
2022042700100157,2022년 4월 27일 09시,수요일,인천광역시 서구 가좌동,경상사고,0,0,1,0,차대차 - 측면충돌,안전운전불이행,건조,맑음,교차로 - 교차로안,화물,남,67세,상해없음,이륜,남,29세,경상
2022042700100211,2022년 4월 27일 11시,수요일,인천광역시 남동구 구월동,경상사고,0,0,2,0,차대차 - 측면충돌,안전운전불이행,건조,맑음,단일로 - 기타,승용,남,70세,상해없음,승용,여,61세,경상
2022042700100212,2022년 4월 27일 11시,수요일,인천광역시 부평구 부평동,중상사고,0,1,0,0,차대사람 - 횡단중,교차로운행방법위반,건조,맑음,교차로 - 교차로안,승용,여,30세,상해없음,보행자,여,81세,중상
2022042700100281,2022년 4월 27일 13시,수요일,인천광역시 중구 운북동,경상사고,0,0,1,0,차대차 - 추돌,안전운전불이행,건조,기타,단일로 - 기타,승용,여,47세,기타불명,기타불명,남,60세,경상
2022042700100282,2022년 4월 27일 13시,수요일,인천광역시 남동구 남촌동,경상사고,0,0,1,0,차대차 - 측면충돌,안전거리미확보,건조,맑음,교차로 - 교차로부근,승용,여,29세,상해없음,승용,남,40세,경상
2022042700100397,2022년 4월 27일 16시,수요일,인천광역시 미추홀구 용현동,경상사고,0,0,3,0,차대차 - 측면충돌,안전운전불이행,건조,맑음,단일로 - 기타,승용,남,62세,상해없음,승용,여,63세,경상
2022042700100432,2022년 4월 27일 17시,수요일,인천광역시 서구 오류동,중상사고,0,1,1,0,차대차 - 정면충돌,안전운전불이행,건조,맑음,교차로 - 교차로안,개인형이동수단(PM),남,36세,중상,승용,남,48세,경상
2022042700100433,2022년 4월 27일 17시,수요일,인천광역시 남동구 고잔동,경상사고,0,0,1,0,차대차 - 측면충돌,신호위반,건조,맑음,교차로 - 교차로안,승용,남,52세,상해없음,승용,여,52세,경상
2022042700100482,2022년 4월 27일 18시,수요일,인천광역시 중구 중산동,경상사고,0,0,1,0,차대차 - 정면충돌,안전운전불이행,건조,맑음,단일로 - 기타,자전거,남,14세,경상,자전거,남,28세,상해없음
2022042700100483,2022년 4월 27일 18시,수요일,인천광역시 서구 석남동,중상사고,0,1,1,0,차대차 - 측면충돌,신호위반,건조,맑음,단일로 - 고가도로위,승용,여,27세,상해없음,승용,남,23세,경상
2022042700100541,2022년 4월 27일 20시,수요일,인천광역시 서구 석남동,경상사고,0,0,2,0,차대사람 - 기타,안전운전불이행,건조,맑음,기타 - 기타,승용,남,31세,상해없음,보행자,여,26세,경상
2022042700100542,2022년 4월 27일 20시,수요일,인천광역시 계양구 작전동,경상사고,0,0,1,0,차대차 - 측면충돌,안전운전불이행,건조,맑음,교차로 - 교차로부근,승용,남,53세,상해없음,승용,여,33세,경상
2022042700100543,2022년 4월 27일 20시,수요일,인천광역시 연수구 송도동,경상사고,0,0,1,0,차대차 - 측면충돌,안전운전불이행,건조,맑음,교차로 - 교차로부근,승용,남,72세,상해없음,승용,여,49세,경상
2022042700100605,2022년 4월 27일 23시,수요일,인천광역시 남동구 논현동,경상사고,0,0,1,0,차대차 - 측면충돌,안전운전불이행,건조,맑음,교차로 - 교차로부근,승용,남,63세,상해없음,승용,남,32세,경상
2022042800100025,2022년 4월 28일 03시,목요일,인천광역시 중구 북성동1가,경상사고,0,0,1,0,차대사람 - 차도통행중,안전운전불이행,건조,맑음,교차로 - 교차로부근,승용,여,22세,상해없음,보행자,남,28세,경상
2022042800100049,2022년 4월 28일 06시,목요일,인천광역시 남동구 남촌동,경상사고,0,0,1,0,차대차 - 추돌,안전운전불이행,건조,맑음,교차로 - 교차로부근,승용,남,52세,상해없음,화물,남,53세,경상
2022042800100113,2022년 4월 28일 08시,목요일,인천광역시 부평구 산곡동,경상사고,0,0,1,0,차대차 - 측면충돌,안전거리미확보,건조,맑음,단일로 - 기타,승용,여,31세,상해없음,승용,여,37세,경상
2022042800100182,2022년 4월 28일 10시,목요일,인천광역시 남동구 구월동,경상사고,0,0,1,0,차대차 - 측면충돌,안전거리미확보,건조,맑음,교차로 - 교차로부근,승용,여,53세,상해없음,승용,남,39세,경상
2022042800100183,2022년 4월 28일 10시,목요일,인천광역시 남동구 간석동,경상사고,0,0,1,0,차대차 - 측면충돌,안전운전불이행,건조,맑음,교차로 - 교차로안,화물,남,55세,상해없음,승용,남,65세,경상
2022042800100184,2022년 4월 28일 10시,목요일,인천광역시 서구 시천동,중상사고,0,1,1,0,차대차 - 정면충돌,안전운전불이행,건조,맑음,단일로 - 기타,자전거,남,34세,경상,자전거,남,44세,중상
2022042800100216,2022년 4월 28일 11시,목요일,인천광역시 남동구 구월동,경상사고,0,0,1,0,차대차 - 측면충돌,차로위반,건조,맑음,교차로 - 교차로안,승용,남,86세,상해없음,승용,남,22세,경상
2022042800100217,2022년 4월 28일 11시,목요일,인천광역시 남동구 논현동,경상사고,0,0,1,0,차대사람 - 횡단중,보행자보호의무위반,건조,맑음,교차로 - 교차로안,승용,여,57세,상해없음,보행자,여,59세,경상
2022042800100351,2022년 4월 28일 15시,목요일,인천광역시 미추홀구 주안동,부상신고사고,0,0,0,1,차대사람 - 기타,안전운전불이행,건조,맑음,단일로 - 기타,이륜,남,82세,기타불명,보행자,남,61세,부상신고
2022042800100352,2022년 4월 28일 15시,목요일,인천광역시 미추홀구 숭의동,중상사고,0,1,0,0,차대차 - 측면충돌,안전운전불이행,건조,맑음,단일로 - 지하차도(도로)내,이륜,남,27세,중상,승용,남,52세,상해없음
2022042800100431,2022년 4월 28일 17시,목요일,인천광역시 남동구 구월동,경상사고,0,0,1,0,차대차 - 측면충돌,신호위반,건조,맑음,교차로 - 교차로부근,승용,여,40세,상해없음,이륜,남,27세,경상
2022042800100460,2022년 4월 28일 18시,목요일,인천광역시 서구 불로동,중상사고,0,1,0,0,차대사람 - 기타,안전운전불이행,건조,맑음,교차로 - 교차로부근,승합,남,63세,상해없음,보행자,여,53세,중상
2022042800100498,2022년 4월 28일 19시,목요일,인천광역시 서구 심곡동,경상사고,0,0,1,0,차대차 - 측면충돌,안전운전불이행,건조,맑음,단일로 - 기타,개인형이동수단(PM),남,27세,경상,승용,남,35세,상해없음
2022042800100499,2022년 4월 28일 19시,목요일,인천광역시 계양구 계산동,경상사고,0,0,2,0,차대차 - 추돌,안전운전불이행,건조,맑음,단일로 - 기타,화물,남,52세,상해없음,승용,남,41세,경상
2022042800100500,2022년 4월 28일 19시,목요일,인천광역시 연수구 송도동,경상사고,0,0,1,0,차대차 - 측면충돌,교차로운행방법위반,건조,맑음,교차로 - 교차로횡단보도내,승용,여,49세,상해없음,승용,여,34세,경상
2022042800100541,2022년 4월 28일 20시,목요일,인천광역시 동구 송현동,경상사고,0,0,1,0,차량단독 - 기타,안전운전불이행,건조,맑음,단일로 - 지하차도(도로)내,승합,남,41세,상해없음,,,,
2022042800100542,2022년 4월 28일 20시,목요일,인천광역시 서구 청라동,경상사고,0,0,1,0,차대차 - 기타,안전운전불이행,건조,맑음,교차로 - 교차로횡단보도내,화물,남,36세,상해없음,자전거,여,12세,경상
2022042800100543,2022년 4월 28일 20시,목요일,인천광역시 서구 신현동,경상사고,0,0,1,0,차대차 - 기타,중앙선침범,건조,맑음,단일로 - 기타,승용,여,38세,상해없음,이륜,남,41세,경상
2022042800100544,2022년 4월 28일 20시,목요일,인천광역시 계양구 효성동,경상사고,0,0,1,0,차대사람 - 횡단중,안전운전불이행,건조,흐림,단일로 - 기타,승용,남,20세,상해없음,보행자,여,29세,경상
2022042800100567,2022년 4월 28일 21시,목요일,인천광역시 부평구 청천동,경상사고,0,0,1,0,차대차 - 기타,안전운전불이행,건조,맑음,단일로 - 기타,승용,남,34세,상해없음,승용,남,38세,경상
2022042800100584,2022년 4월 28일 22시,목요일,인천광역시 서구 석남동,경상사고,0,0,1,0,차대사람 - 기타,안전운전불이행,건조,맑음,단일로 - 기타,기타불명,기타불명,미분류,기타불명,보행자,남,59세,경상
2022042800100604,2022년 4월 28일 23시,목요일,인천광역시 연수구 송도동,중상사고,0,2,0,0,차대사람 - 횡단중,기타,건조,맑음,단일로 - 기타,승용,남,62세,상해없음,보행자,여,19세,중상
2022042900100038,2022년 4월 29일 02시,금요일,인천광역시 계양구 작전동,중상사고,0,1,0,0,차대사람 - 횡단중,안전운전불이행,젖음/습기,비,단일로 - 기타,승용,여,57세,상해없음,보행자,남,56세,중상
2022042900100057,2022년 4월 29일 04시,금요일,인천광역시 부평구 청천동,사망사고,1,0,0,0,차량단독 - 전도전복 - 전도,안전운전불이행,젖음/습기,비,단일로 - 기타,이륜,남,41세,사망,,,,
2022042900100058,2022년 4월 29일 04시,금요일,인천광역시 서구 연희동,경상사고,0,0,1,0,차대차 - 기타,안전운전불이행,젖음/습기,비,교차로 - 교차로안,승용,여,55세,상해없음,승용,남,28세,경상
2022042900100074,2022년 4월 29일 05시,금요일,인천광역시 중구 운북동,경상사고,0,0,1,0,차량단독 - 공작물충돌,기타,젖음/습기,비,단일로 - 기타,승용,남,20세,상해없음,,,,
2022042900100075,2022년 4월 29일 05시,금요일,인천광역시 중구 운북동,경상사고,0,0,1,0,차대차 - 기타,안전운전불이행,젖음/습기,비,단일로 - 기타,승용,남,75세,상해없음,승용,남,20세,기타불명
2022042900100104,2022년 4월 29일 07시,금요일,인천광역시 서구 연희동,경상사고,0,0,1,0,차대차 - 측면충돌,안전운전불이행,젖음/습기,비,단일로 - 기타,승용,여,58세,상해없음,승용,남,34세,경상
2022042900100160,2022년 4월 29일 08시,금요일,인천광역시 서구 가정동,경상사고,0,0,2,0,차대차 - 측면충돌,안전운전불이행,젖음/습기,비,교차로 - 교차로부근,이륜,남,34세,경상,승용,남,27세,경상
2022042900100161,2022년 4월 29일 08시,금요일,인천광역시 서구 가좌동,중상사고,0,1,0,0,차대사람 - 차도통행중,안전운전불이행,젖음/습기,비,단일로 - 기타,승용,여,34세,상해없음,보행자,남,27세,중상
2022042900100185,2022년 4월 29일 09시,금요일,인천광역시 서구 연희동,경상사고,0,0,1,0,차대차 - 측면충돌,안전거리미확보,건조,맑음,단일로 - 기타,승용,남,53세,상해없음,승용,남,29세,상해없음
2022042900100186,2022년 4월 29일 09시,금요일,인천광역시 서구 가정동,경상사고,0,0,1,0,차대차 - 추돌,안전운전불이행,건조,맑음,교차로 - 교차로부근,화물,남,59세,상해없음,승용,여,25세,경상
2022042900100221,2022년 4월 29일 10시,금요일,인천광역시 동구 송림동,경상사고,0,0,1,0,차대차 - 기타,안전운전불이행,건조,맑음,교차로 - 교차로안,승용,남,68세,상해없음,건설기계,남,57세,경상
2022042900100252,2022년 4월 29일 11시,금요일,인천광역시 남동구 고잔동,경상사고,0,0,1,0,차대차 - 측면충돌,안전운전불이행,건조,맑음,교차로 - 교차로부근,화물,남,67세,상해없음,화물,남,39세,경상
2022042900100279,2022년 4월 29일 12시,금요일,인천광역시 계양구 계산동,중상사고,0,1,0,0,차대사람 - 횡단중,보행자보호의무위반,건조,맑음,교차로 - 교차로횡단보도내,승용,남,42세,상해없음,보행자,여,61세,중상
2022042900100357,2022년 4월 29일 14시,금요일,인천광역시 서구 청라동,경상사고,0,0,1,0,차대차 - 기타,기타,건조,맑음,단일로 - 기타,승용,여,34세,상해없음,승용,남,29세,경상
2022042900100393,2022년 4월 29일 15시,금요일,인천광역시 서구 청라동,경상사고,0,0,1,0,차대차 - 측면충돌,신호위반,건조,맑음,교차로 - 교차로안,이륜,남,47세,상해없음,승용,남,33세,경상
2022042900100394,2022년 4월 29일 15시,금요일,인천광역시 연수구 송도동,경상사고,0,0,1,0,차대사람 - 횡단중,신호위반,건조,맑음,교차로 - 교차로횡단보도내,승용,여,44세,상해없음,보행자,남,5세,경상
2022042900100426,2022년 4월 29일 16시,금요일,인천광역시 계양구 작전동,경상사고,0,0,1,0,차대차 - 측면충돌,안전운전불이행,건조,맑음,교차로 - 교차로안,승용,남,29세,상해없음,이륜,남,54세,경상
2022042900100462,2022년 4월 29일 17시,금요일,인천광역시 부평구 갈산동,경상사고,0,0,1,0,차대사람 - 기타,안전운전불이행,기타,기타,단일로 - 기타,승용,남,59세,상해없음,보행자,남,57세,경상
2022042900100542,2022년 4월 29일 19시,금요일,인천광역시 중구 중산동,부상신고사고,0,0,0,1,차대차 - 정면충돌,중앙선침범,건조,맑음,단일로 - 교량,기타불명,기타불명,미분류,기타불명,이륜,남,35세,부상신고
2022042900100543,2022년 4월 29일 19시,금요일,인천광역시 미추홀구 도화동,중상사고,0,1,0,0,차대차 - 측면충돌,안전거리미확보,건조,맑음,단일로 - 지하차도(도로)내,승용,여,39세,상해없음,이륜,남,81세,중상
2022042900100544,2022년 4월 29일 19시,금요일,인천광역시 미추홀구 용현동,경상사고,0,0,1,0,차량단독 - 기타,안전운전불이행,건조,맑음,단일로 - 기타,승용,남,70세,상해없음,,,,
2022042900100545,2022년 4월 29일 19시,금요일,인천광역시 남동구 간석동,경상사고,0,0,2,0,차대차 - 측면충돌,신호위반,건조,맑음,교차로 - 교차로부근,화물,남,41세,상해없음,승용,남,33세,경상
2022042900100575,2022년 4월 29일 20시,금요일,인천광역시 남동구 구월동,경상사고,0,0,1,0,차대차 - 추돌,안전거리미확보,건조,맑음,교차로 - 교차로안,승용,남,60세,상해없음,승용,남,38세,경상
2022042900100576,2022년 4월 29일 20시,금요일,인천광역시 서구 청라동,경상사고,0,0,2,0,차대차 - 기타,안전운전불이행,건조,맑음,단일로 - 기타,승합,남,68세,상해없음,승용,남,31세,경상
2022042900100577,2022년 4월 29일 20시,금요일,인천광역시 서구 연희동,경상사고,0,0,1,0,차대차 - 측면충돌,안전운전불이행,건조,맑음,교차로 - 교차로안,승용,남,29세,상해없음,승용,여,31세,경상
2022042900100578,2022년 4월 29일 20시,금요일,인천광역시 서구 청라동,경상사고,0,0,1,0,차대차 - 측면충돌,안전운전불이행,건조,맑음,단일로 - 기타,승용,남,21세,상해없음,이륜,남,37세,경상
2022042900100629,2022년 4월 29일 22시,금요일,인천광역시 부평구 부평동,부상신고사고,0,0,0,1,차대사람 - 기타,안전운전불이행,건조,맑음,단일로 - 기타,기타불명,기타불명,미분류,기타불명,보행자,남,25세,부상신고
2022042900100650,2022년 4월 29일 23시,금요일,인천광역시 부평구 부평동,경상사고,0,0,1,0,차대차 - 기타,안전운전불이행,건조,흐림,교차로 - 교차로부근,승용,남,26세,상해없음,개인형이동수단(PM),남,41세,경상
2022043000100047,2022년 4월 30일 04시,토요일,인천광역시 부평구 십정동,경상사고,0,0,1,0,차대차 - 추돌,안전운전불이행,건조,맑음,교차로 - 교차로부근,승용,남,24세,상해없음,승용,남,48세,경상
2022043000100072,2022년 4월 30일 07시,토요일,인천광역시 부평구 부평동,경상사고,0,0,2,0,차대차 - 추돌,안전운전불이행,건조,맑음,교차로 - 교차로안,화물,남,63세,상해없음,승용,남,21세,경상
2022043000100113,2022년 4월 30일 09시,토요일,인천광역시 미추홀구 주안동,경상사고,0,0,2,0,차대차 - 측면충돌,교차로운행방법위반,건조,맑음,교차로 - 교차로안,승용,남,30세,경상,승용,여,26세,경상
2022043000100162,2022년 4월 30일 11시,토요일,인천광역시 남동구 간석동,경상사고,0,0,1,0,차대차 - 측면충돌,신호위반,건조,맑음,교차로 - 교차로부근,승용,여,62세,상해없음,승용,여,40세,경상
2022043000100163,2022년 4월 30일 11시,토요일,인천광역시 서구 청라동,경상사고,0,0,1,0,차대차 - 측면충돌,안전운전불이행,건조,맑음,교차로 - 교차로안,승용,남,31세,상해없음,자전거,여,37세,경상
2022043000100164,2022년 4월 30일 11시,토요일,인천광역시 서구 왕길동,경상사고,0,0,1,0,차대차 - 기타,안전운전불이행,건조,맑음,단일로 - 기타,화물,남,64세,상해없음,승용,여,28세,경상
2022043000100165,2022년 4월 30일 11시,토요일,인천광역시 연수구 송도동,경상사고,0,0,1,0,차대사람 - 횡단중,신호위반,건조,맑음,교차로 - 교차로횡단보도내,이륜,남,39세,상해없음,보행자,남,11세,경상
2022043000100203,2022년 4월 30일 12시,토요일,인천광역시 부평구 부평동,부상신고사고,0,0,0,1,차대사람 - 기타,안전운전불이행,건조,맑음,단일로 - 기타,이륜,남,37세,상해없음,보행자,남,52세,부상신고
2022043000100252,2022년 4월 30일 13시,토요일,인천광역시 중구 운북동,중상사고,0,1,1,0,차대차 - 측면충돌,신호위반,건조,흐림,교차로 - 교차로안,승용,여,48세,기타불명,승용,남,25세,중상
2022043000100330,2022년 4월 30일 15시,토요일,인천광역시 부평구 부평동,부상신고사고,0,0,0,1,차대사람 - 기타,안전운전불이행,건조,맑음,교차로 - 교차로안,승용,남,31세,상해없음,보행자,남,34세,부상신고
2022043000100364,2022년 4월 30일 16시,토요일,인천광역시 미추홀구 학익동,중상사고,0,1,0,0,차대차 - 기타,기타,건조,맑음,단일로 - 교량,건설기계,남,66세,상해없음,승용,남,45세,중상
2022043000100432,2022년 4월 30일 18시,토요일,인천광역시 부평구 십정동,경상사고,0,0,1,0,차대차 - 추돌,안전운전불이행,건조,맑음,교차로 - 교차로부근,승용,남,39세,상해없음,승용,남,23세,경상
2022043000100433,2022년 4월 30일 18시,토요일,인천광역시 남동구 구월동,경상사고,0,0,1,0,차대차 - 측면충돌,안전거리미확보,건조,맑음,교차로 - 교차로부근,승용,남,49세,상해없음,승용,남,30세,경상
2022043000100434,2022년 4월 30일 18시,토요일,인천광역시 서구 청라동,경상사고,0,0,1,0,차대차 - 기타,안전운전불이행,건조,맑음,교차로 - 교차로안,승용,남,66세,상해없음,이륜,남,39세,경상
2022043000100506,2022년 4월 30일 21시,토요일,인천광역시 남동구 논현동,경상사고,0,0,2,0,차대차 - 측면충돌,안전운전불이행,건조,맑음,단일로 - 기타,승용,여,32세,상해없음,승용,남,22세,경상
2022043000100527,2022년 4월 30일 22시,토요일,인천광역시 계양구 병방동,경상사고,0,0,1,0,차대차 - 추돌,안전운전불이행,건조,맑음,단일로 - 기타,승용,남,28세,상해없음,승용,남,53세,경상
2022043000100553,2022년 4월 30일 23시,토요일,인천광역시 서구 연희동,경상사고,0,0,1,0,차대차 - 추돌,기타,건조,맑음,기타 - 기타,승용,남,52세,상해없음,기타불명,기타불명,미분류,기타불명
2022050100100028,2022년 5월 1일 01시,일요일,인천광역시 부평구 부평동,부상신고사고,0,0,0,1,차대사람 - 길가장자리구역통행중,안전운전불이행,건조,맑음,교차로 - 교차로안,기타불명,기타불명,미분류,기타불명,보행자,남,44세,부상신고
2022050100100044,2022년 5월 1일 04시,일요일,인천광역시 서구 마전동,경상사고,0,0,1,0,차대사람 - 횡단중,보행자보호의무위반,건조,맑음,교차로 - 교차로부근,승용,남,20세,상해없음,보행자,여,64세,경상
2022050100100050,2022년 5월 1일 05시,일요일,인천광역시 남동구 간석동,중상사고,0,1,0,0,차대차 - 측면충돌,안전운전불이행,건조,맑음,교차로 - 교차로안,승용,남,25세,상해없음,이륜,남,42세,중상
2022050100100105,2022년 5월 1일 09시,일요일,인천광역시 부평구 부평동,경상사고,0,0,1,0,차대차 - 측면충돌,기타,건조,맑음,교차로 - 교차로부근,승용,여,39세,기타불명,승용,남,67세,경상
2022050100100106,2022년 5월 1일 09시,일요일,인천광역시 서구 가좌동,중상사고,0,1,0,0,차대사람 - 횡단중,신호위반,건조,맑음,단일로 - 기타,승용,여,67세,상해없음,보행자,여,47세,중상
2022050100100169,2022년 5월 1일 12시,일요일,인천광역시 중구 경동,경상사고,0,0,1,0,차대차 - 기타,중앙선침범,건조,맑음,기타 - 기타,승용,남,60세,상해없음,이륜,남,43세,경상
2022050100100204,2022년 5월 1일 13시,일요일,인천광역시 남동구 논현동,경상사고,0,0,1,0,차대차 - 측면충돌,안전운전불이행,건조,맑음,교차로 - 교차로안,승용,남,55세,상해없음,승용,남,61세,경상
2022050100100308,2022년 5월 1일 16시,일요일,인천광역시 중구 운남동,경상사고,0,0,3,0,차대차 - 측면충돌,중앙선침범,기타,맑음,단일로 - 기타,승용,남,67세,상해없음,승용,남,29세,경상
2022050100100309,2022년 5월 1일 16시,일요일,인천광역시 서구 가정동,경상사고,0,0,2,0,차대차 - 측면충돌,안전운전불이행,건조,맑음,교차로 - 교차로부근,승용,남,37세,상해없음,승용,남,22세,경상
2022050100100340,2022년 5월 1일 17시,일요일,인천광역시 미추홀구 용현동,중상사고,0,2,2,0,차대사람 - 기타,기타,건조,맑음,단일로 - 기타,승용,남,71세,상해없음,보행자,여,39세,중상
2022050100100341,2022년 5월 1일 17시,일요일,인천광역시 서구 청라동,경상사고,0,0,1,0,차대사람 - 기타,안전운전불이행,건조,맑음,단일로 - 기타,자전거,여,48세,상해없음,보행자,남,5세,경상
2022050100100388,2022년 5월 1일 19시,일요일,인천광역시 미추홀구 주안동,경상사고,0,0,1,0,차대차 - 기타,안전거리미확보,건조,맑음,단일로 - 기타,승합,여,37세,상해없음,개인형이동수단(PM),남,52세,경상
2022050100100432,2022년 5월 1일 21시,일요일,인천광역시 서구 검암동,경상사고,0,0,1,0,차대차 - 정면충돌,신호위반,건조,맑음,교차로 - 교차로횡단보도내,승용,여,43세,상해없음,자전거,여,7세,경상
2022050100100465,2022년 5월 1일 23시,일요일,인천광역시 계양구 계산동,경상사고,0,0,1,0,차대차 - 추돌,중앙선침범,건조,맑음,교차로 - 교차로안,원동기,남,35세,상해없음,개인형이동수단(PM),남,37세,경상
2022050200100024,2022년 5월 2일 04시,월요일,인천광역시 남동구 구월동,경상사고,0,0,1,0,차대차 - 추돌,안전운전불이행,건조,맑음,교차로 - 교차로부근,승용,남,35세,상해없음,승용,남,71세,경상
2022050200100071,2022년 5월 2일 07시,월요일,인천광역시 미추홀구 주안동,중상사고,0,1,0,0,차대차 - 기타,안전운전불이행,건조,맑음,교차로 - 교차로부근,승용,여,48세,상해없음,승용,남,42세,기타불명
2022050200100072,2022년 5월 2일 07시,월요일,인천광역시 서구 경서동,경상사고,0,0,1,0,차대차 - 측면충돌,안전거리미확보,건조,맑음,단일로 - 기타,특수,남,46세,상해없음,승용,남,56세,경상
2022050200100112,2022년 5월 2일 08시,월요일,인천광역시 서구 경서동,경상사고,0,0,3,0,차대차 - 추돌,안전운전불이행,건조,맑음,단일로 - 기타,승용,여,39세,상해없음,승용,여,31세,경상
2022050200100113,2022년 5월 2일 08시,월요일,인천광역시 서구 가정동,중상사고,0,1,0,0,차대차 - 기타,안전운전불이행,건조,맑음,교차로 - 교차로부근,승용,남,75세,상해없음,승용,남,70세,상해없음
2022050200100147,2022년 5월 2일 09시,월요일,인천광역시 서구 검암동,경상사고,0,0,1,0,차대차 - 측면충돌,안전운전불이행,건조,맑음,교차로 - 교차로안,승용,여,47세,상해없음,승용,남,41세,경상
2022050200100184,2022년 5월 2일 10시,월요일,인천광역시 남동구 간석동,경상사고,0,0,1,0,차대차 - 측면충돌,안전운전불이행,건조,맑음,교차로 - 교차로안,승용,여,42세,상해없음,승용,남,71세,경상
2022050200100218,2022년 5월 2일 11시,월요일,인천광역시 미추홀구 학익동,경상사고,0,0,1,0,차대차 - 기타,안전거리미확보,건조,맑음,단일로 - 기타,승용,남,54세,상해없음,건설기계,남,48세,경상
2022050200100254,2022년 5월 2일 12시,월요일,인천광역시 남동구 구월동,경상사고,0,0,1,0,차대차 - 추돌,안전운전불이행,건조,맑음,교차로 - 교차로부근,승용,남,58세,상해없음,승용,남,42세,경상
2022050200100278,2022년 5월 2일 13시,월요일,인천광역시 서구 마전동,중상사고,0,1,0,0,차대차 - 추돌,신호위반,건조,맑음,교차로 - 교차로안,이륜,남,74세,중상,승용,남,60세,상해없음
2022050200100279,2022년 5월 2일 13시,월요일,인천광역시 서구 석남동,경상사고,0,0,1,0,차대차 - 기타,안전운전불이행,건조,맑음,기타 - 기타,기타불명,기타불명,미분류,기타불명,승용,여,27세,상해없음
2022050200100312,2022년 5월 2일 14시,월요일,인천광역시 중구 을왕동,경상사고,0,0,1,0,차대차 - 후진중충돌,안전운전불이행,건조,맑음,교차로 - 교차로안,화물,남,63세,상해없음,화물,남,65세,경상
2022050200100313,2022년 5월 2일 14시,월요일,인천광역시 미추홀구 학익동,중상사고,0,1,1,0,차대차 - 측면충돌,신호위반,건조,맑음,교차로 - 교차로안,승용,남,65세,경상,승용,남,28세,중상
2022050200100314,2022년 5월 2일 14시,월요일,인천광역시 미추홀구 주안동,부상신고사고,0,0,0,1,차대사람 - 기타,안전운전불이행,건조,맑음,교차로 - 교차로횡단보도내,승용,여,48세,상해없음,보행자,여,23세,부상신고
2022050200100315,2022년 5월 2일 14시,월요일,인천광역시 부평구 부평동,부상신고사고,0,0,0,1,차대사람 - 기타,안전운전불이행,건조,맑음,기타 - 기타,기타불명,남,70세,상해없음,보행자,여,78세,부상신고
2022050200100363,2022년 5월 2일 15시,월요일,인천광역시 남동구 만수동,중상사고,0,1,0,0,차대사람 - 기타,기타,건조,맑음,교차로 - 교차로부근,기타불명,기타불명,미분류,기타불명,보행자,남,36세,중상
2022050200100402,2022년 5월 2일 16시,월요일,인천광역시 미추홀구 학익동,경상사고,0,0,1,0,차대차 - 추돌,안전운전불이행,건조,맑음,교차로 - 교차로안,승용,여,32세,상해없음,승용,남,69세,경상
2022050200100403,2022년 5월 2일 16시,월요일,인천광역시 연수구 선학동,중상사고,0,1,0,0,차대차 - 측면충돌,안전운전불이행,건조,맑음,교차로 - 교차로횡단보도내,승용,남,71세,상해없음,자전거,여,57세,중상
2022050200100483,2022년 5월 2일 18시,월요일,인천광역시 부평구 부평동,부상신고사고,0,0,0,1,차대차 - 측면충돌,안전운전불이행,건조,맑음,교차로 - 교차로횡단보도내,화물,남,54세,상해없음,자전거,남,16세,부상신고
2022050200100560,2022년 5월 2일 20시,월요일,인천광역시 남동구 간석동,중상사고,0,1,0,0,차대차 - 정면충돌,안전운전불이행,건조,맑음,교차로 - 교차로안,승용,남,28세,상해없음,원동기,남,43세,중상
2022050200100561,2022년 5월 2일 20시,월요일,인천광역시 연수구 동춘동,경상사고,0,0,1,0,차대차 - 정면충돌,신호위반,건조,맑음,교차로 - 교차로부근,승용,남,60세,상해없음,이륜,남,31세,경상
2022050200100577,2022년 5월 2일 21시,월요일,인천광역시 남동구 간석동,중상사고,0,1,0,0,차대사람 - 차도통행중,안전운전불이행,건조,맑음,교차로 - 교차로안,승용,여,46세,상해없음,보행자,남,57세,중상