사고번호,사고일시,요일,시군구,사고내용,사망자수,중상자수,경상자수,부상신고자수,사고유형,법규위반,노면상태,기상상태,도로형태,가해운전자 차종,가해운전자 성별,가해운전자 연령,가해운전자 상해정도,피해운전자 차종,피해운전자 성별,피해운전자 연령,피해운전자 상해정도
2022050700100516,2022년 5월 7일 21시,토요일,인천광역시 남동구 간석동,경상사고,0,0,1,0,차대차 - 측면충돌,안전운전불이행,건조,흐림,교차로 - 교차로안,승용,여,26세,상해없음,승용,여,53세,경상
2022050700100528,2022년 5월 7일 22시,토요일,인천광역시 부평구 십정동,경상사고,0,0,1,0,차대차 - 기타,안전운전불이행,건조,맑음,교차로 - 교차로부근,승용,남,58세,상해없음,이륜,남,24세,경상
2022050800100009,2022년 5월 8일 00시,일요일,인천광역시 부평구 십정동,경상사고,0,0,2,0,차대차 - 측면충돌,안전운전불이행,건조,맑음,단일로 - 기타,이륜,남,16세,상해없음,승용,남,39세,경상
2022050800100029,2022년 5월 8일 02시,일요일,인천광역시 미추홀구 용현동,경상사고,0,0,1,0,차대차 - 추돌,안전운전불이행,건조,맑음,단일로 - 기타,승용,남,37세,상해없음,원동기,남,50세,경상
2022050800100106,2022년 5월 8일 10시,일요일,인천광역시 미추홀구 관교동,중상사고,0,1,0,0,차대차 - 기타,안전운전불이행,건조,맑음,교차로 - 교차로안,승용,여,28세,기타불명,승합,남,59세,기타불명
2022050800100107,2022년 5월 8일 10시,일요일,인천광역시 부평구 부개동,경상사고,0,0,1,0,차대차 - 후진중충돌,안전운전불이행,건조,맑음,단일로 - 기타,승용,남,65세,상해없음,승용,남,26세,경상
2022050800100203,2022년 5월 8일 13시,일요일,인천광역시 서구 가좌동,경상사고,0,0,1,0,차대차 - 후진중충돌,안전운전불이행,건조,맑음,주차장 - 주차장,승용,남,23세,상해없음,승용,남,48세,경상
2022050800100205,2022년 5월 8일 13시,일요일,인천광역시 부평구 일신동,경상사고,0,0,2,0,차대차 - 측면충돌,차로위반,건조,맑음,단일로 - 교량,승용,여,54세,상해없음,승용,여,26세,경상
2022050800100237,2022년 5월 8일 14시,일요일,인천광역시 서구 가정동,경상사고,0,0,1,0,차대차 - 기타,안전운전불이행,건조,맑음,교차로 - 교차로안,승용,남,61세,상해없음,승용,여,58세,경상
2022050800100238,2022년 5월 8일 14시,일요일,인천광역시 부평구 갈산동,경상사고,0,0,1,0,차대사람 - 기타,안전운전불이행,건조,흐림,미분류 - 미분류,자전거,남,79세,기타불명,보행자,여,62세,경상
2022050800100265,2022년 5월 8일 15시,일요일,인천광역시 서구 마전동,경상사고,0,0,4,0,차대차 - 측면충돌,안전운전불이행,건조,맑음,단일로 - 기타,승용,남,54세,상해없음,승용,남,46세,경상
2022050800100301,2022년 5월 8일 16시,일요일,인천광역시 남동구 도림동,경상사고,0,0,1,0,차대차 - 측면충돌,신호위반,건조,맑음,교차로 - 교차로안,승용,남,55세,상해없음,승용,남,57세,경상
2022050800100302,2022년 5월 8일 16시,일요일,인천광역시 남동구 서창동,경상사고,0,0,3,0,차대차 - 측면충돌,교차로운행방법위반,건조,맑음,교차로 - 교차로부근,승용,남,46세,상해없음,승용,남,47세,경상
2022050800100329,2022년 5월 8일 17시,일요일,인천광역시 미추홀구 주안동,경상사고,0,0,2,0,차대차 - 측면충돌,안전운전불이행,건조,맑음,교차로 - 교차로안,승용,남,58세,상해없음,승용,남,24세,경상
2022050800100359,2022년 5월 8일 18시,일요일,인천광역시 연수구 송도동,경상사고,0,0,2,0,차대차 - 측면충돌,안전운전불이행,건조,맑음,교차로 - 교차로안,승용,여,43세,상해없음,승용,남,25세,경상
2022050800100417,2022년 5월 8일 20시,일요일,인천광역시 부평구 갈산동,경상사고,0,0,3,0,차대차 - 측면충돌,안전운전불이행,젖음/습기,비,교차로 - 교차로부근,승용,남,39세,상해없음,승용,남,23세,경상
2022050800100418,2022년 5월 8일 20시,일요일,인천광역시 부평구 부평동,중상사고,0,1,0,0,차대차 - 기타,안전운전불이행,건조,맑음,기타 - 기타,승용,남,31세,상해없음,승용,여,49세,중상
2022050800100419,2022년 5월 8일 20시,일요일,인천광역시 남동구 수산동,경상사고,0,0,4,0,차대차 - 측면충돌,신호위반,젖음/습기,비,단일로 - 기타,승용,남,61세,상해없음,화물,남,52세,경상
2022050800100456,2022년 5월 8일 21시,일요일,인천광역시 남동구 논현동,경상사고,0,0,1,0,차대사람 - 횡단중,안전운전불이행,젖음/습기,맑음,교차로 - 교차로안,기타불명,기타불명,미분류,기타불명,보행자,남,15세,경상
2022050800100457,2022년 5월 8일 21시,일요일,인천광역시 남동구 수산동,경상사고,0,0,1,0,차대차 - 측면충돌,신호위반,젖음/습기,비,교차로 - 교차로부근,승용,여,28세,상해없음,승용,남,63세,경상
2022050800100475,2022년 5월 8일 22시,일요일,인천광역시 미추홀구 주안동,경상사고,0,0,2,0,차대차 - 기타,안전운전불이행,건조,기타,교차로 - 교차로안,승용,남,33세,상해없음,승용,남,65세,경상
2022050800100476,2022년 5월 8일 22시,일요일,인천광역시 계양구 계산동,경상사고,0,0,1,0,차대차 - 추돌,안전운전불이행,젖음/습기,비,단일로 - 기타,이륜,남,27세,경상,승용,남,38세,상해없음
2022050900100010,2022년 5월 9일 00시,월요일,인천광역시 미추홀구 주안동,경상사고,0,0,4,0,차대차 - 추돌,안전운전불이행,젖음/습기,흐림,단일로 - 기타,승용,여,53세,상해없음,승용,남,55세,경상
2022050900100051,2022년 5월 9일 06시,월요일,인천광역시 남동구 구월동,경상사고,0,0,1,0,차대차 - 추돌,안전거리미확보,건조,맑음,교차로 - 교차로안,이륜,여,26세,상해없음,승용,남,29세,경상
2022050900100052,2022년 5월 9일 06시,월요일,인천광역시 남동구 간석동,부상신고사고,0,0,0,1,차대사람 - 횡단중,안전운전불이행,건조,맑음,교차로 - 교차로횡단보도내,승용,남,67세,상해없음,보행자,남,61세,부상신고
2022050900100115,2022년 5월 9일 08시,월요일,인천광역시 남동구 구월동,경상사고,0,0,1,0,차대사람 - 보도통행중,보행자보호의무위반,건조,맑음,단일로 - 기타,승용,남,80세,상해없음,보행자,여,25세,경상
2022050900100116,2022년 5월 9일 08시,월요일,인천광역시 계양구 작전동,경상사고,0,0,1,0,차대차 - 측면충돌,안전운전불이행,건조,맑음,기타 - 기타,화물,남,71세,상해없음,승용,남,45세,경상
2022050900100179,2022년 5월 9일 10시,월요일,인천광역시 남동구 남촌동,중상사고,0,1,0,0,차대사람 - 횡단중,안전운전불이행,건조,맑음,교차로 - 교차로부근,승용,남,48세,상해없음,보행자,여,24세,중상
2022050900100251,2022년 5월 9일 12시,월요일,인천광역시 동구 송현동,중상사고,0,1,1,0,차대차 - 측면충돌,신호위반,건조,맑음,단일로 - 터널,화물,남,42세,상해없음,승용,남,74세,중상
2022050900100290,2022년 5월 9일 13시,월요일,인천광역시 계양구 귤현동,경상사고,0,0,1,0,차대차 - 기타,안전운전불이행,건조,맑음,단일로 - 기타,자전거,여,54세,상해없음,자전거,남,56세,상해없음
2022050900100291,2022년 5월 9일 13시,월요일,인천광역시 연수구 송도동,경상사고,0,0,1,0,차대차 - 측면충돌,안전운전불이행,건조,맑음,단일로 - 기타,승용,여,54세,상해없음,승용,남,25세,경상
2022050900100329,2022년 5월 9일 14시,월요일,인천광역시 연수구 송도동,중상사고,0,1,0,0,차량단독 - 공작물충돌,안전운전불이행,건조,맑음,단일로 - 기타,승합,남,64세,상해없음,,,,
2022050900100369,2022년 5월 9일 15시,월요일,인천광역시 미추홀구 문학동,중상사고,0,1,0,0,차대차 - 측면충돌,교차로운행방법위반,건조,맑음,교차로 - 교차로안,화물,남,76세,상해없음,승용,남,32세,중상
2022050900100370,2022년 5월 9일 15시,월요일,인천광역시 연수구 송도동,경상사고,0,0,1,0,차대사람 - 차도통행중,기타,건조,맑음,단일로 - 기타,승용,여,63세,상해없음,보행자,남,7세,경상
2022050900100371,2022년 5월 9일 15시,월요일,인천광역시 연수구 송도동,경상사고,0,0,1,0,차대차 - 기타,안전거리미확보,건조,맑음,단일로 - 기타,승용,남,61세,상해없음,승용,여,50세,경상
2022050900100372,2022년 5월 9일 15시,월요일,인천광역시 연수구 동춘동,경상사고,0,0,1,0,차대차 - 측면충돌,교차로운행방법위반,건조,맑음,단일로 - 고가도로위,승용,여,57세,상해없음,승용,남,47세,경상
2022050900100373,2022년 5월 9일 15시,월요일,인천광역시 계양구 서운동,경상사고,0,0,1,0,차대차 - 추돌,안전운전불이행,건조,맑음,단일로 - 기타,승용,남,50세,기타불명,승용,남,45세,경상
2022050900100509,2022년 5월 9일 18시,월요일,인천광역시 미추홀구 주안동,경상사고,0,0,2,0,차대차 - 측면충돌,안전운전불이행,건조,맑음,기타 - 기타,승용,남,79세,상해없음,승용,여,38세,경상
2022050900100510,2022년 5월 9일 18시,월요일,인천광역시 서구 왕길동,경상사고,0,0,1,0,차대차 - 기타,안전운전불이행,건조,맑음,기타 - 기타,승용,남,33세,상해없음,이륜,남,45세,경상
2022050900100543,2022년 5월 9일 19시,월요일,인천광역시 서구 청라동,경상사고,0,0,1,0,차대차 - 측면충돌,안전운전불이행,건조,맑음,교차로 - 교차로안,승용,남,72세,상해없음,승용,남,24세,경상
2022050900100569,2022년 5월 9일 20시,월요일,인천광역시 연수구 동춘동,중상사고,0,2,0,0,차대차 - 정면충돌,중앙선침범,건조,맑음,교차로 - 교차로안,승용,남,63세,상해없음,화물,남,56세,중상
2022051000100026,2022년 5월 10일 02시,화요일,인천광역시 남동구 간석동,경상사고,0,0,1,0,차대사람 - 길가장자리구역통행중,안전운전불이행,건조,맑음,단일로 - 기타,승용,남,36세,상해없음,보행자,남,39세,경상
2022051000100050,2022년 5월 10일 06시,화요일,인천광역시 미추홀구 주안동,경상사고,0,0,2,0,차대차 - 측면충돌,안전거리미확보,건조,맑음,교차로 - 교차로부근,화물,남,24세,상해없음,승합,남,63세,경상
2022051000100069,2022년 5월 10일 07시,화요일,인천광역시 서구 왕길동,경상사고,0,0,1,0,차대차 - 기타,안전운전불이행,건조,맑음,교차로 - 교차로안,승용,여,62세,상해없음,승용,남,39세,경상
2022051000100070,2022년 5월 10일 07시,화요일,인천광역시 부평구 부평동,경상사고,0,0,1,0,차대차 - 추돌,안전운전불이행,건조,맑음,단일로 - 기타,승용,여,41세,상해없음,승용,여,58세,경상
2022051000100119,2022년 5월 10일 08시,화요일,인천광역시 미추홀구 숭의동,경상사고,0,0,1,0,차대차 - 측면충돌,안전운전불이행,건조,맑음,교차로 - 교차로부근,건설기계,남,55세,상해없음,승용,여,27세,경상
2022051000100120,2022년 5월 10일 08시,화요일,인천광역시 계양구 임학동,경상사고,0,0,1,0,차대차 - 측면충돌,안전운전불이행,건조,맑음,단일로 - 기타,승용,여,51세,상해없음,승용,남,55세,경상
2022051000100121,2022년 5월 10일 08시,화요일,인천광역시 강화군 양도면,경상사고,0,0,1,0,차대차 - 측면충돌,중앙선침범,건조,맑음,교차로 - 교차로부근,승용,여,56세,기타불명,승용,여,46세,경상
2022051000100122,2022년 5월 10일 08시,화요일,인천광역시 부평구 부평동,경상사고,0,0,1,0,차대사람 - 기타,안전운전불이행,건조,맑음,교차로 - 교차로부근,자전거,남,88세,상해없음,보행자,여,26세,경상
2022051000100171,2022년 5월 10일 09시,화요일,인천광역시 부평구 부평동,경상사고,0,0,1,0,차량단독 - 기타,안전운전불이행,건조,맑음,교차로 - 교차로부근,승합,남,62세,상해없음,,,,
2022051000100172,2022년 5월 10일 09시,화요일,인천광역시 남동구 간석동,경상사고,0,0,1,0,차대차 - 측면충돌,차로위반,건조,맑음,단일로 - 기타,승용,남,67세,상해없음,화물,남,62세,경상
2022051000100173,2022년 5월 10일 09시,화요일,인천광역시 서구 당하동,경상사고,0,0,1,0,차대사람 - 횡단중,안전운전불이행,건조,맑음,기타 - 기타,승용,남,45세,상해없음,보행자,여,41세,경상
2022051000100198,2022년 5월 10일 10시,화요일,인천광역시 남동구 고잔동,중상사고,0,1,1,0,차대차 - 측면충돌,신호위반,건조,맑음,교차로 - 교차로안,이륜,남,48세,중상,승용,남,65세,경상
2022051000100236,2022년 5월 10일 11시,화요일,인천광역시 미추홀구 도화동,중상사고,0,1,0,0,차대사람 - 횡단중,중앙선침범,건조,맑음,교차로 - 교차로횡단보도내,이륜,남,41세,상해없음,보행자,여,64세,중상
2022051000100269,2022년 5월 10일 12시,화요일,인천광역시 중구 항동7가,경상사고,0,0,1,0,차대차 - 측면충돌,안전거리미확보,건조,맑음,단일로 - 기타,승용,남,73세,기타불명,건설기계,남,45세,경상
2022051000100270,2022년 5월 10일 12시,화요일,인천광역시 미추홀구 숭의동,중상사고,0,1,0,0,차대사람 - 차도통행중,안전운전불이행,건조,맑음,단일로 - 기타,화물,남,24세,상해없음,보행자,남,49세,중상
2022051000100271,2022년 5월 10일 12시,화요일,인천광역시 서구 원창동,경상사고,0,0,1,0,차대차 - 측면충돌,차로위반,건조,맑음,단일로 - 기타,화물,남,61세,상해없음,화물,남,54세,경상
2022051000100272,2022년 5월 10일 12시,화요일,인천광역시 서구 가정동,중상사고,0,1,0,0,차대차 - 측면충돌,안전운전불이행,건조,맑음,단일로 - 기타,승용,남,25세,상해없음,승용,남,30세,중상
2022051000100309,2022년 5월 10일 13시,화요일,인천광역시 미추홀구 주안동,경상사고,0,0,1,0,차대차 - 측면충돌,안전운전불이행,건조,맑음,교차로 - 교차로부근,승용,남,62세,상해없음,이륜,남,40세,경상
2022051000100310,2022년 5월 10일 13시,화요일,인천광역시 남동구 구월동,경상사고,0,0,1,0,차대사람 - 차도통행중,안전운전불이행,건조,맑음,교차로 - 교차로안,승용,여,57세,기타불명,보행자,여,23세,경상
2022051000100338,2022년 5월 10일 14시,화요일,인천광역시 동구 송림동,경상사고,0,0,1,0,차대차 - 추돌,안전운전불이행,건조,맑음,단일로 - 기타,건설기계,남,56세,상해없음,승용,남,37세,경상
2022051000100339,2022년 5월 10일 14시,화요일,인천광역시 남동구 간석동,경상사고,0,0,1,0,차대사람 - 횡단중,안전운전불이행,건조,맑음,단일로 - 기타,화물,남,57세,상해없음,보행자,남,45세,경상
2022051000100375,2022년 5월 10일 15시,화요일,인천광역시 부평구 삼산동,경상사고,0,0,1,0,차대사람 - 차도통행중,안전운전불이행,건조,맑음,단일로 - 기타,이륜,남,37세,상해없음,보행자,여,66세,경상
2022051000100376,2022년 5월 10일 15시,화요일,인천광역시 부평구 부평동,경상사고,0,0,1,0,차대차 - 측면충돌,안전운전불이행,건조,맑음,교차로 - 교차로안,승용,여,61세,상해없음,승용,남,29세,경상
2022051000100426,2022년 5월 10일 16시,화요일,인천광역시 미추홀구 주안동,경상사고,0,0,2,0,차대차 - 추돌,안전운전불이행,건조,맑음,단일로 - 기타,승용,여,46세,경상,승합,남,65세,경상
2022051000100427,2022년 5월 10일 16시,화요일,인천광역시 부평구 부평동,경상사고,0,0,1,0,차대차 - 후진중충돌,안전운전불이행,건조,맑음,교차로 - 교차로부근,승용,남,34세,상해없음,승용,남,39세,경상
2022051000100467,2022년 5월 10일 17시,화요일,인천광역시 서구 석남동,경상사고,0,0,1,0,차대사람 - 기타,안전운전불이행,건조,맑음,단일로 - 기타,승용,남,76세,상해없음,보행자,여,41세,경상
2022051000100502,2022년 5월 10일 18시,화요일,인천광역시 중구 중산동,경상사고,0,0,1,0,차대차 - 측면충돌,안전거리미확보,건조,맑음,단일로 - 지하차도(도로)내,승용,여,66세,상해없음,승용,남,45세,상해없음
2022051000100503,2022년 5월 10일 18시,화요일,인천광역시 미추홀구 주안동,경상사고,0,0,2,0,차대차 - 측면충돌,교차로운행방법위반,건조,맑음,교차로 - 교차로안,승용,여,26세,상해없음,승용,여,35세,경상
2022051000100504,2022년 5월 10일 18시,화요일,인천광역시 연수구 송도동,경상사고,0,0,2,0,차량단독 - 공작물충돌,안전운전불이행,건조,맑음,기타 - 기타,승용,남,40세,상해없음,,,,
2022051000100563,2022년 5월 10일 20시,화요일,인천광역시 남동구 구월동,경상사고,0,0,1,0,차대차 - 측면충돌,안전운전불이행,건조,맑음,교차로 - 교차로횡단보도내,승용,남,42세,상해없음,자전거,남,43세,경상
2022051000100564,2022년 5월 10일 20시,화요일,인천광역시 부평구 부개동,경상사고,0,0,1,0,차대차 - 기타,안전운전불이행,건조,맑음,단일로 - 기타,승용,여,42세,상해없음,자전거,여,60세,경상
2022051000100586,2022년 5월 10일 21시,화요일,인천광역시 계양구 효성동,경상사고,0,0,1,0,차대차 - 기타,신호위반,건조,맑음,교차로 - 교차로안,기타불명,기타불명,미분류,기타불명,승합,남,70세,상해없음
2022051000100587,2022년 5월 10일 21시,화요일,인천광역시 남동구 수산동,중상사고,0,1,0,0,차대차 - 추돌,안전운전불이행,건조,맑음,단일로 - 기타,화물,남,38세,상해없음,화물,남,44세,중상
2022051000100616,2022년 5월 10일 23시,화요일,인천광역시 계양구 갈현동,경상사고,0,0,2,0,차대차 - 측면충돌,안전운전불이행,건조,맑음,교차로 - 교차로부근,승용,남,21세,상해없음,승용,여,29세,경상
2022051100100008,2022년 5월 11일 00시,수요일,인천광역시 남동구 간석동,중상사고,0,1,0,1,차대차 - 추돌,안전운전불이행,건조,맑음,단일로 - 기타,이륜,남,31세,부상신고,이륜,남,36세,중상
2022051100100033,2022년 5월 11일 05시,수요일,인천광역시 남동구 만수동,중상사고,0,1,0,0,차대차 - 측면충돌,안전운전불이행,건조,맑음,교차로 - 교차로안,승용,남,61세,상해없음,자전거,남,62세,중상
2022051100100142,2022년 5월 11일 09시,수요일,인천광역시 부평구 삼산동,중상사고,0,1,0,0,차대사람 - 횡단중,교차로운행방법위반,건조,맑음,교차로 - 교차로안,승용,여,63세,상해없음,보행자,여,19세,중상
2022051100100169,2022년 5월 11일 10시,수요일,인천광역시 미추홀구 도화동,경상사고,0,0,1,0,차대차 - 기타,중앙선침범,건조,맑음,교차로 - 교차로부근,승용,남,19세,상해없음,이륜,남,53세,경상
2022051100100220,2022년 5월 11일 12시,수요일,인천광역시 부평구 삼산동,경상사고,0,0,1,0,차대사람 - 기타,안전운전불이행,기타,기타,미분류 - 미분류,승용,여,62세,상해없음,보행자,남,66세,경상
2022051100100360,2022년 5월 11일 16시,수요일,인천광역시 중구 신흥동3가,경상사고,0,0,1,0,차대차 - 추돌,안전운전불이행,건조,맑음,교차로 - 교차로부근,화물,남,39세,상해없음,승용,남,58세,경상
2022051100100361,2022년 5월 11일 16시,수요일,인천광역시 미추홀구 주안동,경상사고,0,0,1,0,차대차 - 후진중충돌,안전운전불이행,건조,맑음,교차로 - 교차로안,승용,남,48세,상해없음,승용,남,41세,경상
2022051100100362,2022년 5월 11일 16시,수요일,인천광역시 미추홀구 주안동,경상사고,0,0,1,0,차대차 - 측면충돌,신호위반,건조,맑음,교차로 - 교차로안,승용,여,60세,상해없음,승용,남,30세,경상
2022051100100363,2022년 5월 11일 16시,수요일,인천광역시 연수구 옥련동,경상사고,0,0,2,0,차대차 - 측면충돌,안전운전불이행,건조,맑음,단일로 - 지하차도(도로)내,승용,여,43세,경상,화물,남,26세,경상
2022051100100364,2022년 5월 11일 16시,수요일,인천광역시 남동구 만수동,경상사고,0,0,1,0,차대사람 - 횡단중,보행자보호의무위반,건조,맑음,교차로 - 교차로안,승용,남,60세,상해없음,보행자,남,9세,경상
2022051100100365,2022년 5월 11일 16시,수요일,인천광역시 중구 운북동,경상사고,0,0,1,0,차대차 - 정면충돌,안전거리미확보,건조,맑음,단일로 - 기타,기타불명,기타불명,미분류,기타불명,승용,여,62세,경상
2022051100100454,2022년 5월 11일 18시,수요일,인천광역시 미추홀구 도화동,경상사고,0,0,1,0,차대차 - 측면충돌,안전거리미확보,건조,맑음,단일로 - 기타,승용,남,49세,상해없음,승용,남,35세,경상
2022051100100455,2022년 5월 11일 18시,수요일,인천광역시 서구 청라동,경상사고,0,0,2,0,차대차 - 추돌,안전거리미확보,건조,맑음,교차로 - 교차로안,승용,남,60세,상해없음,승용,남,36세,경상
2022051100100456,2022년 5월 11일 18시,수요일,인천광역시 계양구 오류동,경상사고,0,0,2,0,차대차 - 추돌,안전운전불이행,건조,맑음,단일로 - 기타,승용,남,38세,상해없음,승용,여,43세,경상
2022051100100457,2022년 5월 11일 18시,수요일,인천광역시 부평구 부개동,경상사고,0,0,1,0,차대차 - 측면충돌,안전운전불이행,건조,맑음,단일로 - 기타,승용,여,46세,상해없음,승용,여,47세,경상
2022051100100458,2022년 5월 11일 18시,수요일,인천광역시 서구 원창동,경상사고,0,0,1,0,차대차 - 추돌,안전운전불이행,건조,맑음,단일로 - 기타,승용,남,23세,기타불명,승용,남,42세,경상
2022051100100492,2022년 5월 11일 19시,수요일,인천광역시 미추홀구 주안동,경상사고,0,0,1,0,차대사람 - 보도통행중,안전운전불이행,건조,맑음,기타 - 기타,개인형이동수단(PM),남,17세,상해없음,보행자,여,54세,경상
2022051100100520,2022년 5월 11일 20시,수요일,인천광역시 계양구 계산동,경상사고,0,0,1,0,차대차 - 측면충돌,안전운전불이행,건조,맑음,교차로 - 교차로안,승용,여,24세,상해없음,이륜,남,35세,경상
2022051200100121,2022년 5월 12일 08시,목요일,인천광역시 서구 가좌동,중상사고,0,1,0,0,차대사람 - 차도통행중,안전운전불이행,건조,맑음,단일로 - 기타,승용,남,32세,상해없음,보행자,여,66세,중상
2022051200100153,2022년 5월 12일 09시,목요일,인천광역시 미추홀구 주안동,경상사고,0,0,2,0,차대차 - 측면충돌,안전운전불이행,건조,맑음,교차로 - 교차로부근,승용,남,28세,상해없음,승용,남,30세,상해없음
2022051200100154,2022년 5월 12일 09시,목요일,인천광역시 연수구 송도동,경상사고,0,0,1,0,차대차 - 측면충돌,안전운전불이행,건조,맑음,교차로 - 교차로부근,승용,남,54세,상해없음,승용,남,62세,경상
2022051200100155,2022년 5월 12일 09시,목요일,인천광역시 남동구 고잔동,경상사고,0,0,1,0,차대차 - 측면충돌,안전거리미확보,건조,맑음,교차로 - 교차로부근,화물,남,56세,상해없음,승합,남,33세,경상
2022051200100181,2022년 5월 12일 10시,목요일,인천광역시 미추홀구 도화동,경상사고,0,0,1,0,차대차 - 추돌,안전운전불이행,건조,맑음,단일로 - 기타,승용,남,54세,상해없음,승용,남,48세,경상
2022051200100182,2022년 5월 12일 10시,목요일,인천광역시 미추홀구 용현동,경상사고,0,0,1,0,차대차 - 후진중충돌,안전운전불이행,건조,맑음,단일로 - 기타,승용,남,33세,상해없음,이륜,남,36세,경상
2022051200100183,2022년 5월 12일 10시,목요일,인천광역시 계양구 계산동,경상사고,0,0,1,0,차대사람 - 기타,안전운전불이행,건조,맑음,단일로 - 기타,화물,남,26세,상해없음,보행자,여,87세,경상
2022051200100212,2022년 5월 12일 11시,목요일,인천광역시 중구 경동,경상사고,0,0,1,0,차대차 - 측면충돌,안전거리미확보,건조,맑음,교차로 - 교차로부근,승용,여,62세,상해없음,승용,남,57세,경상
2022051200100305,2022년 5월 12일 14시,목요일,인천광역시 미추홀구 문학동,부상신고사고,0,0,0,1,차대차 - 기타,안전운전불이행,건조,맑음,기타 - 기타,화물,남,35세,기타불명,이륜,남,22세,부상신고
2022051200100306,2022년 5월 12일 14시,목요일,인천광역시 계양구 둑실동,사망사고,1,0,0,0,차대차 - 정면충돌,안전운전불이행,건조,맑음,단일로 - 기타,원동기,남,36세,상해없음,자전거,남,65세,사망
2022051200100336,2022년 5월 12일 15시,목요일,인천광역시 부평구 부평동,경상사고,0,0,1,0,차대차 - 측면충돌,중앙선침범,건조,맑음,단일로 - 기타,승용,남,52세,상해없음,승용,남,72세,경상
2022051200100383,2022년 5월 12일 16시,목요일,인천광역시 부평구 청천동,경상사고,0,0,1,0,차대차 - 측면충돌,안전운전불이행,건조,맑음,교차로 - 교차로안,승용,여,27세,상해없음,승용,남,26세,경상
2022051200100384,2022년 5월 12일 16시,목요일,인천광역시 부평구 갈산동,중상사고,0,1,0,0,차대사람 - 횡단중,안전운전불이행,건조,맑음,교차로 - 교차로부근,자전거,남,48세,기타불명,보행자,여,50세,중상
2022051200100431,2022년 5월 12일 17시,목요일,인천광역시 중구 신흥동3가,경상사고,0,0,1,0,차대차 - 측면충돌,기타,건조,맑음,단일로 - 기타,승용,남,31세,상해없음,승용,남,37세,경상
2022051200100517,2022년 5월 12일 19시,목요일,인천광역시 서구 오류동,경상사고,0,0,2,0,차량단독 - 공작물충돌,안전운전불이행,건조,맑음,단일로 - 기타,승용,남,20세,경상,,,,
2022051200100565,2022년 5월 12일 21시,목요일,인천광역시 미추홀구 주안동,경상사고,0,0,1,0,차량단독 - 기타,기타,건조,맑음,단일로 - 기타,승합,남,50세,상해없음,,,,
2022051200100566,2022년 5월 12일 21시,목요일,인천광역시 남동구 간석동,부상신고사고,0,0,0,1,차대차 - 추돌,안전운전불이행,건조,맑음,교차로 - 교차로부근,승용,남,24세,상해없음,승용,남,24세,부상신고
2022051200100591,2022년 5월 12일 22시,목요일,인천광역시 계양구 계산동,경상사고,0,0,1,0,차대사람 - 기타,안전운전불이행,건조,맑음,단일로 - 기타,승용,남,62세,기타불명,보행자,남,42세,경상
2022051300100024,2022년 5월 13일 02시,금요일,인천광역시 부평구 삼산동,중상사고,0,1,1,0,차대차 - 기타,신호위반,건조,맑음,기타 - 기타,승용,남,53세,중상,화물,남,57세,경상
2022051300100025,2022년 5월 13일 02시,금요일,인천광역시 남동구 논현동,경상사고,0,0,1,0,차대차 - 추돌,안전운전불이행,건조,맑음,교차로 - 교차로부근,승용,남,52세,상해없음,승용,남,57세,경상
2022051300100076,2022년 5월 13일 07시,금요일,인천광역시 미추홀구 주안동,경상사고,0,0,1,0,차대차 - 정면충돌,안전운전불이행,건조,맑음,단일로 - 기타,승용,남,62세,상해없음,승용,남,22세,경상
2022051300100119,2022년 5월 13일 08시,금요일,인천광역시 서구 가정동,경상사고,0,0,1,0,차대차 - 측면충돌,안전운전불이행,건조,맑음,교차로 - 교차로안,승용,남,67세,상해없음,승용,여,54세,경상
2022051300100154,2022년 5월 13일 09시,금요일,인천광역시 남동구 만수동,중상사고,0,1,0,0,차대차 - 기타,신호위반,건조,맑음,단일로 - 기타,승용,여,75세,상해없음,자전거,남,70세,중상
2022051300100187,2022년 5월 13일 10시,금요일,인천광역시 서구 검암동,경상사고,0,0,2,0,차대차 - 후진중충돌,안전운전불이행,건조,맑음,단일로 - 기타,승용,여,37세,상해없음,승용,남,49세,경상
2022051300100188,2022년 5월 13일 10시,금요일,인천광역시 남동구 남촌동,경상사고,0,0,1,0,차대사람 - 횡단중,안전운전불이행,건조,맑음,단일로 - 지하차도(도로)내,승용,남,75세,상해없음,보행자,남,40세,경상
2022051300100227,2022년 5월 13일 11시,금요일,인천광역시 부평구 부평동,부상신고사고,0,0,0,1,차대차 - 측면충돌,교차로운행방법위반,건조,맑음,교차로 - 교차로안,화물,남,78세,상해없음,화물,남,24세,부상신고
2022051300100228,2022년 5월 13일 11시,금요일,인천광역시 서구 가정동,경상사고,0,0,1,0,차대차 - 기타,신호위반,건조,맑음,단일로 - 기타,승용,남,26세,상해없음,승용,남,62세,경상
2022051300100229,2022년 5월 13일 11시,금요일,인천광역시 부평구 갈산동,중상사고,0,1,0,0,차대사람 - 횡단중,신호위반,건조,맑음,교차로 - 교차로횡단보도내,승용,여,67세,상해없음,보행자,여,57세,중상
2022051300100230,2022년 5월 13일 11시,금요일,인천광역시 남동구 논현동,경상사고,0,0,1,0,차대사람 - 길가장자리구역통행중,안전운전불이행,건조,맑음,교차로 - 교차로부근,기타불명,기타불명,미분류,기타불명,보행자,여,80세,경상