사고번호,사고일시,요일,시군구,사고내용,사망자수,중상자수,경상자수,부상신고자수,사고유형,법규위반,노면상태,기상상태,도로형태,가해운전자 차종,가해운전자 성별,가해운전자 연령,가해운전자 상해정도,피해운전자 차종,피해운전자 성별,피해운전자 연령,피해운전자 상해정도
2022060500100128,2022년 6월 5일 11시,일요일,인천광역시 중구 선화동,경상사고,0,0,1,0,차대차 - 추돌,안전운전불이행,기타,맑음,교차로 - 교차로부근,승용,남,76세,상해없음,승용,남,52세,경상
2022060500100191,2022년 6월 5일 13시,일요일,인천광역시 미추홀구 도화동,경상사고,0,0,1,0,차대사람 - 보도통행중,안전운전불이행,건조,맑음,단일로 - 기타,개인형이동수단(PM),여,13세,상해없음,보행자,남,73세,경상
2022060500100263,2022년 6월 5일 16시,일요일,인천광역시 중구 운서동,경상사고,0,0,2,0,차대차 - 기타,차로위반,건조,맑음,단일로 - 교량,승용,남,33세,상해없음,승용,남,41세,상해없음
2022060500100317,2022년 6월 5일 18시,일요일,인천광역시 남동구 만수동,중상사고,0,1,0,0,차대사람 - 차도통행중,안전운전불이행,건조,맑음,교차로 - 교차로부근,승용,남,62세,상해없음,보행자,남,34세,중상
2022060500100318,2022년 6월 5일 18시,일요일,인천광역시 연수구 송도동,경상사고,0,0,2,0,차대차 - 측면충돌,안전운전불이행,건조,맑음,교차로 - 교차로부근,이륜,남,47세,경상,승용,남,66세,경상
2022060500100319,2022년 6월 5일 18시,일요일,인천광역시 남동구 장수동,경상사고,0,0,2,0,차대차 - 측면충돌,안전운전불이행,건조,맑음,단일로 - 기타,화물,남,72세,상해없음,승용,남,56세,경상
2022060500100320,2022년 6월 5일 18시,일요일,인천광역시 연수구 송도동,경상사고,0,0,2,0,차대차 - 추돌,안전거리미확보,건조,맑음,단일로 - 교량,승용,남,38세,상해없음,승용,남,44세,상해없음
2022060500100397,2022년 6월 5일 21시,일요일,인천광역시 부평구 십정동,경상사고,0,0,1,0,차대차 - 정면충돌,중앙선침범,건조,흐림,교차로 - 교차로안,승용,남,60세,상해없음,이륜,남,23세,경상
2022060500100423,2022년 6월 5일 22시,일요일,인천광역시 미추홀구 주안동,경상사고,0,0,2,0,차대차 - 추돌,안전운전불이행,건조,맑음,교차로 - 교차로부근,승용,남,32세,상해없음,승용,남,27세,경상
2022060600100011,2022년 6월 6일 00시,월요일,인천광역시 서구 검암동,경상사고,0,0,2,0,차대차 - 후진중충돌,안전운전불이행,건조,맑음,단일로 - 기타,승용,남,27세,상해없음,승용,남,53세,경상
2022060600100025,2022년 6월 6일 01시,월요일,인천광역시 남동구 구월동,경상사고,0,0,4,0,차대차 - 추돌,안전운전불이행,건조,맑음,교차로 - 교차로부근,승용,남,29세,상해없음,승용,남,66세,경상
2022060600100053,2022년 6월 6일 04시,월요일,인천광역시 강화군 하점면,중상사고,0,1,0,0,차대사람 - 길가장자리구역통행중,안전운전불이행,건조,맑음,교차로 - 교차로부근,승용,여,63세,상해없음,보행자,여,83세,중상
2022060600100063,2022년 6월 6일 06시,월요일,인천광역시 남동구 남촌동,경상사고,0,0,1,0,차대차 - 정면충돌,신호위반,젖음/습기,비,교차로 - 교차로안,화물,남,57세,상해없음,승용,남,64세,경상
2022060600100144,2022년 6월 6일 11시,월요일,인천광역시 부평구 십정동,경상사고,0,0,1,0,차대차 - 측면충돌,안전운전불이행,건조,맑음,교차로 - 교차로안,승용,남,74세,상해없음,이륜,남,40세,경상
2022060600100174,2022년 6월 6일 12시,월요일,인천광역시 남동구 구월동,경상사고,0,0,1,0,차대차 - 후진중충돌,안전운전불이행,건조,맑음,교차로 - 교차로부근,승용,여,54세,상해없음,승용,남,26세,경상
2022060600100196,2022년 6월 6일 13시,월요일,인천광역시 미추홀구 주안동,경상사고,0,0,1,0,차대차 - 추돌,안전운전불이행,건조,맑음,단일로 - 기타,승용,남,26세,상해없음,원동기,남,30세,경상
2022060600100271,2022년 6월 6일 15시,월요일,인천광역시 서구 가정동,경상사고,0,0,3,0,차대차 - 측면충돌,안전운전불이행,건조,맑음,단일로 - 기타,승용,남,58세,상해없음,승용,남,37세,경상
2022060600100305,2022년 6월 6일 16시,월요일,인천광역시 서구 청라동,경상사고,0,0,1,0,차대차 - 정면충돌,신호위반,건조,맑음,단일로 - 교량,승용,남,56세,상해없음,건설기계,남,34세,경상
2022060600100340,2022년 6월 6일 17시,월요일,인천광역시 서구 가정동,경상사고,0,0,1,0,차대차 - 기타,안전운전불이행,건조,맑음,기타 - 기타,승용,여,63세,상해없음,승용,남,21세,경상
2022060600100368,2022년 6월 6일 18시,월요일,인천광역시 서구 경서동,경상사고,0,0,4,0,차대차 - 기타,신호위반,건조,맑음,기타 - 기타,승용,남,32세,상해없음,승용,남,36세,경상
2022060600100423,2022년 6월 6일 20시,월요일,인천광역시 서구 청라동,경상사고,0,0,3,0,차대차 - 측면충돌,신호위반,건조,맑음,교차로 - 교차로안,이륜,남,21세,상해없음,승용,여,41세,경상
2022060600100424,2022년 6월 6일 20시,월요일,인천광역시 계양구 귤현동,경상사고,0,0,1,0,차대차 - 측면충돌,안전운전불이행,건조,맑음,단일로 - 교량,승용,남,60세,상해없음,승용,남,34세,경상
2022060600100448,2022년 6월 6일 21시,월요일,인천광역시 연수구 송도동,경상사고,0,0,1,0,차대사람 - 횡단중,안전운전불이행,건조,맑음,교차로 - 교차로안,개인형이동수단(PM),여,14세,상해없음,보행자,여,30세,경상
2022060600100449,2022년 6월 6일 21시,월요일,인천광역시 연수구 청학동,경상사고,0,0,1,0,차대사람 - 보도통행중,안전운전불이행,건조,맑음,교차로 - 교차로부근,개인형이동수단(PM),여,15세,상해없음,보행자,여,75세,경상
2022060700100024,2022년 6월 7일 05시,화요일,인천광역시 남동구 논현동,경상사고,0,0,1,0,차대차 - 측면충돌,신호위반,건조,맑음,교차로 - 교차로안,승용,남,51세,상해없음,승용,남,41세,경상
2022060700100065,2022년 6월 7일 07시,화요일,인천광역시 남동구 간석동,경상사고,0,0,1,0,차대차 - 후진중충돌,안전운전불이행,건조,맑음,교차로 - 교차로부근,승용,남,62세,상해없음,승용,남,33세,경상
2022060700100116,2022년 6월 7일 08시,화요일,인천광역시 남동구 구월동,경상사고,0,0,1,0,차대차 - 추돌,안전운전불이행,기타,맑음,단일로 - 기타,승용,남,60세,상해없음,승용,여,50세,경상
2022060700100117,2022년 6월 7일 08시,화요일,인천광역시 남동구 고잔동,중상사고,0,1,0,0,차대차 - 측면충돌,안전운전불이행,건조,맑음,단일로 - 지하차도(도로)내,승용,여,29세,상해없음,이륜,남,33세,중상
2022060700100233,2022년 6월 7일 12시,화요일,인천광역시 서구 경서동,중상사고,0,1,0,0,차대차 - 측면충돌,직진우회전진행방해,건조,맑음,교차로 - 교차로안,이륜,남,41세,상해없음,승용,남,41세,중상
2022060700100265,2022년 6월 7일 13시,화요일,인천광역시 동구 화수동,경상사고,0,0,1,0,차대차 - 기타,안전운전불이행,건조,맑음,단일로 - 지하차도(도로)내,화물,남,59세,상해없음,화물,남,42세,경상
2022060700100295,2022년 6월 7일 14시,화요일,인천광역시 연수구 청학동,경상사고,0,0,1,0,차대차 - 기타,안전거리미확보,건조,맑음,교차로 - 교차로부근,승용,여,66세,상해없음,승용,여,52세,경상
2022060700100296,2022년 6월 7일 14시,화요일,인천광역시 부평구 부평동,중상사고,0,2,0,0,차대사람 - 기타,기타,건조,맑음,교차로 - 교차로부근,승용,남,59세,상해없음,보행자,여,68세,중상
2022060700100363,2022년 6월 7일 16시,화요일,인천광역시 남동구 간석동,경상사고,0,0,4,0,차대차 - 측면충돌,안전운전불이행,건조,맑음,교차로 - 교차로부근,승합,남,51세,상해없음,승용,남,24세,경상
2022060700100364,2022년 6월 7일 16시,화요일,인천광역시 서구 가좌동,경상사고,0,0,1,0,차대차 - 추돌,안전운전불이행,건조,맑음,단일로 - 기타,화물,남,68세,상해없음,승용,여,44세,경상
2022060700100365,2022년 6월 7일 16시,화요일,인천광역시 연수구 청학동,경상사고,0,0,1,0,차대차 - 측면충돌,신호위반,건조,맑음,교차로 - 교차로안,자전거,남,45세,경상,승용,남,40세,상해없음
2022060700100410,2022년 6월 7일 17시,화요일,인천광역시 중구 신흥동3가,경상사고,0,0,1,0,차대차 - 추돌,안전운전불이행,건조,맑음,단일로 - 기타,승합,여,51세,기타불명,승용,여,28세,경상
2022060700100411,2022년 6월 7일 17시,화요일,인천광역시 부평구 산곡동,중상사고,0,1,0,0,차대차 - 측면충돌,안전운전불이행,건조,맑음,교차로 - 교차로안,승용,남,67세,상해없음,이륜,남,59세,중상
2022060700100412,2022년 6월 7일 17시,화요일,인천광역시 남동구 구월동,경상사고,0,0,1,0,차대사람 - 기타,안전운전불이행,건조,맑음,주차장 - 주차장,승용,남,53세,상해없음,보행자,여,21세,경상
2022060700100443,2022년 6월 7일 18시,화요일,인천광역시 서구 신현동,경상사고,0,0,1,0,차대차 - 측면충돌,신호위반,건조,맑음,교차로 - 교차로안,승용,여,65세,상해없음,승용,남,25세,경상
2022060700100465,2022년 6월 7일 19시,화요일,인천광역시 미추홀구 숭의동,경상사고,0,0,1,0,차대차 - 정면충돌,안전운전불이행,건조,맑음,교차로 - 교차로부근,승용,남,57세,상해없음,승용,남,29세,경상
2022060700100466,2022년 6월 7일 19시,화요일,인천광역시 부평구 십정동,중상사고,0,1,1,0,차대차 - 기타,기타,건조,맑음,교차로 - 교차로안,이륜,남,45세,중상,승용,남,59세,경상
2022060700100467,2022년 6월 7일 19시,화요일,인천광역시 연수구 송도동,경상사고,0,0,1,0,차대차 - 기타,신호위반,건조,맑음,교차로 - 교차로부근,승용,여,30세,기타불명,승용,남,52세,경상
2022060700100509,2022년 6월 7일 20시,화요일,인천광역시 부평구 부평동,경상사고,0,0,1,0,차대사람 - 길가장자리구역통행중,안전운전불이행,건조,맑음,단일로 - 기타,기타불명,기타불명,미분류,기타불명,보행자,남,28세,경상
2022060700100539,2022년 6월 7일 21시,화요일,인천광역시 서구 청라동,중상사고,0,1,1,0,차대차 - 측면충돌,안전운전불이행,건조,맑음,교차로 - 교차로안,승용,여,25세,상해없음,승용,남,59세,경상
2022060700100540,2022년 6월 7일 21시,화요일,인천광역시 연수구 선학동,경상사고,0,0,1,0,차대차 - 기타,신호위반,건조,맑음,교차로 - 교차로안,승용,남,50세,기타불명,승용,여,46세,경상
2022060700100559,2022년 6월 7일 22시,화요일,인천광역시 서구 청라동,경상사고,0,0,3,0,차대차 - 기타,신호위반,건조,맑음,교차로 - 교차로안,승용,여,48세,상해없음,화물,남,27세,경상
2022060700100560,2022년 6월 7일 22시,화요일,인천광역시 연수구 옥련동,중상사고,0,1,0,0,차대차 - 추돌,안전운전불이행,건조,맑음,단일로 - 기타,승용,남,27세,상해없음,승용,남,31세,기타불명
2022060800100014,2022년 6월 8일 00시,수요일,인천광역시 서구 원당동,경상사고,0,0,1,0,차대차 - 추돌,안전운전불이행,건조,맑음,교차로 - 교차로부근,승용,남,36세,상해없음,승용,여,30세,경상
2022060800100034,2022년 6월 8일 03시,수요일,인천광역시 남동구 만수동,경상사고,0,0,1,0,차대차 - 추돌,안전운전불이행,건조,맑음,단일로 - 지하차도(도로)내,승용,남,46세,상해없음,승용,남,41세,경상
2022060800100111,2022년 6월 8일 08시,수요일,인천광역시 동구 송림동,경상사고,0,0,1,0,차대차 - 후진중충돌,안전운전불이행,건조,맑음,단일로 - 기타,승용,남,93세,상해없음,승용,여,49세,경상
2022060800100112,2022년 6월 8일 08시,수요일,인천광역시 계양구 효성동,경상사고,0,0,2,0,차대사람 - 횡단중,안전운전불이행,건조,맑음,단일로 - 기타,승용,남,66세,상해없음,보행자,남,85세,경상
2022060800100113,2022년 6월 8일 08시,수요일,인천광역시 부평구 부평동,부상신고사고,0,0,0,1,차대사람 - 길가장자리구역통행중,안전운전불이행,건조,맑음,단일로 - 기타,승용,남,27세,상해없음,보행자,여,32세,부상신고
2022060800100149,2022년 6월 8일 09시,수요일,인천광역시 부평구 산곡동,경상사고,0,0,1,0,차대차 - 정면충돌,안전운전불이행,건조,맑음,교차로 - 교차로부근,승용,여,57세,상해없음,자전거,남,17세,경상
2022060800100176,2022년 6월 8일 10시,수요일,인천광역시 미추홀구 도화동,경상사고,0,0,1,0,차대차 - 추돌,안전운전불이행,건조,맑음,교차로 - 교차로부근,승용,남,58세,상해없음,승용,여,44세,경상
2022060800100177,2022년 6월 8일 10시,수요일,인천광역시 미추홀구 학익동,경상사고,0,0,1,0,차대차 - 측면충돌,안전운전불이행,건조,맑음,단일로 - 기타,승용,여,65세,상해없음,승용,여,19세,경상
2022060800100178,2022년 6월 8일 10시,수요일,인천광역시 부평구 삼산동,중상사고,0,1,1,0,차대사람 - 횡단중,보행자보호의무위반,건조,맑음,단일로 - 기타,승용,남,26세,상해없음,보행자,여,57세,중상
2022060800100179,2022년 6월 8일 10시,수요일,인천광역시 남동구 장수동,경상사고,0,0,1,0,차대차 - 측면충돌,안전거리미확보,건조,맑음,교차로 - 교차로부근,화물,남,67세,상해없음,승용,여,62세,경상
2022060800100206,2022년 6월 8일 11시,수요일,인천광역시 남동구 구월동,경상사고,0,0,1,0,차대사람 - 횡단중,안전운전불이행,건조,맑음,단일로 - 기타,승용,남,20세,기타불명,보행자,여,35세,경상
2022060800100207,2022년 6월 8일 11시,수요일,인천광역시 서구 마전동,중상사고,0,1,0,0,차대차 - 측면충돌,차로위반,건조,맑음,단일로 - 기타,승용,남,70세,상해없음,이륜,남,32세,중상
2022060800100208,2022년 6월 8일 11시,수요일,인천광역시 연수구 송도동,경상사고,0,0,1,0,차대차 - 추돌,기타,건조,맑음,단일로 - 교량,승용,여,44세,기타불명,승용,여,52세,경상
2022060800100289,2022년 6월 8일 14시,수요일,인천광역시 부평구 부평동,경상사고,0,0,2,0,차대차 - 추돌,안전운전불이행,건조,맑음,단일로 - 기타,승용,여,53세,상해없음,승용,남,47세,경상
2022060800100290,2022년 6월 8일 14시,수요일,인천광역시 부평구 부평동,경상사고,0,0,2,0,차대차 - 측면충돌,신호위반,건조,맑음,단일로 - 기타,승용,남,27세,상해없음,승용,남,36세,경상
2022060800100360,2022년 6월 8일 16시,수요일,인천광역시 미추홀구 주안동,부상신고사고,0,0,0,1,차대차 - 기타,안전거리미확보,건조,맑음,단일로 - 기타,승합,남,30세,상해없음,이륜,남,23세,부상신고
2022060800100361,2022년 6월 8일 16시,수요일,인천광역시 남동구 구월동,경상사고,0,0,2,0,차대차 - 추돌,안전운전불이행,건조,맑음,교차로 - 교차로안,승용,남,61세,상해없음,승용,남,30세,경상
2022060800100448,2022년 6월 8일 18시,수요일,인천광역시 미추홀구 주안동,경상사고,0,0,1,0,차대차 - 측면충돌,신호위반,건조,맑음,교차로 - 교차로부근,승용,남,72세,상해없음,이륜,남,29세,경상
2022060800100480,2022년 6월 8일 19시,수요일,인천광역시 부평구 십정동,부상신고사고,0,0,0,2,차대차 - 측면충돌,안전운전불이행,건조,맑음,교차로 - 교차로안,승합,남,51세,상해없음,이륜,남,18세,부상신고
2022060800100481,2022년 6월 8일 19시,수요일,인천광역시 남동구 만수동,중상사고,0,1,0,0,차대사람 - 횡단중,안전운전불이행,건조,맑음,단일로 - 기타,승용,남,30세,상해없음,보행자,남,88세,중상
2022060800100533,2022년 6월 8일 21시,수요일,인천광역시 부평구 부평동,경상사고,0,0,2,0,차대차 - 정면충돌,안전운전불이행,건조,맑음,교차로 - 교차로안,승용,남,63세,경상,이륜,남,50세,경상
2022060800100560,2022년 6월 8일 22시,수요일,인천광역시 남동구 구월동,경상사고,0,0,2,0,차대차 - 후진중충돌,안전운전불이행,건조,맑음,단일로 - 기타,승용,남,61세,상해없음,승용,남,25세,경상
2022060800100561,2022년 6월 8일 22시,수요일,인천광역시 남동구 논현동,경상사고,0,0,1,0,차대사람 - 횡단중,안전운전불이행,건조,맑음,교차로 - 교차로횡단보도내,자전거,남,13세,상해없음,보행자,여,51세,경상
2022060800100572,2022년 6월 8일 23시,수요일,인천광역시 남동구 만수동,경상사고,0,0,1,0,차대차 - 추돌,안전운전불이행,건조,맑음,교차로 - 교차로안,승용,남,27세,상해없음,승용,여,60세,경상
2022060800100573,2022년 6월 8일 23시,수요일,인천광역시 남동구 서창동,경상사고,0,0,1,0,차대사람 - 기타,안전운전불이행,건조,맑음,단일로 - 기타,화물,남,43세,상해없음,보행자,남,67세,경상
2022060900100045,2022년 6월 9일 06시,목요일,인천광역시 계양구 장기동,중상사고,0,1,2,0,차대차 - 추돌,안전운전불이행,건조,맑음,단일로 - 기타,화물,남,50세,경상,화물,남,69세,상해없음
2022060900100066,2022년 6월 9일 07시,목요일,인천광역시 부평구 부평동,중상사고,0,1,0,0,차대차 - 추돌,안전운전불이행,젖음/습기,흐림,단일로 - 기타,화물,남,56세,상해없음,화물,남,61세,중상
2022060900100067,2022년 6월 9일 07시,목요일,인천광역시 남동구 구월동,경상사고,0,0,1,0,차대차 - 측면충돌,신호위반,건조,흐림,교차로 - 교차로안,승용,여,61세,상해없음,승용,남,51세,경상
2022060900100068,2022년 6월 9일 07시,목요일,인천광역시 남동구 고잔동,경상사고,0,0,1,0,차대차 - 측면충돌,안전운전불이행,건조,맑음,단일로 - 지하차도(도로)내,기타불명,기타불명,미분류,기타불명,원동기,남,41세,경상
2022060900100111,2022년 6월 9일 08시,목요일,인천광역시 부평구 부평동,경상사고,0,0,1,0,차대차 - 측면충돌,안전운전불이행,건조,맑음,교차로 - 교차로부근,화물,남,59세,상해없음,승용,남,32세,경상
2022060900100228,2022년 6월 9일 12시,목요일,인천광역시 서구 경서동,경상사고,0,0,1,0,차대차 - 측면충돌,안전운전불이행,건조,맑음,단일로 - 기타,화물,남,65세,상해없음,이륜,남,47세,경상
2022060900100350,2022년 6월 9일 16시,목요일,인천광역시 미추홀구 주안동,경상사고,0,0,1,0,차량단독 - 기타,기타,건조,맑음,단일로 - 기타,승합,남,58세,상해없음,,,,
2022060900100351,2022년 6월 9일 16시,목요일,인천광역시 연수구 송도동,경상사고,0,0,1,0,차대차 - 기타,안전운전불이행,건조,맑음,단일로 - 기타,화물,남,39세,상해없음,승용,남,47세,경상
2022060900100352,2022년 6월 9일 16시,목요일,인천광역시 계양구 병방동,경상사고,0,0,1,0,차대차 - 추돌,안전거리미확보,건조,맑음,단일로 - 교량,승용,여,55세,상해없음,승용,남,59세,경상
2022060900100385,2022년 6월 9일 17시,목요일,인천광역시 부평구 갈산동,경상사고,0,0,1,0,차대차 - 기타,안전운전불이행,건조,맑음,단일로 - 기타,승용,여,28세,상해없음,승용,남,28세,경상
2022060900100438,2022년 6월 9일 18시,목요일,인천광역시 미추홀구 주안동,경상사고,0,0,1,0,차대차 - 측면충돌,안전운전불이행,건조,맑음,교차로 - 교차로안,승용,남,61세,상해없음,승용,남,52세,경상
2022060900100439,2022년 6월 9일 18시,목요일,인천광역시 서구 왕길동,경상사고,0,0,1,0,차대사람 - 횡단중,보행자보호의무위반,건조,맑음,교차로 - 교차로안,기타불명,기타불명,미분류,기타불명,보행자,여,57세,경상
2022060900100440,2022년 6월 9일 18시,목요일,인천광역시 서구 경서동,경상사고,0,0,2,0,차대차 - 측면충돌,안전운전불이행,건조,맑음,단일로 - 기타,승용,여,30세,상해없음,승용,남,56세,경상
2022060900100530,2022년 6월 9일 22시,목요일,인천광역시 미추홀구 학익동,경상사고,0,0,1,0,차대차 - 후진중충돌,안전운전불이행,건조,맑음,단일로 - 기타,승용,남,49세,상해없음,승용,남,58세,경상
2022061000100072,2022년 6월 10일 07시,금요일,인천광역시 계양구 작전동,경상사고,0,0,1,0,차량단독 - 기타,안전운전불이행,건조,맑음,교차로 - 교차로부근,승합,남,60세,상해없음,,,,
2022061000100120,2022년 6월 10일 08시,금요일,인천광역시 계양구 귤현동,경상사고,0,0,1,0,차대사람 - 횡단중,안전운전불이행,건조,맑음,단일로 - 기타,승용,남,58세,상해없음,보행자,남,16세,경상
2022061000100185,2022년 6월 10일 10시,금요일,인천광역시 미추홀구 도화동,경상사고,0,0,2,0,차대차 - 추돌,안전운전불이행,건조,맑음,단일로 - 기타,승용,남,65세,기타불명,승용,남,48세,경상
2022061000100186,2022년 6월 10일 10시,금요일,인천광역시 부평구 삼산동,중상사고,0,1,0,0,차대사람 - 기타,안전운전불이행,건조,맑음,단일로 - 기타,화물,남,51세,상해없음,보행자,여,76세,중상
2022061000100243,2022년 6월 10일 12시,금요일,인천광역시 중구 중산동,경상사고,0,0,2,0,차대차 - 추돌,안전운전불이행,기타,맑음,교차로 - 교차로부근,승용,여,63세,상해없음,승용,남,32세,경상
2022061000100273,2022년 6월 10일 13시,금요일,인천광역시 계양구 동양동,경상사고,0,0,2,0,차대차 - 추돌,안전운전불이행,건조,맑음,단일로 - 기타,승용,남,30세,상해없음,승용,남,65세,경상
2022061000100306,2022년 6월 10일 14시,금요일,인천광역시 서구 석남동,경상사고,0,0,1,0,차대차 - 후진중충돌,안전운전불이행,건조,맑음,단일로 - 기타,승용,남,42세,상해없음,개인형이동수단(PM),남,24세,경상
2022061000100307,2022년 6월 10일 14시,금요일,인천광역시 남동구 도림동,중상사고,0,1,1,0,차대차 - 측면충돌,안전운전불이행,건조,맑음,교차로 - 교차로부근,승용,남,33세,상해없음,승용,남,30세,상해없음
2022061000100397,2022년 6월 10일 16시,금요일,인천광역시 강화군 양도면,중상사고,0,1,0,0,차대차 - 측면충돌,안전운전불이행,건조,맑음,단일로 - 지하차도(도로)내,승용,남,64세,상해없음,이륜,남,82세,중상
2022061000100439,2022년 6월 10일 17시,금요일,인천광역시 연수구 동춘동,경상사고,0,0,2,0,차대차 - 기타,안전운전불이행,젖음/습기,흐림,단일로 - 기타,승용,남,37세,기타불명,승용,남,32세,경상
2022061000100440,2022년 6월 10일 17시,금요일,인천광역시 부평구 부개동,경상사고,0,0,2,0,차대차 - 기타,안전운전불이행,기타,기타,단일로 - 기타,승용,남,62세,기타불명,승용,남,68세,경상
2022061000100485,2022년 6월 10일 18시,금요일,인천광역시 서구 마전동,경상사고,0,0,2,0,차대차 - 정면충돌,안전운전불이행,건조,맑음,교차로 - 교차로안,개인형이동수단(PM),남,15세,경상,승용,남,36세,경상
2022061000100486,2022년 6월 10일 18시,금요일,인천광역시 부평구 부평동,경상사고,0,0,1,0,차대차 - 측면충돌,안전운전불이행,건조,맑음,단일로 - 기타,승용,여,42세,상해없음,승용,남,63세,경상
2022061000100487,2022년 6월 10일 18시,금요일,인천광역시 남동구 남촌동,경상사고,0,0,1,0,차대사람 - 횡단중,보행자보호의무위반,건조,맑음,단일로 - 기타,승용,여,47세,기타불명,보행자,남,60세,경상
2022061000100488,2022년 6월 10일 18시,금요일,인천광역시 중구 운남동,경상사고,0,0,1,0,차대차 - 추돌,안전거리미확보,건조,맑음,단일로 - 교량,승용,남,30세,상해없음,승용,남,30세,경상
2022061000100554,2022년 6월 10일 20시,금요일,인천광역시 미추홀구 도화동,경상사고,0,0,1,0,차대차 - 정면충돌,중앙선침범,건조,맑음,단일로 - 기타,이륜,남,32세,상해없음,이륜,남,17세,경상
2022061000100569,2022년 6월 10일 21시,금요일,인천광역시 남동구 구월동,경상사고,0,0,3,0,차대차 - 추돌,안전운전불이행,건조,맑음,교차로 - 교차로부근,승용,남,20세,경상,개인형이동수단(PM),여,30세,경상
2022061100100015,2022년 6월 11일 00시,토요일,인천광역시 미추홀구 주안동,중상사고,0,1,0,0,차대사람 - 차도통행중,안전운전불이행,건조,맑음,교차로 - 교차로안,승용,남,52세,상해없음,보행자,여,46세,중상
2022061100100016,2022년 6월 11일 00시,토요일,인천광역시 서구 청라동,경상사고,0,0,2,0,차대차 - 추돌,안전운전불이행,건조,맑음,단일로 - 기타,승용,남,49세,상해없음,승용,남,55세,경상
2022061100100056,2022년 6월 11일 04시,토요일,인천광역시 남동구 간석동,경상사고,0,0,1,0,차대차 - 기타,안전운전불이행,건조,맑음,기타 - 기타,기타불명,기타불명,미분류,기타불명,승용,남,35세,경상
2022061100100088,2022년 6월 11일 07시,토요일,인천광역시 남동구 고잔동,경상사고,0,0,1,0,차대차 - 측면충돌,안전거리미확보,건조,맑음,단일로 - 기타,승용,남,47세,상해없음,승용,남,56세,경상
2022061100100134,2022년 6월 11일 09시,토요일,인천광역시 미추홀구 용현동,경상사고,0,0,4,0,차대차 - 측면충돌,안전거리미확보,건조,맑음,단일로 - 기타,승용,남,32세,상해없음,승용,남,38세,경상
2022061100100135,2022년 6월 11일 09시,토요일,인천광역시 계양구 서운동,경상사고,0,0,1,0,차대차 - 추돌,안전운전불이행,건조,맑음,단일로 - 기타,승용,남,34세,상해없음,승용,남,29세,경상
2022061100100162,2022년 6월 11일 10시,토요일,인천광역시 남동구 구월동,경상사고,0,0,3,0,차대차 - 측면충돌,차로위반,건조,맑음,교차로 - 교차로부근,승용,여,34세,경상,화물,남,41세,경상
2022061100100163,2022년 6월 11일 10시,토요일,인천광역시 강화군 양도면,경상사고,0,0,1,0,차대사람 - 횡단중,신호위반,건조,맑음,교차로 - 교차로횡단보도내,승용,여,61세,상해없음,보행자,남,84세,경상
2022061100100204,2022년 6월 11일 11시,토요일,인천광역시 중구 운서동,경상사고,0,0,1,0,차대차 - 측면충돌,안전운전불이행,건조,맑음,미분류 - 미분류,화물,남,73세,상해없음,승용,남,28세,경상
2022061100100205,2022년 6월 11일 11시,토요일,인천광역시 미추홀구 용현동,경상사고,0,0,1,0,차대차 - 정면충돌,안전운전불이행,건조,맑음,교차로 - 교차로안,승용,남,31세,상해없음,원동기,남,27세,경상
2022061100100206,2022년 6월 11일 11시,토요일,인천광역시 부평구 부평동,경상사고,0,0,1,0,차대사람 - 횡단중,보행자보호의무위반,건조,맑음,단일로 - 기타,승용,여,59세,상해없음,보행자,여,51세,경상
2022061100100242,2022년 6월 11일 12시,토요일,인천광역시 남동구 구월동,경상사고,0,0,2,0,차대차 - 측면충돌,교차로운행방법위반,건조,맑음,교차로 - 교차로안,승용,여,28세,상해없음,승용,남,43세,경상
2022061100100243,2022년 6월 11일 12시,토요일,인천광역시 부평구 부개동,중상사고,0,1,0,0,차대차 - 측면충돌,신호위반,건조,맑음,교차로 - 교차로부근,이륜,남,23세,기타불명,자전거,남,61세,중상
2022061100100322,2022년 6월 11일 14시,토요일,인천광역시 미추홀구 용현동,경상사고,0,0,1,2,차대차 - 추돌,안전운전불이행,건조,맑음,단일로 - 기타,승용,여,54세,상해없음,승용,남,62세,경상
2022061100100352,2022년 6월 11일 15시,토요일,인천광역시 미추홀구 도화동,경상사고,0,0,1,0,차대차 - 측면충돌,안전운전불이행,건조,맑음,교차로 - 교차로안,승용,남,42세,상해없음,승용,남,36세,경상
2022061100100353,2022년 6월 11일 15시,토요일,인천광역시 서구 청라동,경상사고,0,0,1,0,차대사람 - 횡단중,신호위반,건조,맑음,교차로 - 교차로횡단보도내,이륜,남,22세,상해없음,보행자,여,14세,경상
2022061100100387,2022년 6월 11일 16시,토요일,인천광역시 계양구 장기동,경상사고,0,0,2,0,차대차 - 기타,안전운전불이행,건조,맑음,교차로 - 교차로부근,승용,여,59세,경상,승용,남,80세,경상
2022061100100432,2022년 6월 11일 17시,토요일,인천광역시 미추홀구 도화동,부상신고사고,0,0,0,1,차대차 - 후진중충돌,안전운전불이행,건조,맑음,단일로 - 기타,승용,남,44세,상해없음,승용,남,59세,부상신고
2022061100100433,2022년 6월 11일 17시,토요일,인천광역시 미추홀구 주안동,경상사고,0,0,1,0,차대차 - 측면충돌,교차로운행방법위반,건조,맑음,교차로 - 교차로부근,승용,남,22세,기타불명,이륜,남,55세,경상