사고번호,사고일시,요일,시군구,사고내용,사망자수,중상자수,경상자수,부상신고자수,사고유형,법규위반,노면상태,기상상태,도로형태,가해운전자 차종,가해운전자 성별,가해운전자 연령,가해운전자 상해정도,피해운전자 차종,피해운전자 성별,피해운전자 연령,피해운전자 상해정도
2022061100100470,2022년 6월 11일 18시,토요일,인천광역시 부평구 갈산동,경상사고,0,0,1,0,차대차 - 정면충돌,안전운전불이행,건조,맑음,교차로 - 교차로부근,승용,여,33세,상해없음,승용,남,38세,경상
2022061100100517,2022년 6월 11일 20시,토요일,인천광역시 계양구 계산동,중상사고,0,1,0,0,차대차 - 측면충돌,안전운전불이행,건조,맑음,단일로 - 기타,화물,남,31세,상해없음,이륜,남,25세,중상
2022061100100541,2022년 6월 11일 21시,토요일,인천광역시 서구 가정동,중상사고,0,1,0,0,차대차 - 기타,직진우회전진행방해,건조,맑음,교차로 - 교차로안,승용,남,64세,상해없음,승용,여,51세,중상
2022061100100555,2022년 6월 11일 22시,토요일,인천광역시 계양구 병방동,경상사고,0,0,1,0,차대사람 - 보도통행중,신호위반,건조,맑음,교차로 - 교차로횡단보도내,화물,남,55세,상해없음,보행자,여,23세,경상
2022061200100013,2022년 6월 12일 00시,일요일,인천광역시 남동구 구월동,경상사고,0,0,2,0,차대차 - 측면충돌,안전운전불이행,건조,맑음,단일로 - 기타,승용,여,22세,상해없음,승용,남,60세,경상
2022061200100021,2022년 6월 12일 01시,일요일,인천광역시 중구 중산동,중상사고,0,1,0,0,차대차 - 추돌,안전운전불이행,건조,맑음,단일로 - 기타,승용,남,23세,상해없음,개인형이동수단(PM),남,22세,중상
2022061200100022,2022년 6월 12일 01시,일요일,인천광역시 남동구 간석동,중상사고,0,1,0,0,차대차 - 측면충돌,안전운전불이행,건조,맑음,단일로 - 기타,승용,남,32세,상해없음,승용,남,53세,중상
2022061200100065,2022년 6월 12일 06시,일요일,인천광역시 강화군 강화읍,경상사고,0,0,1,0,차대차 - 측면충돌,안전운전불이행,건조,맑음,단일로 - 지하차도(도로)내,화물,남,58세,상해없음,자전거,여,41세,경상
2022061200100066,2022년 6월 12일 06시,일요일,인천광역시 중구 운서동,경상사고,0,0,2,0,차대차 - 측면충돌,안전거리미확보,건조,맑음,단일로 - 기타,승용,남,30세,상해없음,승용,남,33세,경상
2022061200100090,2022년 6월 12일 09시,일요일,인천광역시 부평구 청천동,중상사고,0,1,0,0,차대차 - 측면충돌,신호위반,건조,맑음,교차로 - 교차로안,승용,남,63세,상해없음,화물,남,43세,중상
2022061200100107,2022년 6월 12일 10시,일요일,인천광역시 연수구 선학동,경상사고,0,0,1,0,차대차 - 측면충돌,안전운전불이행,건조,맑음,교차로 - 교차로안,승용,여,59세,상해없음,승용,남,54세,경상
2022061200100134,2022년 6월 12일 11시,일요일,인천광역시 중구 을왕동,경상사고,0,0,2,0,차대차 - 측면충돌,안전운전불이행,건조,맑음,교차로 - 교차로부근,승용,여,63세,경상,승용,남,67세,경상
2022061200100135,2022년 6월 12일 11시,일요일,인천광역시 서구 가정동,중상사고,0,1,1,0,차대차 - 측면충돌,신호위반,건조,맑음,교차로 - 교차로안,이륜,여,35세,중상,이륜,남,28세,경상
2022061200100156,2022년 6월 12일 12시,일요일,인천광역시 남동구 장수동,경상사고,0,0,8,0,차대차 - 추돌,안전운전불이행,건조,맑음,단일로 - 기타,승합,여,68세,상해없음,승용,남,57세,경상
2022061200100206,2022년 6월 12일 14시,일요일,인천광역시 연수구 송도동,경상사고,0,0,1,0,차대사람 - 기타,안전운전불이행,건조,맑음,단일로 - 지하차도(도로)내,승용,여,49세,상해없음,보행자,남,26세,경상
2022061200100234,2022년 6월 12일 15시,일요일,인천광역시 남동구 구월동,경상사고,0,0,1,1,차대차 - 기타,교차로운행방법위반,건조,맑음,교차로 - 교차로안,원동기,남,43세,부상신고,원동기,남,30세,경상
2022061200100235,2022년 6월 12일 15시,일요일,인천광역시 서구 가정동,경상사고,0,0,1,0,차대차 - 측면충돌,안전운전불이행,건조,맑음,교차로 - 교차로부근,승용,여,35세,상해없음,자전거,여,7세,경상
2022061200100281,2022년 6월 12일 17시,일요일,인천광역시 서구 가좌동,중상사고,0,1,1,0,차대차 - 기타,안전운전불이행,건조,맑음,교차로 - 교차로안,개인형이동수단(PM),남,14세,경상,자전거,남,67세,중상
2022061200100306,2022년 6월 12일 18시,일요일,인천광역시 남동구 고잔동,중상사고,0,1,0,0,차대차 - 측면충돌,신호위반,건조,맑음,교차로 - 교차로안,승용,남,57세,상해없음,승용,남,57세,중상
2022061200100401,2022년 6월 12일 22시,일요일,인천광역시 미추홀구 도화동,경상사고,0,0,2,0,차대사람 - 보도통행중,안전운전불이행,건조,맑음,기타 - 기타,개인형이동수단(PM),남,15세,기타불명,보행자,남,17세,경상
2022061200100410,2022년 6월 12일 23시,일요일,인천광역시 서구 금곡동,중상사고,0,2,0,0,차대차 - 정면충돌,기타,건조,맑음,교차로 - 교차로부근,승용,남,31세,상해없음,승용,남,30세,중상
2022061300100005,2022년 6월 13일 00시,월요일,인천광역시 미추홀구 학익동,경상사고,0,0,1,1,차대차 - 측면충돌,신호위반,건조,맑음,교차로 - 교차로안,이륜,남,20세,부상신고,승용,남,23세,경상
2022061300100007,2022년 6월 13일 01시,월요일,인천광역시 미추홀구 주안동,경상사고,0,0,1,0,차대차 - 추돌,안전운전불이행,건조,맑음,교차로 - 교차로부근,승용,남,67세,상해없음,승용,남,53세,경상
2022061300100035,2022년 6월 13일 06시,월요일,인천광역시 서구 석남동,경상사고,0,0,1,0,차대차 - 기타,차로위반,건조,맑음,단일로 - 고가도로위,건설기계,남,76세,상해없음,승용,남,35세,경상
2022061300100057,2022년 6월 13일 07시,월요일,인천광역시 남동구 구월동,경상사고,0,0,1,0,차대차 - 기타,안전운전불이행,건조,맑음,교차로 - 교차로안,기타불명,기타불명,미분류,기타불명,자전거,남,52세,경상
2022061300100058,2022년 6월 13일 07시,월요일,인천광역시 서구 왕길동,경상사고,0,0,1,0,차대차 - 후진중충돌,안전운전불이행,건조,맑음,단일로 - 기타,승용,남,61세,상해없음,승용,여,30세,경상
2022061300100059,2022년 6월 13일 07시,월요일,인천광역시 계양구 임학동,경상사고,0,0,1,0,차대차 - 측면충돌,안전운전불이행,건조,맑음,단일로 - 기타,승용,남,68세,상해없음,승용,남,47세,경상
2022061300100060,2022년 6월 13일 07시,월요일,인천광역시 연수구 옥련동,중상사고,0,1,0,0,차대차 - 측면충돌,안전운전불이행,건조,맑음,단일로 - 지하차도(도로)내,특수,남,53세,상해없음,이륜,남,59세,중상
2022061300100098,2022년 6월 13일 08시,월요일,인천광역시 미추홀구 숭의동,경상사고,0,0,3,0,차대차 - 추돌,안전운전불이행,건조,맑음,교차로 - 교차로부근,승용,남,51세,상해없음,승용,남,45세,경상
2022061300100099,2022년 6월 13일 08시,월요일,인천광역시 미추홀구 도화동,경상사고,0,0,1,0,차대차 - 기타,안전운전불이행,건조,맑음,단일로 - 기타,승용,남,33세,상해없음,승용,남,40세,경상
2022061300100130,2022년 6월 13일 09시,월요일,인천광역시 미추홀구 관교동,중상사고,0,1,0,0,차대사람 - 횡단중,안전운전불이행,건조,맑음,교차로 - 교차로횡단보도내,승합,남,69세,상해없음,보행자,남,88세,중상
2022061300100131,2022년 6월 13일 09시,월요일,인천광역시 부평구 부평동,경상사고,0,0,1,1,차대차 - 측면충돌,차로위반,건조,맑음,단일로 - 기타,승용,여,35세,부상신고,승용,남,32세,경상
2022061300100132,2022년 6월 13일 09시,월요일,인천광역시 연수구 송도동,경상사고,0,0,1,0,차대차 - 측면충돌,안전운전불이행,건조,맑음,교차로 - 교차로안,승용,남,42세,상해없음,승용,여,51세,경상
2022061300100163,2022년 6월 13일 10시,월요일,인천광역시 미추홀구 숭의동,중상사고,0,1,0,0,차대차 - 추돌,교차로운행방법위반,건조,맑음,교차로 - 교차로안,승용,남,62세,상해없음,자전거,여,29세,중상
2022061300100188,2022년 6월 13일 11시,월요일,인천광역시 미추홀구 관교동,경상사고,0,0,2,0,차대차 - 측면충돌,안전거리미확보,건조,맑음,단일로 - 기타,승용,여,73세,상해없음,화물,남,46세,경상
2022061300100265,2022년 6월 13일 14시,월요일,인천광역시 부평구 삼산동,경상사고,0,0,2,0,차대차 - 기타,안전운전불이행,기타,맑음,기타 - 기타,승용,남,62세,기타불명,승용,남,38세,경상
2022061300100300,2022년 6월 13일 15시,월요일,인천광역시 남동구 구월동,경상사고,0,0,1,0,차대사람 - 횡단중,보행자보호의무위반,건조,맑음,교차로 - 교차로횡단보도내,화물,남,56세,상해없음,보행자,여,15세,경상
2022061300100301,2022년 6월 13일 15시,월요일,인천광역시 계양구 계산동,중상사고,0,1,0,0,차대차 - 정면충돌,안전운전불이행,건조,맑음,단일로 - 기타,자전거,여,78세,중상,자전거,남,10세,상해없음
2022061300100355,2022년 6월 13일 16시,월요일,인천광역시 서구 경서동,경상사고,0,0,3,0,차대차 - 기타,안전운전불이행,젖음/습기,기타,기타 - 기타,승용,여,41세,상해없음,승용,여,30세,경상
2022061300100395,2022년 6월 13일 17시,월요일,인천광역시 미추홀구 도화동,경상사고,0,0,1,0,차대차 - 측면충돌,중앙선침범,건조,맑음,단일로 - 기타,승용,남,66세,상해없음,승용,남,38세,경상
2022061300100396,2022년 6월 13일 17시,월요일,인천광역시 미추홀구 주안동,경상사고,0,0,1,0,차대사람 - 기타,안전운전불이행,건조,맑음,기타 - 기타,승용,남,68세,기타불명,보행자,여,11세,경상
2022061300100397,2022년 6월 13일 17시,월요일,인천광역시 서구 가좌동,경상사고,0,0,1,0,차대차 - 측면충돌,안전운전불이행,건조,맑음,단일로 - 기타,승용,남,63세,상해없음,개인형이동수단(PM),남,14세,경상
2022061300100398,2022년 6월 13일 17시,월요일,인천광역시 계양구 계산동,경상사고,0,0,1,0,차대사람 - 보도통행중,기타,건조,맑음,단일로 - 기타,승용,남,63세,상해없음,보행자,남,37세,경상
2022061300100399,2022년 6월 13일 17시,월요일,인천광역시 부평구 부평동,경상사고,0,0,1,0,차대차 - 추돌,안전운전불이행,건조,맑음,단일로 - 기타,승용,남,19세,상해없음,승합,남,44세,경상
2022061300100443,2022년 6월 13일 18시,월요일,인천광역시 서구 가좌동,경상사고,0,0,2,0,차대차 - 추돌,안전운전불이행,건조,맑음,교차로 - 교차로부근,승용,여,64세,상해없음,승용,남,23세,경상
2022061300100469,2022년 6월 13일 19시,월요일,인천광역시 미추홀구 주안동,경상사고,0,0,1,0,차대사람 - 기타,안전운전불이행,건조,맑음,기타 - 기타,승용,여,30세,상해없음,보행자,여,40세,경상
2022061300100470,2022년 6월 13일 19시,월요일,인천광역시 미추홀구 용현동,부상신고사고,0,0,0,2,차대차 - 기타,안전운전불이행,건조,맑음,교차로 - 교차로안,개인형이동수단(PM),남,19세,부상신고,개인형이동수단(PM),남,21세,부상신고
2022061300100471,2022년 6월 13일 19시,월요일,인천광역시 미추홀구 숭의동,경상사고,0,0,1,0,차대차 - 기타,안전운전불이행,건조,맑음,교차로 - 교차로부근,승용,남,24세,상해없음,화물,남,54세,경상
2022061300100472,2022년 6월 13일 19시,월요일,인천광역시 부평구 산곡동,경상사고,0,0,1,0,차대차 - 측면충돌,안전운전불이행,건조,맑음,교차로 - 교차로부근,승용,여,59세,상해없음,자전거,남,12세,경상
2022061300100537,2022년 6월 13일 22시,월요일,인천광역시 남동구 구월동,경상사고,0,0,1,0,차량단독 - 기타,안전운전불이행,건조,맑음,단일로 - 기타,승합,남,53세,상해없음,,,,
2022061300100547,2022년 6월 13일 23시,월요일,인천광역시 부평구 부평동,경상사고,0,0,1,0,차대차 - 추돌,안전운전불이행,건조,맑음,교차로 - 교차로부근,승용,남,50세,상해없음,승용,남,19세,경상
2022061400100007,2022년 6월 14일 00시,화요일,인천광역시 미추홀구 주안동,경상사고,0,0,1,0,차대차 - 측면충돌,안전운전불이행,건조,맑음,단일로 - 기타,승용,남,44세,상해없음,이륜,남,37세,경상
2022061400100008,2022년 6월 14일 00시,화요일,인천광역시 계양구 갈현동,경상사고,0,0,1,0,차대차 - 정면충돌,중앙선침범,건조,맑음,교차로 - 교차로안,승용,남,38세,상해없음,승용,남,29세,경상
2022061400100117,2022년 6월 14일 08시,화요일,인천광역시 미추홀구 숭의동,경상사고,0,0,2,0,차대차 - 측면충돌,안전거리미확보,건조,맑음,단일로 - 기타,화물,남,48세,상해없음,승용,여,46세,경상
2022061400100118,2022년 6월 14일 08시,화요일,인천광역시 부평구 십정동,경상사고,0,0,1,0,차대차 - 측면충돌,안전운전불이행,건조,맑음,교차로 - 교차로부근,승합,남,61세,상해없음,승용,남,29세,경상
2022061400100119,2022년 6월 14일 08시,화요일,인천광역시 서구 석남동,경상사고,0,0,1,0,차대차 - 후진중충돌,안전운전불이행,건조,맑음,단일로 - 기타,화물,남,64세,상해없음,승용,남,30세,경상
2022061400100120,2022년 6월 14일 08시,화요일,인천광역시 연수구 송도동,경상사고,0,0,1,0,차대차 - 측면충돌,교차로운행방법위반,건조,맑음,교차로 - 교차로안,승용,남,60세,상해없음,승용,남,31세,경상
2022061400100164,2022년 6월 14일 09시,화요일,인천광역시 미추홀구 학익동,경상사고,0,0,1,0,차대차 - 추돌,안전운전불이행,건조,맑음,단일로 - 기타,승용,여,50세,상해없음,승용,여,31세,경상
2022061400100165,2022년 6월 14일 09시,화요일,인천광역시 부평구 부평동,경상사고,0,0,1,0,차량단독 - 기타,안전운전불이행,건조,맑음,교차로 - 교차로부근,승합,남,58세,상해없음,,,,
2022061400100193,2022년 6월 14일 10시,화요일,인천광역시 부평구 산곡동,부상신고사고,0,0,0,1,차대차 - 측면충돌,안전운전불이행,건조,맑음,교차로 - 교차로안,승용,여,34세,상해없음,승용,남,51세,부상신고
2022061400100194,2022년 6월 14일 10시,화요일,인천광역시 미추홀구 문학동,경상사고,0,0,1,0,차대차 - 측면충돌,안전거리미확보,건조,맑음,단일로 - 기타,승용,남,48세,상해없음,화물,남,51세,경상
2022061400100227,2022년 6월 14일 11시,화요일,인천광역시 남동구 간석동,경상사고,0,0,2,0,차대차 - 측면충돌,안전운전불이행,건조,맑음,주차장 - 주차장,승용,여,65세,상해없음,승용,남,26세,경상
2022061400100228,2022년 6월 14일 11시,화요일,인천광역시 서구 금곡동,경상사고,0,0,1,0,차대차 - 기타,안전운전불이행,건조,맑음,교차로 - 교차로안,승용,남,21세,상해없음,승용,남,63세,경상
2022061400100288,2022년 6월 14일 13시,화요일,인천광역시 미추홀구 주안동,경상사고,0,0,1,0,차대사람 - 기타,안전운전불이행,건조,맑음,기타 - 기타,화물,남,49세,상해없음,보행자,남,64세,경상
2022061400100366,2022년 6월 14일 15시,화요일,인천광역시 강화군 송해면,중상사고,0,1,0,0,차대차 - 측면충돌,기타,건조,맑음,교차로 - 교차로안,화물,남,77세,상해없음,원동기,남,64세,중상
2022061400100367,2022년 6월 14일 15시,화요일,인천광역시 연수구 선학동,경상사고,0,0,1,0,차대차 - 측면충돌,교차로운행방법위반,건조,맑음,교차로 - 교차로안,승용,여,31세,경상,승용,남,54세,상해없음
2022061400100436,2022년 6월 14일 17시,화요일,인천광역시 남동구 간석동,경상사고,0,0,1,0,차대차 - 측면충돌,안전운전불이행,건조,흐림,교차로 - 교차로부근,승용,여,28세,상해없음,승용,남,38세,경상
2022061400100437,2022년 6월 14일 17시,화요일,인천광역시 남동구 고잔동,경상사고,0,0,1,0,차대차 - 측면충돌,차로위반,건조,맑음,단일로 - 지하차도(도로)내,화물,남,58세,상해없음,건설기계,남,46세,경상
2022061400100481,2022년 6월 14일 18시,화요일,인천광역시 중구 운서동,경상사고,0,0,1,0,차대차 - 정면충돌,중앙선침범,건조,맑음,단일로 - 교량,승용,여,44세,상해없음,자전거,남,8세,경상
2022061400100482,2022년 6월 14일 18시,화요일,인천광역시 미추홀구 용현동,중상사고,0,1,0,0,차대사람 - 기타,안전운전불이행,건조,맑음,교차로 - 교차로부근,승용,남,32세,상해없음,보행자,남,50세,중상
2022061400100506,2022년 6월 14일 19시,화요일,인천광역시 서구 가정동,경상사고,0,0,1,0,차대차 - 측면충돌,안전운전불이행,건조,맑음,교차로 - 교차로안,승용,남,54세,상해없음,승용,남,40세,경상
2022061400100507,2022년 6월 14일 19시,화요일,인천광역시 서구 청라동,경상사고,0,0,3,0,차대차 - 측면충돌,안전운전불이행,건조,맑음,단일로 - 기타,승용,남,22세,상해없음,이륜,남,27세,경상
2022061400100537,2022년 6월 14일 20시,화요일,인천광역시 서구 금곡동,경상사고,0,0,2,0,차대차 - 기타,안전운전불이행,건조,맑음,기타 - 기타,승용,남,61세,상해없음,승용,남,60세,경상
2022061400100562,2022년 6월 14일 21시,화요일,인천광역시 남동구 남촌동,경상사고,0,0,1,0,차대차 - 측면충돌,안전운전불이행,건조,맑음,단일로 - 지하차도(도로)내,승용,남,57세,상해없음,원동기,남,35세,경상
2022061400100583,2022년 6월 14일 22시,화요일,인천광역시 미추홀구 숭의동,경상사고,0,0,1,0,차대차 - 기타,안전운전불이행,건조,맑음,교차로 - 교차로안,기타불명,기타불명,미분류,기타불명,이륜,남,28세,경상
2022061400100584,2022년 6월 14일 22시,화요일,인천광역시 서구 심곡동,경상사고,0,0,1,0,차대사람 - 기타,안전운전불이행,건조,맑음,단일로 - 기타,승용,여,64세,상해없음,보행자,여,47세,경상
2022061500100007,2022년 6월 15일 00시,수요일,인천광역시 미추홀구 도화동,경상사고,0,0,1,0,차대차 - 추돌,안전운전불이행,젖음/습기,흐림,교차로 - 교차로부근,승용,남,34세,상해없음,승용,남,39세,경상
2022061500100049,2022년 6월 15일 06시,수요일,인천광역시 미추홀구 숭의동,경상사고,0,0,1,0,차대차 - 측면충돌,안전운전불이행,건조,맑음,기타 - 기타,승용,남,30세,상해없음,승합,남,34세,경상
2022061500100112,2022년 6월 15일 08시,수요일,인천광역시 서구 신현동,경상사고,0,0,1,0,차대차 - 후진중충돌,안전운전불이행,건조,맑음,단일로 - 기타,승용,남,74세,상해없음,승용,여,32세,경상
2022061500100230,2022년 6월 15일 12시,수요일,인천광역시 동구 송현동,경상사고,0,0,1,0,차대차 - 측면충돌,차로위반,젖음/습기,흐림,교차로 - 교차로부근,승용,남,72세,상해없음,승용,남,54세,경상
2022061500100290,2022년 6월 15일 14시,수요일,인천광역시 미추홀구 용현동,경상사고,0,0,3,0,차대차 - 추돌,안전운전불이행,젖음/습기,흐림,단일로 - 기타,승용,남,23세,상해없음,승용,여,51세,경상
2022061500100317,2022년 6월 15일 15시,수요일,인천광역시 옹진군 덕적면,중상사고,0,1,0,0,차량단독 - 도로외이탈 - 추락,안전운전불이행,건조,맑음,단일로 - 교량,화물,남,67세,상해없음,,,,
2022061500100318,2022년 6월 15일 15시,수요일,인천광역시 강화군 하점면,경상사고,0,0,2,0,차대차 - 측면충돌,신호위반,건조,맑음,교차로 - 교차로안,화물,남,61세,상해없음,승합,남,59세,경상
2022061500100372,2022년 6월 15일 16시,수요일,인천광역시 중구 운남동,경상사고,0,0,1,0,차대차 - 정면충돌,중앙선침범,건조,맑음,교차로 - 교차로안,승용,여,31세,상해없음,승용,남,28세,경상
2022061500100410,2022년 6월 15일 17시,수요일,인천광역시 미추홀구 도화동,경상사고,0,0,2,0,차대차 - 정면충돌,교차로운행방법위반,건조,맑음,교차로 - 교차로안,승용,남,64세,상해없음,승용,남,66세,경상
2022061500100411,2022년 6월 15일 17시,수요일,인천광역시 미추홀구 주안동,부상신고사고,0,0,0,1,차대사람 - 기타,안전운전불이행,건조,맑음,기타 - 기타,기타불명,기타불명,미분류,기타불명,보행자,여,75세,부상신고
2022061500100456,2022년 6월 15일 18시,수요일,인천광역시 서구 마전동,경상사고,0,0,2,0,차대차 - 후진중충돌,안전운전불이행,건조,맑음,교차로 - 교차로횡단보도내,화물,남,52세,상해없음,승용,남,23세,경상
2022061500100457,2022년 6월 15일 18시,수요일,인천광역시 남동구 고잔동,경상사고,0,0,1,0,차대차 - 추돌,안전운전불이행,건조,맑음,기타 - 기타,화물,남,53세,상해없음,승용,여,44세,경상
2022061500100458,2022년 6월 15일 18시,수요일,인천광역시 남동구 수산동,경상사고,0,0,1,0,차대차 - 측면충돌,안전운전불이행,건조,맑음,교차로 - 교차로부근,이륜,남,29세,상해없음,승용,여,27세,경상
2022061500100491,2022년 6월 15일 19시,수요일,인천광역시 부평구 부평동,경상사고,0,0,2,0,차대차 - 측면충돌,안전운전불이행,건조,맑음,단일로 - 기타,승용,남,64세,상해없음,승용,여,22세,경상
2022061500100492,2022년 6월 15일 19시,수요일,인천광역시 서구 가좌동,경상사고,0,0,1,0,차대차 - 측면충돌,기타,건조,맑음,교차로 - 교차로부근,승용,남,53세,상해없음,승용,여,36세,경상
2022061500100493,2022년 6월 15일 19시,수요일,인천광역시 부평구 부평동,경상사고,0,0,1,0,차대사람 - 횡단중,안전운전불이행,기타,맑음,교차로 - 교차로부근,승용,남,57세,상해없음,보행자,남,23세,경상
2022061500100523,2022년 6월 15일 20시,수요일,인천광역시 남동구 간석동,경상사고,0,0,2,0,차대차 - 기타,교차로운행방법위반,젖음/습기,비,교차로 - 교차로안,승용,남,71세,상해없음,승용,남,32세,경상
2022061500100524,2022년 6월 15일 20시,수요일,인천광역시 서구 가좌동,경상사고,0,0,10,0,차대차 - 측면충돌,신호위반,건조,맑음,교차로 - 교차로안,승용,남,30세,상해없음,승합,남,50세,경상
2022061500100550,2022년 6월 15일 21시,수요일,인천광역시 미추홀구 주안동,경상사고,0,0,3,0,차대차 - 추돌,안전운전불이행,젖음/습기,비,단일로 - 기타,승용,남,29세,기타불명,승용,남,24세,경상
2022061500100575,2022년 6월 15일 22시,수요일,인천광역시 중구 운서동,경상사고,0,0,1,0,차대차 - 측면충돌,신호위반,건조,맑음,교차로 - 교차로안,승용,여,50세,상해없음,승용,남,58세,경상
2022061500100576,2022년 6월 15일 22시,수요일,인천광역시 서구 청라동,경상사고,0,0,1,0,차대사람 - 차도통행중,안전운전불이행,건조,맑음,단일로 - 기타,승합,남,51세,상해없음,보행자,남,47세,경상
2022061500100589,2022년 6월 15일 23시,수요일,인천광역시 미추홀구 주안동,경상사고,0,0,1,0,차대차 - 측면충돌,안전운전불이행,건조,맑음,단일로 - 기타,승용,남,36세,상해없음,승용,남,53세,경상
2022061500100590,2022년 6월 15일 23시,수요일,인천광역시 서구 청라동,경상사고,0,0,3,0,차대차 - 추돌,안전운전불이행,젖음/습기,비,교차로 - 교차로부근,승용,남,42세,상해없음,승용,남,55세,경상
2022061600100074,2022년 6월 16일 07시,목요일,인천광역시 중구 신흥동2가,경상사고,0,0,1,0,차대차 - 측면충돌,차로위반,건조,맑음,교차로 - 교차로안,승용,남,37세,상해없음,승용,남,31세,경상
2022061600100113,2022년 6월 16일 08시,목요일,인천광역시 미추홀구 주안동,경상사고,0,0,1,0,차대차 - 기타,안전운전불이행,건조,맑음,교차로 - 교차로안,승용,남,51세,상해없음,승용,여,39세,경상
2022061600100142,2022년 6월 16일 09시,목요일,인천광역시 서구 가정동,사망사고,1,0,0,0,차대사람 - 차도통행중,안전운전불이행,건조,맑음,단일로 - 기타,화물,여,55세,상해없음,보행자,여,80세,사망
2022061600100170,2022년 6월 16일 10시,목요일,인천광역시 부평구 십정동,경상사고,0,0,1,0,차대차 - 후진중충돌,안전운전불이행,건조,맑음,교차로 - 교차로부근,승용,여,74세,상해없음,화물,남,40세,경상
2022061600100171,2022년 6월 16일 10시,목요일,인천광역시 서구 심곡동,경상사고,0,0,2,0,차대차 - 측면충돌,안전운전불이행,건조,맑음,교차로 - 교차로부근,화물,남,54세,상해없음,이륜,남,38세,경상
2022061600100200,2022년 6월 16일 11시,목요일,인천광역시 미추홀구 도화동,부상신고사고,0,0,0,1,차대차 - 측면충돌,중앙선침범,건조,맑음,단일로 - 기타,승용,남,64세,상해없음,이륜,남,29세,부상신고
2022061600100276,2022년 6월 16일 13시,목요일,인천광역시 미추홀구 도화동,경상사고,0,0,1,0,차대차 - 측면충돌,안전운전불이행,건조,맑음,단일로 - 기타,승용,여,53세,상해없음,승용,여,44세,경상
2022061600100342,2022년 6월 16일 15시,목요일,인천광역시 남동구 고잔동,경상사고,0,0,1,0,차대차 - 추돌,안전운전불이행,건조,맑음,단일로 - 고가도로위,승용,남,63세,상해없음,승용,남,44세,경상
2022061600100434,2022년 6월 16일 17시,목요일,인천광역시 서구 오류동,경상사고,0,0,1,0,차대차 - 기타,안전운전불이행,건조,맑음,교차로 - 교차로부근,개인형이동수단(PM),남,38세,경상,승용,남,50세,상해없음
2022061600100485,2022년 6월 16일 18시,목요일,인천광역시 부평구 부평동,경상사고,0,0,1,0,차대차 - 추돌,안전운전불이행,건조,맑음,단일로 - 기타,승용,여,41세,상해없음,승용,여,27세,경상
2022061600100575,2022년 6월 16일 21시,목요일,인천광역시 부평구 청천동,중상사고,0,1,0,0,차대차 - 측면충돌,안전운전불이행,건조,맑음,단일로 - 기타,승용,여,51세,상해없음,이륜,남,35세,중상
2022061600100576,2022년 6월 16일 21시,목요일,인천광역시 서구 청라동,경상사고,0,0,1,0,차대차 - 측면충돌,신호위반,건조,맑음,교차로 - 교차로부근,이륜,남,30세,상해없음,자전거,여,8세,경상
2022061600100577,2022년 6월 16일 21시,목요일,인천광역시 남동구 논현동,중상사고,0,1,0,0,차대차 - 측면충돌,안전거리미확보,건조,맑음,단일로 - 기타,이륜,남,34세,상해없음,이륜,남,51세,중상
2022061600100600,2022년 6월 16일 22시,목요일,인천광역시 미추홀구 문학동,경상사고,0,0,2,0,차대차 - 기타,안전운전불이행,건조,맑음,단일로 - 기타,승용,남,51세,기타불명,승용,여,36세,경상
2022061600100617,2022년 6월 16일 23시,목요일,인천광역시 남동구 논현동,중상사고,0,1,0,0,차대차 - 측면충돌,안전운전불이행,건조,맑음,교차로 - 교차로횡단보도내,승용,여,45세,상해없음,개인형이동수단(PM),남,12세,중상
2022061600100618,2022년 6월 16일 23시,목요일,인천광역시 남동구 고잔동,경상사고,0,0,1,0,차대차 - 측면충돌,안전운전불이행,건조,맑음,단일로 - 지하차도(도로)내,승용,남,51세,상해없음,승용,남,38세,경상
2022061700100009,2022년 6월 17일 00시,금요일,인천광역시 남동구 장수동,경상사고,0,0,2,0,차대차 - 추돌,안전운전불이행,건조,맑음,단일로 - 지하차도(도로)내,승용,여,31세,상해없음,승용,남,62세,경상
2022061700100039,2022년 6월 17일 05시,금요일,인천광역시 부평구 십정동,중상사고,0,1,0,0,차량단독 - 기타,안전운전불이행,건조,맑음,기타 - 기타,이륜,남,29세,중상,,,,
2022061700100040,2022년 6월 17일 05시,금요일,인천광역시 남동구 간석동,경상사고,0,0,3,0,차대차 - 정면충돌,안전운전불이행,건조,맑음,교차로 - 교차로부근,승용,남,24세,상해없음,승용,남,32세,경상
2022061700100067,2022년 6월 17일 07시,금요일,인천광역시 서구 왕길동,경상사고,0,0,1,0,차대차 - 추돌,안전운전불이행,건조,맑음,교차로 - 교차로부근,승용,남,75세,상해없음,승용,남,52세,경상
2022061700100113,2022년 6월 17일 08시,금요일,인천광역시 남동구 간석동,부상신고사고,0,0,0,1,차대차 - 기타,기타,건조,맑음,단일로 - 터널,화물,남,54세,상해없음,승용,여,38세,부상신고
2022061700100139,2022년 6월 17일 09시,금요일,인천광역시 중구 신흥동3가,경상사고,0,0,1,0,차대차 - 추돌,안전운전불이행,기타,맑음,주차장 - 주차장,승용,남,23세,기타불명,승용,남,35세,경상
2022061700100140,2022년 6월 17일 09시,금요일,인천광역시 미추홀구 주안동,경상사고,0,0,1,0,차대차 - 측면충돌,직진우회전진행방해,건조,맑음,교차로 - 교차로안,승용,여,29세,기타불명,승용,여,44세,경상