사고번호,사고일시,요일,시군구,사고내용,사망자수,중상자수,경상자수,부상신고자수,사고유형,법규위반,노면상태,기상상태,도로형태,가해운전자 차종,가해운전자 성별,가해운전자 연령,가해운전자 상해정도,피해운전자 차종,피해운전자 성별,피해운전자 연령,피해운전자 상해정도
2022061700100175,2022년 6월 17일 10시,금요일,인천광역시 연수구 송도동,중상사고,0,1,0,0,차대사람 - 길가장자리구역통행중,안전운전불이행,건조,맑음,단일로 - 기타,자전거,여,42세,상해없음,보행자,여,62세,중상
2022061700100176,2022년 6월 17일 10시,금요일,인천광역시 연수구 동춘동,경상사고,0,0,1,0,차대차 - 정면충돌,안전운전불이행,건조,맑음,단일로 - 기타,특수,남,41세,기타불명,승용,여,32세,경상
2022061700100177,2022년 6월 17일 10시,금요일,인천광역시 남동구 서창동,경상사고,0,0,1,0,차대차 - 추돌,안전거리미확보,건조,맑음,단일로 - 기타,승용,남,66세,상해없음,승용,여,52세,경상
2022061700100207,2022년 6월 17일 11시,금요일,인천광역시 서구 석남동,경상사고,0,0,1,0,차대차 - 측면충돌,안전운전불이행,건조,맑음,기타 - 기타,승용,남,29세,상해없음,건설기계,남,43세,경상
2022061700100208,2022년 6월 17일 11시,금요일,인천광역시 계양구 용종동,경상사고,0,0,1,0,차대차 - 측면충돌,안전운전불이행,건조,맑음,교차로 - 교차로부근,승용,남,72세,상해없음,화물,남,73세,경상
2022061700100237,2022년 6월 17일 12시,금요일,인천광역시 연수구 송도동,경상사고,0,0,2,0,차대차 - 측면충돌,안전운전불이행,건조,맑음,교차로 - 교차로부근,건설기계,남,63세,상해없음,승용,남,51세,경상
2022061700100277,2022년 6월 17일 13시,금요일,인천광역시 미추홀구 용현동,경상사고,0,0,1,0,차대차 - 측면충돌,차로위반,건조,맑음,단일로 - 기타,화물,남,58세,상해없음,승용,여,40세,경상
2022061700100314,2022년 6월 17일 14시,금요일,인천광역시 연수구 송도동,경상사고,0,0,1,0,차대차 - 측면충돌,안전거리미확보,건조,맑음,단일로 - 기타,승용,여,38세,상해없음,승용,남,61세,경상
2022061700100379,2022년 6월 17일 16시,금요일,인천광역시 남동구 간석동,경상사고,0,0,4,0,차대차 - 기타,교차로운행방법위반,건조,맑음,교차로 - 교차로안,승용,여,57세,경상,승합,남,55세,경상
2022061700100430,2022년 6월 17일 17시,금요일,인천광역시 중구 북성동1가,경상사고,0,0,2,0,차대차 - 기타,안전운전불이행,기타,맑음,단일로 - 기타,화물,남,44세,상해없음,승용,여,32세,경상
2022061700100431,2022년 6월 17일 17시,금요일,인천광역시 미추홀구 주안동,경상사고,0,0,2,0,차대차 - 추돌,안전운전불이행,건조,맑음,기타 - 기타,이륜,남,26세,상해없음,승용,남,41세,경상
2022061700100432,2022년 6월 17일 17시,금요일,인천광역시 부평구 십정동,경상사고,0,0,1,0,차대차 - 측면충돌,안전운전불이행,건조,맑음,교차로 - 교차로부근,승용,남,51세,상해없음,승용,여,50세,경상
2022061700100485,2022년 6월 17일 18시,금요일,인천광역시 서구 가좌동,부상신고사고,0,0,0,1,차대사람 - 차도통행중,안전운전불이행,건조,맑음,교차로 - 교차로부근,승용,남,65세,기타불명,보행자,여,46세,부상신고
2022061700100516,2022년 6월 17일 19시,금요일,인천광역시 강화군 강화읍,중상사고,0,1,0,0,차대차 - 측면충돌,신호위반,건조,맑음,교차로 - 교차로안,승합,남,55세,상해없음,이륜,남,55세,중상
2022061700100564,2022년 6월 17일 20시,금요일,인천광역시 중구 중산동,경상사고,0,0,1,0,차대차 - 측면충돌,안전운전불이행,건조,맑음,교차로 - 교차로부근,승용,남,63세,상해없음,승용,여,28세,경상
2022061700100565,2022년 6월 17일 20시,금요일,인천광역시 미추홀구 주안동,경상사고,0,0,1,0,차대차 - 정면충돌,안전운전불이행,건조,맑음,교차로 - 교차로안,승용,남,33세,상해없음,이륜,남,39세,경상
2022061700100594,2022년 6월 17일 21시,금요일,인천광역시 부평구 부평동,경상사고,0,0,1,0,차량단독 - 기타,안전운전불이행,건조,맑음,단일로 - 기타,승합,남,58세,상해없음,,,,
2022061700100595,2022년 6월 17일 21시,금요일,인천광역시 남동구 간석동,경상사고,0,0,1,0,차대차 - 후진중충돌,안전운전불이행,건조,맑음,단일로 - 기타,승용,남,45세,상해없음,이륜,남,32세,경상
2022061700100596,2022년 6월 17일 21시,금요일,인천광역시 남동구 만수동,경상사고,0,0,2,0,차대차 - 측면충돌,안전거리미확보,건조,맑음,교차로 - 교차로부근,승용,여,29세,상해없음,승용,여,50세,경상
2022061700100613,2022년 6월 17일 22시,금요일,인천광역시 미추홀구 주안동,경상사고,0,0,1,0,차대사람 - 횡단중,보행자보호의무위반,건조,맑음,기타 - 기타,승용,남,59세,상해없음,보행자,여,22세,경상
2022061700100626,2022년 6월 17일 23시,금요일,인천광역시 미추홀구 용현동,사망사고,1,0,1,0,차대사람 - 횡단중,안전운전불이행,건조,맑음,교차로 - 교차로부근,이륜,남,28세,경상,보행자,남,25세,사망
2022061700100627,2022년 6월 17일 23시,금요일,인천광역시 계양구 작전동,경상사고,0,0,1,0,차대차 - 측면충돌,안전운전불이행,건조,맑음,단일로 - 기타,승용,남,50세,상해없음,승용,남,63세,경상
2022061800100026,2022년 6월 18일 01시,토요일,인천광역시 부평구 산곡동,중상사고,0,1,0,0,차대사람 - 횡단중,신호위반,건조,맑음,교차로 - 교차로안,승용,남,45세,상해없음,보행자,여,58세,중상
2022061800100036,2022년 6월 18일 02시,토요일,인천광역시 부평구 십정동,중상사고,0,1,0,0,차대차 - 측면충돌,안전운전불이행,젖음/습기,비,교차로 - 교차로부근,승용,남,19세,상해없음,이륜,남,30세,중상
2022061800100037,2022년 6월 18일 02시,토요일,인천광역시 서구 심곡동,중상사고,0,1,0,0,차대차 - 측면충돌,안전운전불이행,건조,맑음,교차로 - 교차로안,승용,남,62세,상해없음,이륜,남,50세,중상
2022061800100038,2022년 6월 18일 02시,토요일,인천광역시 계양구 작전동,사망사고,1,0,1,0,차대사람 - 횡단중,안전운전불이행,건조,맑음,단일로 - 기타,승용,남,62세,상해없음,보행자,남,34세,사망
2022061800100048,2022년 6월 18일 03시,토요일,인천광역시 미추홀구 주안동,경상사고,0,0,1,0,차대차 - 추돌,안전운전불이행,건조,맑음,교차로 - 교차로부근,승용,남,21세,상해없음,승용,남,59세,경상
2022061800100137,2022년 6월 18일 09시,토요일,인천광역시 중구 신흥동2가,경상사고,0,0,2,0,차대차 - 측면충돌,안전운전불이행,건조,맑음,단일로 - 지하차도(도로)내,승용,여,43세,상해없음,승용,여,37세,경상
2022061800100176,2022년 6월 18일 10시,토요일,인천광역시 남동구 논현동,경상사고,0,0,1,0,차대차 - 측면충돌,안전거리미확보,건조,맑음,단일로 - 지하차도(도로)내,화물,여,64세,상해없음,자전거,남,67세,경상
2022061800100348,2022년 6월 18일 15시,토요일,인천광역시 부평구 산곡동,중상사고,0,1,0,0,차대차 - 기타,안전운전불이행,건조,맑음,교차로 - 교차로안,승용,여,53세,상해없음,승용,여,61세,중상
2022061800100349,2022년 6월 18일 15시,토요일,인천광역시 부평구 청천동,경상사고,0,0,2,0,차대차 - 측면충돌,신호위반,건조,맑음,단일로 - 기타,승용,남,62세,상해없음,승용,남,25세,경상
2022061800100350,2022년 6월 18일 15시,토요일,인천광역시 서구 당하동,경상사고,0,0,1,0,차대차 - 추돌,안전운전불이행,건조,맑음,교차로 - 교차로안,승용,남,65세,상해없음,승용,남,70세,경상
2022061800100351,2022년 6월 18일 15시,토요일,인천광역시 연수구 청학동,경상사고,0,0,1,0,차량단독 - 기타,안전운전불이행,건조,맑음,기타 - 기타,승합,남,50세,상해없음,,,,
2022061800100424,2022년 6월 18일 17시,토요일,인천광역시 연수구 송도동,경상사고,0,0,1,0,차대차 - 측면충돌,차로위반,건조,맑음,단일로 - 기타,승합,남,55세,기타불명,승용,여,40세,경상
2022061800100454,2022년 6월 18일 18시,토요일,인천광역시 남동구 구월동,경상사고,0,0,2,0,차대차 - 추돌,안전운전불이행,건조,맑음,단일로 - 기타,승용,여,51세,상해없음,승용,남,65세,경상
2022061800100490,2022년 6월 18일 19시,토요일,인천광역시 옹진군 영흥면,중상사고,0,1,0,0,차량단독 - 전도전복 - 전도,안전운전불이행,건조,맑음,교차로 - 교차로부근,이륜,남,43세,중상,,,,
2022061800100491,2022년 6월 18일 19시,토요일,인천광역시 서구 심곡동,경상사고,0,0,1,0,차대사람 - 차도통행중,안전운전불이행,건조,맑음,단일로 - 기타,승용,여,58세,상해없음,보행자,남,21세,경상
2022061800100528,2022년 6월 18일 20시,토요일,인천광역시 서구 청라동,경상사고,0,0,3,0,차대차 - 기타,안전거리미확보,건조,맑음,단일로 - 기타,승용,여,54세,상해없음,승용,남,36세,상해없음
2022061800100529,2022년 6월 18일 20시,토요일,인천광역시 연수구 동춘동,경상사고,0,0,1,0,차대차 - 측면충돌,안전운전불이행,건조,맑음,단일로 - 기타,승용,남,42세,상해없음,승용,여,61세,경상
2022061800100573,2022년 6월 18일 22시,토요일,인천광역시 남동구 논현동,중상사고,0,1,0,0,차량단독 - 기타,안전운전불이행,건조,맑음,단일로 - 기타,개인형이동수단(PM),남,62세,중상,,,,
2022061800100598,2022년 6월 18일 23시,토요일,인천광역시 부평구 산곡동,중상사고,0,2,0,0,차대차 - 측면충돌,안전운전불이행,건조,맑음,교차로 - 교차로부근,승용,여,57세,상해없음,승용,남,43세,중상
2022061900100028,2022년 6월 19일 01시,일요일,인천광역시 서구 석남동,경상사고,0,0,2,0,차대차 - 기타,안전운전불이행,건조,맑음,기타 - 기타,승용,여,38세,상해없음,승용,남,56세,경상
2022061900100029,2022년 6월 19일 01시,일요일,인천광역시 서구 심곡동,경상사고,0,0,1,0,차대사람 - 기타,안전운전불이행,건조,맑음,단일로 - 기타,승용,남,43세,상해없음,보행자,남,51세,경상
2022061900100043,2022년 6월 19일 02시,일요일,인천광역시 미추홀구 주안동,경상사고,0,0,1,0,차대사람 - 횡단중,안전운전불이행,건조,맑음,단일로 - 기타,승용,여,37세,상해없음,보행자,남,53세,경상
2022061900100051,2022년 6월 19일 03시,일요일,인천광역시 연수구 송도동,경상사고,0,0,3,0,차대차 - 추돌,안전운전불이행,건조,맑음,교차로 - 교차로안,승용,남,40세,상해없음,승용,남,65세,경상
2022061900100093,2022년 6월 19일 08시,일요일,인천광역시 남동구 만수동,경상사고,0,0,1,0,차대사람 - 횡단중,안전운전불이행,건조,맑음,주차장 - 주차장,승용,남,62세,상해없음,보행자,남,64세,경상
2022061900100107,2022년 6월 19일 09시,일요일,인천광역시 미추홀구 용현동,경상사고,0,0,1,0,차량단독 - 전도전복 - 전도,안전운전불이행,젖음/습기,맑음,교차로 - 교차로안,이륜,여,27세,경상,,,,
2022061900100141,2022년 6월 19일 11시,일요일,인천광역시 부평구 부평동,경상사고,0,0,1,0,차대차 - 측면충돌,안전운전불이행,건조,맑음,교차로 - 교차로부근,승용,남,51세,상해없음,승용,남,31세,경상
2022061900100213,2022년 6월 19일 14시,일요일,인천광역시 계양구 계산동,경상사고,0,0,1,0,차대사람 - 기타,안전운전불이행,건조,맑음,단일로 - 기타,화물,남,65세,상해없음,보행자,남,56세,경상
2022061900100244,2022년 6월 19일 15시,일요일,인천광역시 미추홀구 관교동,부상신고사고,0,0,0,1,차대차 - 후진중충돌,안전운전불이행,건조,맑음,단일로 - 기타,승용,남,59세,상해없음,승용,남,27세,부상신고
2022061900100316,2022년 6월 19일 18시,일요일,인천광역시 미추홀구 도화동,중상사고,0,1,0,0,차대차 - 측면충돌,직진우회전진행방해,건조,맑음,교차로 - 교차로안,승용,남,43세,기타불명,승용,남,58세,중상
2022061900100317,2022년 6월 19일 18시,일요일,인천광역시 남동구 수산동,경상사고,0,0,1,0,차대차 - 추돌,안전거리미확보,건조,맑음,교차로 - 교차로부근,승용,남,69세,상해없음,승용,남,56세,경상
2022061900100339,2022년 6월 19일 19시,일요일,인천광역시 미추홀구 용현동,경상사고,0,0,1,0,차대차 - 측면충돌,안전운전불이행,건조,맑음,교차로 - 교차로안,승용,남,38세,기타불명,승용,남,32세,경상
2022061900100362,2022년 6월 19일 20시,일요일,인천광역시 미추홀구 주안동,사망사고,1,0,0,0,차대차 - 추돌,기타,건조,맑음,단일로 - 기타,승용,남,36세,기타불명,이륜,남,65세,사망
2022061900100363,2022년 6월 19일 20시,일요일,인천광역시 남동구 도림동,중상사고,0,1,0,0,차대차 - 정면충돌,신호위반,건조,맑음,교차로 - 교차로안,승용,여,57세,상해없음,자전거,남,10세,중상
2022061900100399,2022년 6월 19일 22시,일요일,인천광역시 중구 항동7가,경상사고,0,0,1,0,차대차 - 추돌,안전운전불이행,건조,맑음,교차로 - 교차로부근,승용,남,46세,상해없음,승용,남,45세,경상
2022061900100400,2022년 6월 19일 22시,일요일,인천광역시 미추홀구 주안동,경상사고,0,0,1,0,차대차 - 측면충돌,안전운전불이행,건조,맑음,교차로 - 교차로부근,승용,남,58세,상해없음,이륜,남,40세,경상
2022061900100414,2022년 6월 19일 23시,일요일,인천광역시 서구 청라동,부상신고사고,0,0,0,1,차대차 - 기타,안전운전불이행,건조,맑음,교차로 - 교차로안,승용,여,33세,상해없음,승용,남,56세,부상신고
2022062000100054,2022년 6월 20일 06시,월요일,인천광역시 계양구 서운동,중상사고,0,1,0,0,차대사람 - 차도통행중,안전운전불이행,건조,맑음,단일로 - 기타,승용,여,58세,상해없음,보행자,남,54세,중상
2022062000100055,2022년 6월 20일 06시,월요일,인천광역시 계양구 용종동,경상사고,0,0,1,0,차대차 - 추돌,안전운전불이행,건조,맑음,단일로 - 기타,화물,남,39세,상해없음,승용,남,66세,경상
2022062000100080,2022년 6월 20일 07시,월요일,인천광역시 부평구 구산동,경상사고,0,0,1,0,차대사람 - 기타,안전운전불이행,기타,기타,단일로 - 기타,자전거,남,62세,기타불명,보행자,남,18세,경상
2022062000100124,2022년 6월 20일 08시,월요일,인천광역시 남동구 만수동,경상사고,0,0,1,0,차대차 - 측면충돌,안전운전불이행,건조,맑음,교차로 - 교차로안,개인형이동수단(PM),남,15세,경상,승용,여,40세,상해없음
2022062000100125,2022년 6월 20일 08시,월요일,인천광역시 서구 원창동,경상사고,0,0,1,0,차대사람 - 횡단중,안전운전불이행,젖음/습기,흐림,교차로 - 교차로횡단보도내,기타불명,기타불명,미분류,기타불명,보행자,여,47세,경상
2022062000100176,2022년 6월 20일 09시,월요일,인천광역시 서구 석남동,경상사고,0,0,1,0,차대사람 - 길가장자리구역통행중,안전운전불이행,건조,맑음,단일로 - 기타,화물,남,64세,상해없음,보행자,남,20세,경상
2022062000100268,2022년 6월 20일 12시,월요일,인천광역시 부평구 청천동,중상사고,0,1,0,0,차대차 - 측면충돌,안전운전불이행,건조,맑음,교차로 - 교차로부근,승용,남,51세,상해없음,이륜,남,53세,중상
2022062000100269,2022년 6월 20일 12시,월요일,인천광역시 서구 당하동,중상사고,0,1,0,0,차대차 - 추돌,안전운전불이행,건조,맑음,단일로 - 기타,화물,남,62세,상해없음,이륜,남,28세,중상
2022062000100350,2022년 6월 20일 14시,월요일,인천광역시 서구 가정동,경상사고,0,0,1,0,차대차 - 추돌,안전거리미확보,건조,맑음,교차로 - 교차로안,승용,여,57세,상해없음,승용,여,45세,경상
2022062000100388,2022년 6월 20일 15시,월요일,인천광역시 미추홀구 학익동,중상사고,0,1,2,0,차대차 - 측면충돌,중앙선침범,건조,맑음,교차로 - 교차로부근,승용,남,39세,상해없음,승용,남,65세,경상
2022062000100389,2022년 6월 20일 15시,월요일,인천광역시 남동구 만수동,경상사고,0,0,1,0,차대사람 - 횡단중,보행자보호의무위반,건조,맑음,교차로 - 교차로횡단보도내,승용,남,65세,상해없음,보행자,남,57세,경상
2022062000100435,2022년 6월 20일 16시,월요일,인천광역시 부평구 부평동,부상신고사고,0,0,0,1,차대차 - 기타,안전운전불이행,건조,맑음,기타 - 기타,승용,남,28세,상해없음,이륜,남,20세,부상신고
2022062000100436,2022년 6월 20일 16시,월요일,인천광역시 서구 석남동,경상사고,0,0,1,0,차대사람 - 횡단중,보행자보호의무위반,건조,맑음,단일로 - 기타,승용,남,63세,상해없음,보행자,여,88세,경상
2022062000100467,2022년 6월 20일 17시,월요일,인천광역시 남동구 만수동,경상사고,0,0,1,0,차대차 - 측면충돌,안전운전불이행,건조,맑음,단일로 - 기타,화물,남,22세,상해없음,화물,남,37세,경상
2022062000100499,2022년 6월 20일 18시,월요일,인천광역시 연수구 선학동,경상사고,0,0,2,0,차대차 - 측면충돌,안전거리미확보,건조,맑음,교차로 - 교차로안,승용,남,44세,상해없음,승용,여,25세,경상
2022062000100556,2022년 6월 20일 20시,월요일,인천광역시 미추홀구 용현동,경상사고,0,0,2,0,차대차 - 추돌,안전운전불이행,건조,맑음,교차로 - 교차로부근,승용,남,60세,상해없음,승용,남,26세,경상
2022062000100600,2022년 6월 20일 22시,월요일,인천광역시 미추홀구 주안동,경상사고,0,0,2,0,차대차 - 추돌,안전운전불이행,건조,흐림,교차로 - 교차로부근,승용,남,48세,상해없음,승용,여,28세,경상
2022062100100003,2022년 6월 21일 00시,화요일,인천광역시 중구 신흥동3가,중상사고,0,3,0,0,차대차 - 정면충돌,중앙선침범,건조,맑음,교차로 - 교차로부근,승용,남,29세,기타불명,승용,남,22세,중상
2022062100100004,2022년 6월 21일 00시,화요일,인천광역시 연수구 동춘동,중상사고,0,1,0,0,차대차 - 측면충돌,안전거리미확보,건조,맑음,단일로 - 지하차도(도로)내,개인형이동수단(PM),남,41세,중상,승용,남,36세,상해없음
2022062100100027,2022년 6월 21일 05시,화요일,인천광역시 연수구 송도동,중상사고,0,1,0,0,차량단독 - 공작물충돌,안전운전불이행,건조,맑음,기타 - 기타,개인형이동수단(PM),남,25세,상해없음,,,,
2022062100100060,2022년 6월 21일 07시,화요일,인천광역시 부평구 부평동,경상사고,0,0,2,0,차대차 - 기타,안전운전불이행,건조,맑음,단일로 - 기타,승용,남,20세,상해없음,승용,남,57세,경상
2022062100100061,2022년 6월 21일 07시,화요일,인천광역시 부평구 청천동,경상사고,0,0,3,0,차대차 - 측면충돌,교차로운행방법위반,건조,맑음,교차로 - 교차로안,승용,남,69세,상해없음,승합,남,49세,경상
2022062100100099,2022년 6월 21일 08시,화요일,인천광역시 연수구 송도동,중상사고,0,1,0,0,차대사람 - 횡단중,신호위반,건조,맑음,교차로 - 교차로횡단보도내,승용,여,24세,상해없음,보행자,여,22세,중상
2022062100100138,2022년 6월 21일 09시,화요일,인천광역시 미추홀구 주안동,경상사고,0,0,1,0,차대차 - 측면충돌,신호위반,건조,맑음,교차로 - 교차로안,이륜,남,22세,상해없음,승용,남,46세,상해없음
2022062100100139,2022년 6월 21일 09시,화요일,인천광역시 서구 오류동,경상사고,0,0,1,0,차대차 - 추돌,안전운전불이행,건조,맑음,기타 - 기타,승용,남,85세,상해없음,승용,남,50세,경상
2022062100100140,2022년 6월 21일 09시,화요일,인천광역시 계양구 병방동,중상사고,0,1,0,0,차대차 - 기타,안전운전불이행,건조,맑음,단일로 - 교량,기타불명,기타불명,미분류,기타불명,승용,남,63세,상해없음
2022062100100171,2022년 6월 21일 10시,화요일,인천광역시 남동구 논현동,경상사고,0,0,1,0,차대차 - 측면충돌,교차로운행방법위반,건조,맑음,교차로 - 교차로안,승용,여,56세,상해없음,자전거,여,39세,경상
2022062100100203,2022년 6월 21일 11시,화요일,인천광역시 미추홀구 도화동,경상사고,0,0,1,0,차대차 - 기타,안전운전불이행,건조,맑음,기타 - 기타,화물,남,56세,상해없음,승용,남,27세,경상
2022062100100204,2022년 6월 21일 11시,화요일,인천광역시 서구 심곡동,경상사고,0,0,1,0,차대사람 - 횡단중,안전운전불이행,건조,맑음,교차로 - 교차로안,화물,남,61세,상해없음,보행자,여,81세,경상
2022062100100224,2022년 6월 21일 12시,화요일,인천광역시 중구 운서동,중상사고,0,1,0,0,차대차 - 측면충돌,신호위반,건조,맑음,교차로 - 교차로안,승용,남,51세,상해없음,개인형이동수단(PM),남,48세,중상
2022062100100303,2022년 6월 21일 14시,화요일,인천광역시 미추홀구 주안동,경상사고,0,0,1,0,차대차 - 측면충돌,안전운전불이행,건조,맑음,교차로 - 교차로안,화물,남,56세,상해없음,이륜,남,27세,경상
2022062100100350,2022년 6월 21일 15시,화요일,인천광역시 미추홀구 용현동,경상사고,0,0,1,0,차대차 - 정면충돌,안전운전불이행,건조,맑음,단일로 - 기타,승용,여,23세,상해없음,자전거,남,11세,경상
2022062100100439,2022년 6월 21일 17시,화요일,인천광역시 서구 신현동,경상사고,0,0,1,0,차대사람 - 차도통행중,안전운전불이행,건조,맑음,단일로 - 기타,승용,남,62세,상해없음,보행자,여,16세,경상
2022062100100482,2022년 6월 21일 18시,화요일,인천광역시 연수구 송도동,경상사고,0,0,1,0,차대차 - 추돌,안전운전불이행,건조,맑음,단일로 - 지하차도(도로)내,승용,남,37세,상해없음,승용,남,30세,경상
2022062100100516,2022년 6월 21일 19시,화요일,인천광역시 부평구 부평동,경상사고,0,0,1,0,차대차 - 측면충돌,안전운전불이행,건조,맑음,교차로 - 교차로부근,승합,남,60세,상해없음,자전거,남,13세,경상
2022062100100517,2022년 6월 21일 19시,화요일,인천광역시 서구 가정동,경상사고,0,0,1,0,차대차 - 측면충돌,차로위반,건조,맑음,교차로 - 교차로안,승용,여,54세,상해없음,승용,남,43세,경상
2022062100100538,2022년 6월 21일 20시,화요일,인천광역시 계양구 작전동,경상사고,0,0,1,0,차대차 - 측면충돌,안전운전불이행,건조,맑음,단일로 - 기타,승용,남,63세,상해없음,승용,남,49세,경상
2022062100100539,2022년 6월 21일 20시,화요일,인천광역시 남동구 장수동,경상사고,0,0,1,0,차대차 - 측면충돌,안전거리미확보,건조,맑음,단일로 - 기타,화물,남,54세,상해없음,승용,남,41세,경상
2022062100100589,2022년 6월 21일 22시,화요일,인천광역시 계양구 병방동,경상사고,0,0,2,0,차대차 - 추돌,안전운전불이행,건조,맑음,단일로 - 기타,승용,남,36세,상해없음,승용,남,28세,경상
2022062200100010,2022년 6월 22일 00시,수요일,인천광역시 서구 경서동,경상사고,0,0,2,0,차대차 - 측면충돌,안전운전불이행,건조,맑음,교차로 - 교차로안,승용,남,34세,상해없음,승용,남,64세,경상
2022062200100016,2022년 6월 22일 01시,수요일,인천광역시 서구 청라동,경상사고,0,0,1,0,차대사람 - 횡단중,중앙선침범,건조,맑음,교차로 - 교차로부근,원동기,남,16세,상해없음,보행자,남,38세,경상
2022062200100076,2022년 6월 22일 07시,수요일,인천광역시 강화군 하점면,경상사고,0,0,1,0,차대차 - 측면충돌,중앙선침범,건조,맑음,단일로 - 지하차도(도로)내,승용,남,48세,기타불명,승용,남,37세,경상
2022062200100133,2022년 6월 22일 08시,수요일,인천광역시 남동구 서창동,경상사고,0,0,2,0,차대차 - 측면충돌,안전거리미확보,건조,맑음,단일로 - 기타,승용,남,77세,상해없음,승용,남,61세,경상
2022062200100165,2022년 6월 22일 09시,수요일,인천광역시 부평구 청천동,중상사고,0,1,0,0,차대사람 - 차도통행중,안전운전불이행,건조,맑음,교차로 - 교차로안,승용,남,60세,상해없음,보행자,여,63세,중상
2022062200100198,2022년 6월 22일 10시,수요일,인천광역시 부평구 산곡동,중상사고,0,1,0,0,차대사람 - 차도통행중,안전운전불이행,건조,맑음,단일로 - 기타,승용,남,65세,상해없음,보행자,여,79세,중상
2022062200100199,2022년 6월 22일 10시,수요일,인천광역시 부평구 산곡동,경상사고,0,0,2,0,차대차 - 기타,차로위반,건조,맑음,단일로 - 기타,승용,남,43세,상해없음,승용,남,24세,경상
2022062200100200,2022년 6월 22일 10시,수요일,인천광역시 부평구 갈산동,경상사고,0,0,1,0,차대차 - 측면충돌,중앙선침범,건조,맑음,단일로 - 기타,승용,여,70세,상해없음,승용,여,63세,경상
2022062200100248,2022년 6월 22일 12시,수요일,인천광역시 부평구 산곡동,경상사고,0,0,1,0,차량단독 - 전도전복 - 전도,기타,건조,맑음,단일로 - 기타,자전거,남,69세,경상,,,,
2022062200100284,2022년 6월 22일 13시,수요일,인천광역시 미추홀구 도화동,중상사고,0,1,0,0,차대사람 - 횡단중,안전운전불이행,건조,맑음,교차로 - 교차로안,승용,남,74세,기타불명,보행자,여,69세,중상
2022062200100324,2022년 6월 22일 14시,수요일,인천광역시 부평구 삼산동,중상사고,0,1,0,0,차대차 - 측면충돌,안전거리미확보,건조,맑음,교차로 - 교차로부근,승용,여,69세,상해없음,이륜,남,38세,중상
2022062200100367,2022년 6월 22일 15시,수요일,인천광역시 남동구 간석동,중상사고,0,1,0,0,차대사람 - 횡단중,신호위반,건조,맑음,교차로 - 교차로안,화물,남,64세,상해없음,보행자,여,23세,중상
2022062200100404,2022년 6월 22일 16시,수요일,인천광역시 부평구 산곡동,경상사고,0,0,2,0,차대차 - 측면충돌,안전운전불이행,건조,맑음,교차로 - 교차로부근,승용,여,53세,상해없음,승용,남,70세,경상
2022062200100405,2022년 6월 22일 16시,수요일,인천광역시 남동구 논현동,경상사고,0,0,1,0,차대차 - 측면충돌,안전운전불이행,건조,맑음,교차로 - 교차로안,승용,남,18세,상해없음,승용,남,62세,경상
2022062200100455,2022년 6월 22일 17시,수요일,인천광역시 서구 석남동,경상사고,0,0,1,0,차대차 - 측면충돌,안전운전불이행,건조,맑음,교차로 - 교차로안,승용,여,57세,상해없음,승용,남,44세,경상
2022062200100511,2022년 6월 22일 18시,수요일,인천광역시 미추홀구 주안동,경상사고,0,0,1,0,차대사람 - 보도통행중,안전운전불이행,건조,맑음,단일로 - 기타,승용,남,67세,상해없음,보행자,여,17세,경상
2022062200100512,2022년 6월 22일 18시,수요일,인천광역시 계양구 계산동,경상사고,0,0,2,0,차대차 - 후진중충돌,안전운전불이행,건조,맑음,단일로 - 기타,화물,남,41세,경상,이륜,남,32세,경상
2022062200100569,2022년 6월 22일 20시,수요일,인천광역시 부평구 산곡동,경상사고,0,0,1,0,차대사람 - 기타,안전운전불이행,건조,맑음,기타 - 기타,승용,남,62세,상해없음,보행자,여,19세,경상
2022062300100008,2022년 6월 23일 00시,목요일,인천광역시 부평구 갈산동,중상사고,0,1,0,0,차대차 - 기타,중앙선침범,건조,맑음,단일로 - 기타,승용,남,76세,기타불명,승용,남,31세,중상
2022062300100009,2022년 6월 23일 00시,목요일,인천광역시 서구 가정동,중상사고,0,1,0,0,차대차 - 측면충돌,신호위반,젖음/습기,비,교차로 - 교차로안,승용,남,71세,상해없음,이륜,남,45세,중상
2022062300100026,2022년 6월 23일 01시,목요일,인천광역시 서구 신현동,경상사고,0,0,2,0,차대차 - 기타,기타,건조,맑음,기타 - 기타,승용,남,27세,상해없음,이륜,남,18세,경상
2022062300100032,2022년 6월 23일 02시,목요일,인천광역시 미추홀구 용현동,경상사고,0,0,1,0,차대사람 - 기타,안전운전불이행,건조,기타,기타 - 기타,승용,남,49세,상해없음,보행자,남,36세,경상
2022062300100033,2022년 6월 23일 02시,목요일,인천광역시 남동구 만수동,경상사고,0,0,1,0,차대차 - 추돌,안전운전불이행,건조,맑음,교차로 - 교차로부근,승용,남,40세,상해없음,승용,남,63세,경상
2022062300100040,2022년 6월 23일 03시,목요일,인천광역시 서구 심곡동,중상사고,0,1,0,0,차대사람 - 기타,안전운전불이행,건조,맑음,교차로 - 교차로부근,승용,남,24세,상해없음,보행자,남,47세,중상
2022062300100078,2022년 6월 23일 07시,목요일,인천광역시 중구 남북동,경상사고,0,0,1,0,차대차 - 기타,신호위반,건조,맑음,교차로 - 교차로안,승합,남,67세,기타불명,자전거,남,43세,경상