사고번호,사고일시,요일,시군구,사고내용,사망자수,중상자수,경상자수,부상신고자수,사고유형,법규위반,노면상태,기상상태,도로형태,가해운전자 차종,가해운전자 성별,가해운전자 연령,가해운전자 상해정도,피해운전자 차종,피해운전자 성별,피해운전자 연령,피해운전자 상해정도
2022062300100079,2022년 6월 23일 07시,목요일,인천광역시 미추홀구 용현동,경상사고,0,0,1,0,차대차 - 측면충돌,안전거리미확보,건조,맑음,단일로 - 기타,화물,남,45세,상해없음,승용,남,31세,경상
2022062300100080,2022년 6월 23일 07시,목요일,인천광역시 서구 가좌동,경상사고,0,0,1,0,차대사람 - 길가장자리구역통행중,보행자보호의무위반,건조,맑음,교차로 - 교차로부근,승합,남,68세,기타불명,보행자,남,25세,경상
2022062300100131,2022년 6월 23일 08시,목요일,인천광역시 중구 남북동,중상사고,0,1,0,0,차량단독 - 기타,기타,젖음/습기,비,단일로 - 교량,화물,남,61세,상해없음,,,,
2022062300100132,2022년 6월 23일 08시,목요일,인천광역시 중구 항동7가,경상사고,0,0,1,0,차대차 - 추돌,안전운전불이행,건조,맑음,미분류 - 미분류,승용,여,23세,상해없음,화물,남,55세,경상
2022062300100162,2022년 6월 23일 09시,목요일,인천광역시 부평구 부평동,경상사고,0,0,1,0,차대사람 - 횡단중,안전운전불이행,건조,맑음,단일로 - 터널,승용,남,54세,상해없음,보행자,여,34세,경상
2022062300100217,2022년 6월 23일 11시,목요일,인천광역시 미추홀구 주안동,경상사고,0,0,2,0,차대차 - 측면충돌,안전거리미확보,건조,맑음,교차로 - 교차로부근,승용,남,51세,상해없음,승용,남,25세,경상
2022062300100218,2022년 6월 23일 11시,목요일,인천광역시 미추홀구 용현동,경상사고,0,0,2,0,차대차 - 측면충돌,안전운전불이행,젖음/습기,비,교차로 - 교차로부근,화물,남,55세,상해없음,승용,여,32세,경상
2022062300100282,2022년 6월 23일 13시,목요일,인천광역시 서구 가정동,경상사고,0,0,1,0,차대차 - 추돌,안전운전불이행,젖음/습기,비,단일로 - 기타,승용,남,29세,상해없음,승용,여,45세,경상
2022062300100283,2022년 6월 23일 13시,목요일,인천광역시 서구 검암동,경상사고,0,0,2,0,차대차 - 추돌,안전운전불이행,침수,비,기타 - 기타,승용,남,50세,상해없음,승용,남,58세,경상
2022062300100312,2022년 6월 23일 14시,목요일,인천광역시 서구 시천동,사망사고,1,1,1,0,차대차 - 정면충돌,중앙선침범,젖음/습기,비,기타 - 기타,화물,남,54세,사망,승용,여,53세,경상
2022062300100372,2022년 6월 23일 16시,목요일,인천광역시 남동구 구월동,경상사고,0,0,1,0,차대차 - 후진중충돌,불법유턴,젖음/습기,비,단일로 - 기타,승용,여,63세,상해없음,이륜,남,29세,경상
2022062300100414,2022년 6월 23일 17시,목요일,인천광역시 미추홀구 주안동,중상사고,0,1,0,0,차대사람 - 횡단중,안전운전불이행,젖음/습기,비,교차로 - 교차로부근,승용,남,37세,상해없음,보행자,남,66세,중상
2022062300100415,2022년 6월 23일 17시,목요일,인천광역시 부평구 청천동,경상사고,0,0,1,0,차대차 - 추돌,안전운전불이행,젖음/습기,비,단일로 - 기타,승용,여,28세,상해없음,승용,여,35세,경상
2022062300100416,2022년 6월 23일 17시,목요일,인천광역시 부평구 부평동,중상사고,0,1,0,0,차대차 - 기타,신호위반,젖음/습기,비,교차로 - 교차로안,승용,여,49세,상해없음,이륜,남,45세,중상
2022062300100468,2022년 6월 23일 18시,목요일,인천광역시 서구 청라동,경상사고,0,0,1,0,차대차 - 측면충돌,안전운전불이행,건조,맑음,단일로 - 기타,승용,남,44세,상해없음,승용,여,25세,경상
2022062300100510,2022년 6월 23일 19시,목요일,인천광역시 미추홀구 주안동,경상사고,0,0,2,0,차대차 - 후진중충돌,안전운전불이행,젖음/습기,비,교차로 - 교차로부근,화물,남,37세,상해없음,승용,여,42세,경상
2022062300100511,2022년 6월 23일 19시,목요일,인천광역시 남동구 논현동,경상사고,0,0,1,0,차대차 - 측면충돌,안전거리미확보,젖음/습기,비,단일로 - 기타,승용,여,23세,상해없음,승용,여,60세,경상
2022062300100552,2022년 6월 23일 20시,목요일,인천광역시 미추홀구 도화동,경상사고,0,0,1,0,차대차 - 정면충돌,안전운전불이행,젖음/습기,비,단일로 - 기타,승용,여,50세,기타불명,승용,남,59세,경상
2022062300100553,2022년 6월 23일 20시,목요일,인천광역시 계양구 효성동,경상사고,0,0,2,0,차대차 - 추돌,안전운전불이행,젖음/습기,비,단일로 - 기타,승용,남,42세,상해없음,승용,남,29세,경상
2022062300100554,2022년 6월 23일 20시,목요일,인천광역시 계양구 계산동,경상사고,0,0,3,0,차대차 - 측면충돌,중앙선침범,젖음/습기,비,단일로 - 기타,승용,남,50세,기타불명,승용,남,51세,경상
2022062300100601,2022년 6월 23일 21시,목요일,인천광역시 미추홀구 용현동,경상사고,0,0,1,0,차대차 - 측면충돌,안전운전불이행,젖음/습기,비,교차로 - 교차로안,승용,남,47세,기타불명,승합,남,54세,경상
2022062400100018,2022년 6월 24일 00시,금요일,인천광역시 연수구 선학동,경상사고,0,0,1,0,차대차 - 기타,기타,젖음/습기,비,교차로 - 교차로안,화물,남,34세,상해없음,승용,남,55세,경상
2022062400100045,2022년 6월 24일 02시,금요일,인천광역시 서구 왕길동,경상사고,0,0,1,0,차대차 - 추돌,안전운전불이행,젖음/습기,비,단일로 - 기타,화물,남,41세,상해없음,승용,남,69세,경상
2022062400100046,2022년 6월 24일 02시,금요일,인천광역시 부평구 부개동,경상사고,0,0,1,0,차대차 - 기타,안전운전불이행,기타,기타,단일로 - 기타,승용,남,64세,상해없음,승용,남,55세,경상
2022062400100055,2022년 6월 24일 03시,금요일,인천광역시 부평구 산곡동,중상사고,0,1,1,0,차대차 - 추돌,안전운전불이행,젖음/습기,비,교차로 - 교차로부근,승용,남,29세,상해없음,승용,남,61세,중상
2022062400100098,2022년 6월 24일 07시,금요일,인천광역시 서구 원창동,경상사고,0,0,1,0,차대차 - 기타,중앙선침범,건조,맑음,단일로 - 기타,승용,남,35세,상해없음,승용,남,54세,경상
2022062400100132,2022년 6월 24일 08시,금요일,인천광역시 부평구 부평동,경상사고,0,0,1,0,차대차 - 정면충돌,안전운전불이행,건조,맑음,교차로 - 교차로안,승용,여,45세,상해없음,자전거,여,57세,경상
2022062400100165,2022년 6월 24일 09시,금요일,인천광역시 부평구 청천동,중상사고,0,1,0,0,차대차 - 측면충돌,안전운전불이행,건조,맑음,교차로 - 교차로부근,승용,남,68세,상해없음,자전거,남,75세,중상
2022062400100166,2022년 6월 24일 09시,금요일,인천광역시 계양구 계산동,경상사고,0,0,1,0,차대사람 - 기타,안전운전불이행,건조,맑음,교차로 - 교차로부근,승합,남,65세,상해없음,보행자,여,30세,경상
2022062400100218,2022년 6월 24일 11시,금요일,인천광역시 연수구 옥련동,경상사고,0,0,1,0,차대차 - 측면충돌,안전운전불이행,건조,맑음,교차로 - 교차로안,승용,여,41세,상해없음,승용,남,42세,경상
2022062400100244,2022년 6월 24일 12시,금요일,인천광역시 강화군 하점면,중상사고,0,2,0,0,차대차 - 측면충돌,신호위반,젖음/습기,흐림,교차로 - 교차로안,화물,여,62세,상해없음,승용,남,78세,중상
2022062400100279,2022년 6월 24일 13시,금요일,인천광역시 서구 마전동,사망사고,1,0,0,0,차대사람 - 횡단중,안전운전불이행,젖음/습기,흐림,교차로 - 교차로안,승용,남,61세,상해없음,보행자,남,74세,사망
2022062400100280,2022년 6월 24일 13시,금요일,인천광역시 서구 청라동,경상사고,0,0,1,0,차대차 - 측면충돌,신호위반,건조,맑음,교차로 - 교차로부근,자전거,남,79세,경상,승용,여,26세,상해없음
2022062400100281,2022년 6월 24일 13시,금요일,인천광역시 부평구 부개동,경상사고,0,0,1,0,차대차 - 측면충돌,기타,젖음/습기,비,교차로 - 교차로안,승용,남,64세,상해없음,승용,여,29세,경상
2022062400100313,2022년 6월 24일 14시,금요일,인천광역시 미추홀구 숭의동,경상사고,0,0,1,0,차대사람 - 횡단중,중앙선침범,건조,맑음,교차로 - 교차로안,개인형이동수단(PM),남,26세,상해없음,보행자,여,70세,경상
2022062400100314,2022년 6월 24일 14시,금요일,인천광역시 남동구 논현동,경상사고,0,0,1,0,차대차 - 측면충돌,안전거리미확보,건조,맑음,단일로 - 기타,승용,남,69세,상해없음,승합,여,55세,경상
2022062400100340,2022년 6월 24일 15시,금요일,인천광역시 중구 중산동,경상사고,0,0,1,0,차대차 - 측면충돌,안전운전불이행,건조,맑음,단일로 - 기타,승합,남,53세,상해없음,승용,남,34세,경상
2022062400100389,2022년 6월 24일 16시,금요일,인천광역시 미추홀구 주안동,부상신고사고,0,0,0,1,차대차 - 추돌,안전운전불이행,건조,맑음,단일로 - 기타,승용,남,61세,기타불명,화물,남,74세,부상신고
2022062400100390,2022년 6월 24일 16시,금요일,인천광역시 서구 검암동,경상사고,0,0,1,0,차대차 - 측면충돌,안전거리미확보,건조,맑음,교차로 - 교차로부근,승용,남,32세,상해없음,승용,남,32세,상해없음
2022062400100449,2022년 6월 24일 17시,금요일,인천광역시 옹진군 영흥면,경상사고,0,0,1,0,차대차 - 추돌,안전운전불이행,건조,맑음,단일로 - 기타,화물,남,34세,상해없음,화물,남,68세,경상
2022062400100496,2022년 6월 24일 18시,금요일,인천광역시 부평구 청천동,경상사고,0,0,1,0,차대차 - 측면충돌,안전운전불이행,건조,맑음,단일로 - 기타,이륜,남,37세,상해없음,이륜,남,54세,경상
2022062400100497,2022년 6월 24일 18시,금요일,인천광역시 서구 검암동,중상사고,0,1,0,0,차대차 - 측면충돌,안전운전불이행,건조,맑음,단일로 - 기타,승용,여,55세,상해없음,이륜,남,36세,중상
2022062400100498,2022년 6월 24일 18시,금요일,인천광역시 서구 석남동,경상사고,0,0,1,1,차대차 - 기타,안전운전불이행,건조,맑음,교차로 - 교차로안,승용,남,27세,부상신고,이륜,남,25세,경상
2022062400100500,2022년 6월 24일 18시,금요일,인천광역시 중구 신흥동1가,경상사고,0,0,1,0,차대차 - 측면충돌,신호위반,건조,맑음,단일로 - 기타,승용,남,31세,상해없음,화물,남,54세,경상
2022062400100562,2022년 6월 24일 20시,금요일,인천광역시 중구 을왕동,중상사고,0,1,3,0,차대차 - 정면충돌,차로위반,건조,맑음,단일로 - 기타,승용,여,48세,상해없음,승용,여,22세,경상
2022062400100563,2022년 6월 24일 20시,금요일,인천광역시 남동구 서창동,경상사고,0,0,1,0,차대사람 - 보도통행중,기타,건조,맑음,단일로 - 지하차도(도로)내,이륜,남,19세,상해없음,보행자,남,43세,경상
2022062400100632,2022년 6월 24일 23시,금요일,인천광역시 부평구 십정동,경상사고,0,0,3,0,차대차 - 측면충돌,안전운전불이행,젖음/습기,흐림,교차로 - 교차로안,승용,남,63세,상해없음,승용,남,20세,경상
2022062500100070,2022년 6월 25일 06시,토요일,인천광역시 미추홀구 용현동,중상사고,0,1,0,0,차량단독 - 공작물충돌,안전운전불이행,건조,맑음,교차로 - 교차로부근,이륜,남,31세,중상,,,,
2022062500100071,2022년 6월 25일 06시,토요일,인천광역시 미추홀구 숭의동,경상사고,0,0,1,0,차대차 - 측면충돌,안전운전불이행,건조,맑음,단일로 - 기타,화물,남,65세,상해없음,승용,남,46세,경상
2022062500100103,2022년 6월 25일 08시,토요일,인천광역시 중구 운서동,경상사고,0,0,2,0,차대차 - 추돌,안전운전불이행,건조,맑음,교차로 - 교차로부근,승용,남,58세,상해없음,승용,남,52세,경상
2022062500100104,2022년 6월 25일 08시,토요일,인천광역시 서구 불로동,경상사고,0,0,2,0,차대차 - 기타,신호위반,건조,맑음,기타 - 기타,승용,남,42세,상해없음,승용,여,58세,경상
2022062500100135,2022년 6월 25일 09시,토요일,인천광역시 부평구 삼산동,경상사고,0,0,1,0,차대사람 - 차도통행중,안전운전불이행,젖음/습기,흐림,교차로 - 교차로안,화물,남,23세,상해없음,보행자,여,68세,경상
2022062500100170,2022년 6월 25일 10시,토요일,인천광역시 미추홀구 용현동,경상사고,0,0,5,0,차대차 - 측면충돌,교차로운행방법위반,건조,맑음,교차로 - 교차로부근,승용,여,49세,상해없음,승용,여,45세,경상
2022062500100171,2022년 6월 25일 10시,토요일,인천광역시 서구 왕길동,경상사고,0,0,1,0,차대차 - 측면충돌,안전운전불이행,건조,맑음,교차로 - 교차로안,승용,여,34세,상해없음,승용,남,53세,경상
2022062500100172,2022년 6월 25일 10시,토요일,인천광역시 남동구 논현동,경상사고,0,0,2,0,차대차 - 정면충돌,안전운전불이행,건조,맑음,교차로 - 교차로안,화물,남,48세,상해없음,승용,남,40세,경상
2022062500100216,2022년 6월 25일 11시,토요일,인천광역시 부평구 삼산동,경상사고,0,0,1,0,차대차 - 측면충돌,차로위반,건조,맑음,단일로 - 교량,승용,남,39세,상해없음,승용,남,34세,경상
2022062500100356,2022년 6월 25일 14시,토요일,인천광역시 부평구 부평동,경상사고,0,0,1,0,차대차 - 측면충돌,안전운전불이행,건조,맑음,단일로 - 기타,승용,여,61세,상해없음,승용,남,31세,경상
2022062500100397,2022년 6월 25일 15시,토요일,인천광역시 서구 가좌동,경상사고,0,0,1,0,차대차 - 추돌,안전운전불이행,건조,맑음,단일로 - 기타,승용,남,45세,상해없음,승용,여,32세,경상
2022062500100431,2022년 6월 25일 16시,토요일,인천광역시 서구 경서동,경상사고,0,0,1,1,차대차 - 기타,안전운전불이행,건조,맑음,기타 - 기타,화물,남,59세,상해없음,승용,남,52세,경상
2022062500100432,2022년 6월 25일 16시,토요일,인천광역시 서구 심곡동,경상사고,0,0,1,0,차대차 - 측면충돌,기타,건조,맑음,교차로 - 교차로안,승용,여,47세,상해없음,자전거,남,15세,경상
2022062500100472,2022년 6월 25일 17시,토요일,인천광역시 계양구 계산동,경상사고,0,0,1,0,차대사람 - 보도통행중,보행자보호의무위반,건조,맑음,단일로 - 기타,자전거,남,58세,상해없음,보행자,여,27세,경상
2022062500100513,2022년 6월 25일 18시,토요일,인천광역시 중구 을왕동,경상사고,0,0,1,0,차량단독 - 도로외이탈 - 기타,안전운전불이행,건조,맑음,교차로 - 교차로부근,사륜오토바이(ATV),여,36세,경상,,,,
2022062500100514,2022년 6월 25일 18시,토요일,인천광역시 중구 운남동,중상사고,0,1,0,0,차대차 - 추돌,안전거리미확보,건조,맑음,교차로 - 교차로부근,승용,남,31세,상해없음,자전거,여,55세,중상
2022062500100515,2022년 6월 25일 18시,토요일,인천광역시 미추홀구 주안동,중상사고,0,1,0,0,차대차 - 정면충돌,안전운전불이행,건조,맑음,교차로 - 교차로안,승용,남,69세,상해없음,이륜,남,27세,중상
2022062500100516,2022년 6월 25일 18시,토요일,인천광역시 서구 석남동,경상사고,0,0,1,0,차대사람 - 길가장자리구역통행중,안전운전불이행,건조,맑음,단일로 - 기타,승용,남,53세,상해없음,보행자,남,8세,경상
2022062500100535,2022년 6월 25일 19시,토요일,인천광역시 미추홀구 숭의동,경상사고,0,0,1,0,차대차 - 기타,교차로운행방법위반,건조,맑음,교차로 - 교차로안,승용,남,24세,상해없음,이륜,남,22세,경상
2022062500100536,2022년 6월 25일 19시,토요일,인천광역시 계양구 상야동,경상사고,0,0,2,0,차대차 - 기타,안전운전불이행,건조,맑음,교차로 - 교차로안,승용,남,28세,상해없음,승용,남,34세,경상
2022062500100573,2022년 6월 25일 20시,토요일,인천광역시 미추홀구 주안동,경상사고,0,0,1,0,차대사람 - 차도통행중,안전운전불이행,건조,맑음,기타 - 기타,화물,여,64세,상해없음,보행자,여,86세,경상
2022062500100602,2022년 6월 25일 21시,토요일,인천광역시 서구 석남동,중상사고,0,1,0,0,차대차 - 추돌,안전거리미확보,건조,맑음,교차로 - 교차로부근,승용,남,56세,상해없음,이륜,남,46세,중상
2022062500100603,2022년 6월 25일 21시,토요일,인천광역시 부평구 부개동,경상사고,0,0,1,0,차대사람 - 길가장자리구역통행중,안전운전불이행,건조,맑음,주차장 - 주차장,승용,남,62세,상해없음,보행자,여,52세,경상
2022062500100650,2022년 6월 25일 23시,토요일,인천광역시 남동구 구월동,부상신고사고,0,0,0,1,차대차 - 기타,안전운전불이행,건조,맑음,단일로 - 기타,승용,남,19세,기타불명,개인형이동수단(PM),남,24세,부상신고
2022062600100027,2022년 6월 26일 01시,일요일,인천광역시 서구 석남동,경상사고,0,0,1,0,차대차 - 추돌,안전운전불이행,건조,맑음,교차로 - 교차로부근,승용,남,33세,상해없음,승용,남,61세,경상
2022062600100034,2022년 6월 26일 02시,일요일,인천광역시 연수구 연수동,경상사고,0,0,1,0,차대차 - 기타,안전운전불이행,건조,맑음,교차로 - 교차로부근,승용,남,52세,상해없음,화물,여,52세,경상
2022062600100045,2022년 6월 26일 04시,일요일,인천광역시 남동구 간석동,경상사고,0,0,1,0,차대차 - 추돌,안전운전불이행,젖음/습기,흐림,교차로 - 교차로부근,승용,남,34세,상해없음,승용,남,68세,경상
2022062600100084,2022년 6월 26일 09시,일요일,인천광역시 부평구 부평동,경상사고,0,0,1,0,차대차 - 측면충돌,안전거리미확보,건조,맑음,단일로 - 기타,승합,남,59세,상해없음,승용,남,27세,경상
2022062600100149,2022년 6월 26일 12시,일요일,인천광역시 남동구 구월동,경상사고,0,0,1,0,차대차 - 측면충돌,신호위반,건조,맑음,단일로 - 기타,승합,남,56세,상해없음,이륜,남,43세,경상
2022062600100222,2022년 6월 26일 15시,일요일,인천광역시 연수구 청학동,경상사고,0,0,1,0,차대차 - 측면충돌,안전운전불이행,건조,맑음,교차로 - 교차로안,화물,남,67세,상해없음,승용,남,38세,경상
2022062600100254,2022년 6월 26일 16시,일요일,인천광역시 연수구 송도동,경상사고,0,0,1,0,차대사람 - 기타,기타,건조,맑음,단일로 - 기타,자전거,여,49세,상해없음,보행자,남,31세,경상
2022062600100288,2022년 6월 26일 17시,일요일,인천광역시 미추홀구 주안동,경상사고,0,0,1,0,차대차 - 측면충돌,안전거리미확보,건조,맑음,교차로 - 교차로부근,승용,남,27세,상해없음,승용,남,64세,경상
2022062600100313,2022년 6월 26일 18시,일요일,인천광역시 미추홀구 학익동,경상사고,0,0,1,0,차대차 - 측면충돌,안전거리미확보,건조,맑음,단일로 - 기타,승용,남,58세,상해없음,승용,남,58세,경상
2022062700100006,2022년 6월 27일 00시,월요일,인천광역시 부평구 부평동,경상사고,0,0,3,0,차대차 - 측면충돌,안전운전불이행,젖음/습기,비,교차로 - 교차로안,승용,남,73세,상해없음,승용,남,24세,경상
2022062700100025,2022년 6월 27일 02시,월요일,인천광역시 미추홀구 주안동,경상사고,0,0,1,0,차대사람 - 횡단중,안전거리미확보,건조,맑음,단일로 - 기타,승용,남,71세,상해없음,보행자,남,28세,경상
2022062700100049,2022년 6월 27일 06시,월요일,인천광역시 강화군 선원면,경상사고,0,0,1,0,차대차 - 추돌,안전운전불이행,젖음/습기,비,단일로 - 지하차도(도로)내,승용,여,43세,상해없음,승용,여,69세,경상
2022062700100074,2022년 6월 27일 07시,월요일,인천광역시 서구 가좌동,경상사고,0,0,2,0,차대차 - 기타,신호위반,건조,맑음,기타 - 기타,승용,남,39세,상해없음,승용,남,49세,경상
2022062700100115,2022년 6월 27일 08시,월요일,인천광역시 미추홀구 주안동,경상사고,0,0,1,0,차대차 - 후진중충돌,안전운전불이행,건조,맑음,교차로 - 교차로안,승용,여,38세,상해없음,승용,남,64세,경상
2022062700100179,2022년 6월 27일 10시,월요일,인천광역시 계양구 서운동,중상사고,0,1,0,0,차대차 - 측면충돌,신호위반,건조,맑음,교차로 - 교차로안,화물,남,59세,상해없음,이륜,남,42세,중상
2022062700100241,2022년 6월 27일 12시,월요일,인천광역시 서구 심곡동,경상사고,0,0,1,0,차대차 - 추돌,안전운전불이행,건조,맑음,단일로 - 기타,승용,남,24세,상해없음,승용,남,62세,상해없음
2022062700100242,2022년 6월 27일 12시,월요일,인천광역시 연수구 송도동,경상사고,0,0,1,0,차대차 - 추돌,안전운전불이행,건조,맑음,단일로 - 고가도로위,승용,남,52세,상해없음,승용,남,37세,경상
2022062700100282,2022년 6월 27일 13시,월요일,인천광역시 중구 중산동,경상사고,0,0,1,0,차대차 - 측면충돌,중앙선침범,젖음/습기,흐림,미분류 - 미분류,승용,남,49세,상해없음,승용,남,34세,경상
2022062700100301,2022년 6월 27일 14시,월요일,인천광역시 부평구 청천동,중상사고,0,1,0,0,차대차 - 측면충돌,안전운전불이행,건조,맑음,교차로 - 교차로안,화물,남,65세,상해없음,이륜,남,45세,중상
2022062700100302,2022년 6월 27일 14시,월요일,인천광역시 남동구 논현동,경상사고,0,0,1,0,차대차 - 측면충돌,교차로운행방법위반,건조,맑음,교차로 - 교차로안,승용,남,19세,상해없음,화물,남,52세,경상
2022062700100303,2022년 6월 27일 14시,월요일,인천광역시 계양구 용종동,경상사고,0,0,1,0,차대차 - 추돌,안전운전불이행,젖음/습기,비,단일로 - 기타,승용,남,27세,상해없음,승합,남,61세,경상
2022062700100331,2022년 6월 27일 15시,월요일,인천광역시 중구 항동7가,경상사고,0,0,1,0,차대차 - 측면충돌,안전운전불이행,건조,맑음,교차로 - 교차로부근,특수,남,61세,상해없음,화물,남,49세,경상
2022062700100332,2022년 6월 27일 15시,월요일,인천광역시 서구 청라동,중상사고,0,1,0,0,차대차 - 측면충돌,안전운전불이행,건조,맑음,단일로 - 기타,승용,여,52세,상해없음,자전거,남,22세,중상
2022062700100370,2022년 6월 27일 16시,월요일,인천광역시 서구 청라동,경상사고,0,0,1,0,차대사람 - 기타,안전운전불이행,건조,맑음,단일로 - 기타,승합,남,72세,상해없음,보행자,여,23세,경상
2022062700100371,2022년 6월 27일 16시,월요일,인천광역시 서구 가좌동,경상사고,0,0,2,0,차대차 - 측면충돌,교차로운행방법위반,건조,맑음,교차로 - 교차로안,화물,남,64세,경상,승용,여,37세,경상
2022062700100372,2022년 6월 27일 16시,월요일,인천광역시 계양구 병방동,경상사고,0,0,1,0,차대사람 - 보도통행중,신호위반,젖음/습기,비,단일로 - 기타,이륜,기타불명,미분류,기타불명,보행자,남,51세,경상
2022062700100403,2022년 6월 27일 17시,월요일,인천광역시 부평구 산곡동,경상사고,0,0,1,0,차대차 - 기타,차로위반,건조,맑음,단일로 - 기타,승용,남,56세,상해없음,이륜,남,32세,경상
2022062700100404,2022년 6월 27일 17시,월요일,인천광역시 남동구 만수동,중상사고,0,1,0,0,차대사람 - 횡단중,신호위반,건조,맑음,단일로 - 기타,승용,남,23세,상해없음,보행자,여,53세,중상
2022062700100447,2022년 6월 27일 18시,월요일,인천광역시 부평구 청천동,부상신고사고,0,0,0,1,차대사람 - 횡단중,안전운전불이행,젖음/습기,비,교차로 - 교차로안,승용,남,47세,상해없음,보행자,남,63세,부상신고
2022062700100448,2022년 6월 27일 18시,월요일,인천광역시 부평구 청천동,경상사고,0,0,1,0,차대차 - 정면충돌,안전운전불이행,건조,맑음,교차로 - 교차로안,승용,여,43세,상해없음,이륜,남,18세,경상
2022062700100449,2022년 6월 27일 18시,월요일,인천광역시 연수구 옥련동,중상사고,0,1,0,0,차대차 - 기타,교차로운행방법위반,건조,맑음,교차로 - 교차로안,승용,남,26세,기타불명,승용,여,43세,중상
2022062700100475,2022년 6월 27일 19시,월요일,인천광역시 미추홀구 숭의동,경상사고,0,0,1,0,차대차 - 기타,안전거리미확보,건조,맑음,교차로 - 교차로안,승용,여,52세,상해없음,승용,여,51세,경상
2022062700100499,2022년 6월 27일 20시,월요일,인천광역시 남동구 서창동,경상사고,0,0,1,0,차대차 - 측면충돌,안전운전불이행,건조,흐림,단일로 - 기타,승용,남,48세,상해없음,승용,남,43세,기타불명
2022062700100538,2022년 6월 27일 22시,월요일,인천광역시 서구 가좌동,부상신고사고,0,0,0,1,차대사람 - 기타,안전운전불이행,건조,맑음,단일로 - 기타,승용,남,29세,상해없음,보행자,남,30세,부상신고
2022062700100553,2022년 6월 27일 23시,월요일,인천광역시 남동구 구월동,경상사고,0,0,5,0,차대차 - 측면충돌,신호위반,건조,흐림,교차로 - 교차로안,승용,남,63세,상해없음,승용,남,18세,경상
2022062800100035,2022년 6월 28일 04시,화요일,인천광역시 남동구 간석동,경상사고,0,0,1,0,차대차 - 추돌,안전운전불이행,건조,흐림,단일로 - 기타,승용,남,71세,상해없음,화물,남,41세,경상
2022062800100064,2022년 6월 28일 07시,화요일,인천광역시 부평구 부평동,경상사고,0,0,1,0,차대차 - 추돌,안전거리미확보,건조,맑음,교차로 - 교차로부근,화물,남,51세,상해없음,승용,여,43세,경상
2022062800100065,2022년 6월 28일 07시,화요일,인천광역시 남동구 고잔동,중상사고,0,1,0,0,차대차 - 후진중충돌,안전운전불이행,건조,맑음,단일로 - 기타,화물,남,64세,상해없음,승용,남,53세,중상
2022062800100127,2022년 6월 28일 09시,화요일,인천광역시 부평구 부평동,경상사고,0,0,1,0,차대차 - 측면충돌,차로위반,건조,맑음,단일로 - 기타,승용,여,65세,상해없음,승용,남,30세,경상
2022062800100128,2022년 6월 28일 09시,화요일,인천광역시 서구 불로동,경상사고,0,0,1,0,차대차 - 측면충돌,안전운전불이행,건조,맑음,교차로 - 교차로안,승용,남,28세,상해없음,화물,남,39세,경상
2022062800100159,2022년 6월 28일 10시,화요일,인천광역시 중구 신흥동3가,경상사고,0,0,1,0,차대차 - 기타,안전운전불이행,건조,맑음,단일로 - 기타,화물,남,45세,기타불명,화물,남,41세,경상
2022062800100160,2022년 6월 28일 10시,화요일,인천광역시 서구 마전동,경상사고,0,0,2,0,차대차 - 기타,안전운전불이행,젖음/습기,흐림,교차로 - 교차로부근,승용,여,60세,상해없음,승용,여,56세,경상
2022062800100161,2022년 6월 28일 10시,화요일,인천광역시 서구 연희동,경상사고,0,0,1,0,차대차 - 추돌,안전운전불이행,젖음/습기,비,교차로 - 교차로부근,화물,남,40세,상해없음,이륜,남,60세,경상
2022062800100218,2022년 6월 28일 12시,화요일,인천광역시 부평구 청천동,중상사고,0,1,0,0,차대차 - 측면충돌,안전운전불이행,건조,맑음,교차로 - 교차로부근,기타불명,여,56세,상해없음,승용,남,46세,기타불명
2022062800100255,2022년 6월 28일 13시,화요일,인천광역시 서구 검암동,경상사고,0,0,2,0,차대차 - 측면충돌,안전운전불이행,젖음/습기,비,교차로 - 교차로부근,승용,남,64세,상해없음,승용,남,30세,경상
2022062800100356,2022년 6월 28일 16시,화요일,인천광역시 서구 검암동,경상사고,0,0,1,0,차대사람 - 횡단중,신호위반,건조,맑음,교차로 - 교차로부근,이륜,남,59세,상해없음,보행자,여,46세,경상
2022062800100388,2022년 6월 28일 17시,화요일,인천광역시 연수구 옥련동,경상사고,0,0,1,0,차대사람 - 기타,안전운전불이행,건조,맑음,교차로 - 교차로부근,화물,남,47세,상해없음,보행자,남,64세,경상
2022062800100428,2022년 6월 28일 18시,화요일,인천광역시 미추홀구 주안동,중상사고,0,1,0,0,차대사람 - 횡단중,보행자보호의무위반,건조,맑음,교차로 - 교차로안,승용,남,67세,상해없음,보행자,여,28세,중상
2022062800100429,2022년 6월 28일 18시,화요일,인천광역시 서구 마전동,중상사고,0,1,0,0,차대차 - 측면충돌,안전운전불이행,건조,맑음,교차로 - 교차로부근,승용,여,53세,상해없음,승용,남,37세,중상
2022062800100430,2022년 6월 28일 18시,화요일,인천광역시 서구 왕길동,경상사고,0,0,1,0,차대차 - 기타,안전운전불이행,건조,맑음,교차로 - 교차로부근,승용,남,68세,상해없음,이륜,남,25세,경상
2022062800100551,2022년 6월 28일 22시,화요일,인천광역시 미추홀구 숭의동,중상사고,0,1,0,0,차대사람 - 기타,안전운전불이행,젖음/습기,비,교차로 - 교차로안,승용,여,64세,상해없음,보행자,남,34세,중상