사고번호,사고일시,요일,시군구,사고내용,사망자수,중상자수,경상자수,부상신고자수,사고유형,법규위반,노면상태,기상상태,도로형태,가해운전자 차종,가해운전자 성별,가해운전자 연령,가해운전자 상해정도,피해운전자 차종,피해운전자 성별,피해운전자 연령,피해운전자 상해정도
2022071400100232,2022년 7월 14일 11시,목요일,인천광역시 연수구 송도동,경상사고,0,0,1,0,차대차 - 추돌,안전운전불이행,건조,맑음,교차로 - 교차로안,승용,남,51세,상해없음,승용,여,57세,경상
2022071400100233,2022년 7월 14일 11시,목요일,인천광역시 남동구 논현동,중상사고,0,1,0,0,차대차 - 측면충돌,교차로운행방법위반,건조,맑음,교차로 - 교차로안,승합,남,61세,상해없음,이륜,여,34세,중상
2022071400100252,2022년 7월 14일 12시,목요일,인천광역시 중구 항동7가,경상사고,0,0,1,0,차대차 - 정면충돌,직진우회전진행방해,건조,맑음,교차로 - 교차로안,특수,남,58세,상해없음,승용,남,51세,경상
2022071400100253,2022년 7월 14일 12시,목요일,인천광역시 남동구 간석동,경상사고,0,0,1,0,차대차 - 측면충돌,불법유턴,건조,맑음,교차로 - 교차로부근,승용,여,52세,상해없음,이륜,남,38세,경상
2022071400100254,2022년 7월 14일 12시,목요일,인천광역시 남동구 장수동,경상사고,0,0,1,0,차대차 - 측면충돌,안전거리미확보,건조,흐림,단일로 - 지하차도(도로)내,승용,남,35세,상해없음,승용,남,20세,경상
2022071400100286,2022년 7월 14일 13시,목요일,인천광역시 미추홀구 주안동,경상사고,0,0,1,0,차대차 - 기타,안전운전불이행,건조,맑음,기타 - 기타,승용,남,34세,상해없음,승합,남,58세,경상
2022071400100287,2022년 7월 14일 13시,목요일,인천광역시 남동구 간석동,경상사고,0,0,1,0,차대차 - 측면충돌,신호위반,건조,맑음,교차로 - 교차로부근,이륜,남,18세,상해없음,승용,남,60세,경상
2022071400100288,2022년 7월 14일 13시,목요일,인천광역시 서구 청라동,경상사고,0,0,1,0,차대사람 - 횡단중,안전운전불이행,건조,맑음,교차로 - 교차로부근,이륜,남,57세,상해없음,보행자,여,81세,경상
2022071400100331,2022년 7월 14일 14시,목요일,인천광역시 옹진군 백령면,경상사고,0,0,2,0,차대차 - 측면충돌,안전운전불이행,건조,맑음,교차로 - 교차로부근,화물,남,65세,상해없음,승용,여,48세,경상
2022071400100332,2022년 7월 14일 14시,목요일,인천광역시 부평구 산곡동,중상사고,0,1,0,0,차대차 - 추돌,안전운전불이행,건조,맑음,교차로 - 교차로안,승합,남,56세,상해없음,자전거,남,90세,중상
2022071400100333,2022년 7월 14일 14시,목요일,인천광역시 서구 심곡동,경상사고,0,0,1,0,차대차 - 측면충돌,안전운전불이행,건조,맑음,교차로 - 교차로안,승용,여,53세,상해없음,승용,남,42세,경상
2022071400100371,2022년 7월 14일 15시,목요일,인천광역시 부평구 부평동,부상신고사고,0,0,0,1,차대사람 - 기타,안전운전불이행,건조,맑음,단일로 - 기타,승용,여,53세,상해없음,보행자,남,7세,부상신고
2022071400100457,2022년 7월 14일 17시,목요일,인천광역시 중구 신흥동3가,경상사고,0,0,1,0,차대차 - 측면충돌,안전거리미확보,건조,맑음,단일로 - 지하차도(도로)내,화물,남,53세,상해없음,승용,남,36세,경상
2022071400100458,2022년 7월 14일 17시,목요일,인천광역시 계양구 작전동,경상사고,0,0,1,0,차대사람 - 차도통행중,안전운전불이행,건조,맑음,교차로 - 교차로안,승용,여,53세,상해없음,보행자,여,28세,경상
2022071400100501,2022년 7월 14일 18시,목요일,인천광역시 중구 중산동,경상사고,0,0,1,0,차대차 - 측면충돌,차로위반,건조,맑음,단일로 - 교량,승용,남,28세,상해없음,승용,여,45세,경상
2022071400100502,2022년 7월 14일 18시,목요일,인천광역시 부평구 산곡동,중상사고,0,1,0,0,차대차 - 기타,안전운전불이행,건조,맑음,단일로 - 기타,승용,여,46세,상해없음,이륜,남,32세,중상
2022071400100503,2022년 7월 14일 18시,목요일,인천광역시 서구 가좌동,중상사고,0,1,1,0,차대차 - 측면충돌,교차로운행방법위반,건조,맑음,교차로 - 교차로부근,원동기,남,71세,중상,승용,여,52세,경상
2022071400100504,2022년 7월 14일 18시,목요일,인천광역시 부평구 삼산동,경상사고,0,0,1,0,차대사람 - 기타,안전운전불이행,건조,맑음,단일로 - 기타,승용,남,38세,상해없음,보행자,남,27세,경상
2022071400100505,2022년 7월 14일 18시,목요일,인천광역시 남동구 고잔동,경상사고,0,0,1,0,차대차 - 측면충돌,신호위반,건조,맑음,교차로 - 교차로안,승용,여,26세,상해없음,승용,여,47세,경상
2022071400100584,2022년 7월 14일 20시,목요일,인천광역시 중구 중산동,중상사고,0,1,0,0,차대차 - 측면충돌,안전운전불이행,건조,맑음,교차로 - 교차로부근,화물,남,70세,상해없음,자전거,여,73세,중상
2022071400100585,2022년 7월 14일 20시,목요일,인천광역시 미추홀구 관교동,경상사고,0,0,1,1,차대차 - 측면충돌,안전운전불이행,건조,맑음,기타 - 기타,승용,남,52세,상해없음,승용,남,34세,경상
2022071400100613,2022년 7월 14일 21시,목요일,인천광역시 남동구 논현동,경상사고,0,0,1,0,차대차 - 정면충돌,신호위반,건조,맑음,교차로 - 교차로안,승용,남,39세,상해없음,승용,남,54세,경상
2022071400100614,2022년 7월 14일 21시,목요일,인천광역시 남동구 서창동,경상사고,0,0,1,0,차대사람 - 길가장자리구역통행중,안전운전불이행,건조,맑음,단일로 - 지하차도(도로)내,승용,여,33세,상해없음,보행자,여,23세,경상
2022071400100651,2022년 7월 14일 23시,목요일,인천광역시 남동구 구월동,중상사고,0,1,1,0,차대차 - 추돌,안전운전불이행,건조,맑음,단일로 - 기타,승용,여,35세,상해없음,승용,남,50세,중상
2022071500100046,2022년 7월 15일 06시,금요일,인천광역시 서구 가정동,경상사고,0,0,2,0,차대차 - 측면충돌,신호위반,건조,맑음,단일로 - 기타,승용,남,55세,상해없음,승용,남,27세,경상
2022071500100047,2022년 7월 15일 06시,금요일,인천광역시 계양구 효성동,중상사고,0,1,0,0,차대차 - 기타,안전운전불이행,건조,맑음,교차로 - 교차로안,승용,남,27세,상해없음,이륜,남,36세,중상
2022071500100139,2022년 7월 15일 09시,금요일,인천광역시 부평구 십정동,경상사고,0,0,1,0,차대차 - 측면충돌,신호위반,건조,맑음,교차로 - 교차로부근,승용,남,36세,상해없음,승용,남,41세,경상
2022071500100140,2022년 7월 15일 09시,금요일,인천광역시 남동구 구월동,경상사고,0,0,1,0,차대사람 - 차도통행중,안전운전불이행,건조,맑음,단일로 - 기타,화물,남,33세,상해없음,보행자,여,59세,경상
2022071500100168,2022년 7월 15일 10시,금요일,인천광역시 서구 오류동,중상사고,0,1,0,0,차대차 - 정면충돌,신호위반,건조,맑음,교차로 - 교차로안,승용,남,60세,상해없음,화물,남,66세,중상
2022071500100262,2022년 7월 15일 13시,금요일,인천광역시 중구 신흥동3가,경상사고,0,0,2,0,차대차 - 측면충돌,차로위반,건조,맑음,교차로 - 교차로부근,승용,남,72세,상해없음,승용,여,26세,경상
2022071500100263,2022년 7월 15일 13시,금요일,인천광역시 서구 경서동,경상사고,0,0,1,0,차대차 - 측면충돌,안전운전불이행,건조,맑음,단일로 - 기타,건설기계,남,60세,상해없음,승용,남,61세,경상
2022071500100372,2022년 7월 15일 16시,금요일,인천광역시 중구 운남동,중상사고,0,1,0,0,차대차 - 측면충돌,보행자보호의무위반,건조,맑음,교차로 - 교차로횡단보도내,승용,여,38세,상해없음,자전거,남,7세,중상
2022071500100373,2022년 7월 15일 16시,금요일,인천광역시 서구 신현동,경상사고,0,0,1,0,차대사람 - 기타,안전운전불이행,건조,맑음,기타 - 기타,자전거,남,17세,상해없음,보행자,여,63세,경상
2022071500100375,2022년 7월 15일 16시,금요일,인천광역시 연수구 선학동,경상사고,0,0,3,0,차대차 - 측면충돌,안전운전불이행,건조,맑음,단일로 - 기타,승용,남,53세,경상,승합,남,41세,경상
2022071500100431,2022년 7월 15일 17시,금요일,인천광역시 서구 가정동,경상사고,0,0,2,0,차대차 - 추돌,안전운전불이행,건조,맑음,기타 - 기타,승용,여,57세,상해없음,승용,남,30세,경상
2022071500100526,2022년 7월 15일 19시,금요일,인천광역시 미추홀구 주안동,경상사고,0,0,1,0,차대차 - 추돌,안전운전불이행,건조,맑음,단일로 - 기타,기타불명,기타불명,미분류,기타불명,승용,여,50세,경상
2022071500100527,2022년 7월 15일 19시,금요일,인천광역시 부평구 구산동,중상사고,0,1,0,0,차대차 - 기타,안전운전불이행,건조,맑음,교차로 - 교차로안,승용,여,44세,상해없음,자전거,남,47세,중상
2022071500100567,2022년 7월 15일 20시,금요일,인천광역시 미추홀구 주안동,경상사고,0,0,2,0,차대차 - 기타,안전운전불이행,건조,맑음,단일로 - 기타,승용,남,40세,기타불명,승용,남,32세,경상
2022071500100568,2022년 7월 15일 20시,금요일,인천광역시 부평구 부평동,중상사고,0,1,0,0,차대사람 - 횡단중,안전운전불이행,건조,맑음,교차로 - 교차로안,이륜,남,30세,상해없음,보행자,여,80세,중상
2022071500100569,2022년 7월 15일 20시,금요일,인천광역시 남동구 구월동,경상사고,0,0,1,0,차대차 - 측면충돌,신호위반,건조,맑음,단일로 - 고가도로위,승용,남,32세,상해없음,이륜,남,27세,경상
2022071500100602,2022년 7월 15일 21시,금요일,인천광역시 미추홀구 주안동,부상신고사고,0,0,0,1,차대차 - 기타,안전거리미확보,건조,맑음,단일로 - 기타,개인형이동수단(PM),여,23세,부상신고,승용,여,33세,상해없음
2022071500100603,2022년 7월 15일 21시,금요일,인천광역시 부평구 부평동,경상사고,0,0,1,0,차대차 - 측면충돌,신호위반,건조,맑음,교차로 - 교차로부근,승용,남,44세,상해없음,승용,남,25세,경상
2022071500100604,2022년 7월 15일 21시,금요일,인천광역시 남동구 구월동,경상사고,0,0,1,0,차대사람 - 기타,안전운전불이행,건조,맑음,단일로 - 기타,승용,남,48세,상해없음,보행자,여,57세,경상
2022071500100605,2022년 7월 15일 21시,금요일,인천광역시 연수구 옥련동,중상사고,0,1,0,0,차대사람 - 차도통행중,안전운전불이행,건조,맑음,단일로 - 기타,승용,남,40세,상해없음,보행자,여,66세,중상
2022071500100606,2022년 7월 15일 21시,금요일,인천광역시 남동구 논현동,경상사고,0,0,2,0,차대차 - 추돌,안전운전불이행,건조,맑음,단일로 - 기타,승용,남,46세,상해없음,승용,남,59세,경상
2022071500100633,2022년 7월 15일 22시,금요일,인천광역시 부평구 갈산동,경상사고,0,0,1,0,차대차 - 측면충돌,신호위반,건조,맑음,교차로 - 교차로안,이륜,남,16세,상해없음,승용,남,65세,경상
2022071500100654,2022년 7월 15일 23시,금요일,인천광역시 부평구 십정동,중상사고,0,1,0,0,차대사람 - 차도통행중,안전운전불이행,건조,맑음,교차로 - 교차로부근,이륜,남,38세,상해없음,보행자,여,22세,중상
2022071500100655,2022년 7월 15일 23시,금요일,인천광역시 서구 마전동,중상사고,0,1,0,0,차대차 - 추돌,안전운전불이행,건조,맑음,단일로 - 기타,승용,남,28세,상해없음,승용,여,56세,중상
2022071500100656,2022년 7월 15일 23시,금요일,인천광역시 연수구 송도동,경상사고,0,0,2,0,차대차 - 추돌,안전운전불이행,건조,맑음,단일로 - 지하차도(도로)내,승용,여,40세,상해없음,승용,여,31세,경상
2022071500100657,2022년 7월 15일 23시,금요일,인천광역시 서구 시천동,경상사고,0,0,1,0,차대차 - 추돌,안전운전불이행,건조,맑음,단일로 - 기타,화물,남,55세,기타불명,승용,남,27세,경상
2022071600100062,2022년 7월 16일 05시,토요일,인천광역시 부평구 십정동,부상신고사고,0,0,0,1,차대사람 - 기타,안전운전불이행,건조,맑음,교차로 - 교차로부근,승용,남,47세,상해없음,보행자,남,24세,부상신고
2022071600100095,2022년 7월 16일 08시,토요일,인천광역시 중구 운서동,중상사고,0,1,0,0,차대사람 - 횡단중,안전운전불이행,건조,맑음,단일로 - 기타,승합,남,44세,상해없음,보행자,여,67세,중상
2022071600100147,2022년 7월 16일 10시,토요일,인천광역시 부평구 산곡동,경상사고,0,0,1,0,차대차 - 측면충돌,안전운전불이행,건조,맑음,교차로 - 교차로부근,승용,여,26세,상해없음,승합,남,65세,상해없음
2022071600100148,2022년 7월 16일 10시,토요일,인천광역시 연수구 청학동,경상사고,0,0,1,0,차대사람 - 보도통행중,안전운전불이행,건조,맑음,단일로 - 기타,자전거,남,70세,경상,보행자,남,68세,상해없음
2022071600100149,2022년 7월 16일 10시,토요일,인천광역시 남동구 고잔동,경상사고,0,0,1,0,차대차 - 측면충돌,신호위반,건조,맑음,기타 - 기타,특수,남,53세,상해없음,승용,남,63세,경상
2022071600100178,2022년 7월 16일 11시,토요일,인천광역시 미추홀구 주안동,경상사고,0,0,1,0,차대차 - 추돌,안전운전불이행,건조,맑음,교차로 - 교차로부근,승용,남,26세,상해없음,승용,여,33세,경상
2022071600100285,2022년 7월 16일 14시,토요일,인천광역시 부평구 부개동,중상사고,0,1,0,0,차대차 - 측면충돌,안전운전불이행,건조,맑음,기타 - 기타,건설기계,남,47세,상해없음,이륜,남,42세,중상
2022071600100322,2022년 7월 16일 15시,토요일,인천광역시 부평구 부평동,경상사고,0,0,1,0,차대차 - 정면충돌,중앙선침범,건조,맑음,교차로 - 교차로안,이륜,남,41세,상해없음,승용,남,48세,경상
2022071600100364,2022년 7월 16일 16시,토요일,인천광역시 부평구 십정동,경상사고,0,0,1,0,차대차 - 추돌,안전거리미확보,건조,맑음,교차로 - 교차로부근,이륜,남,33세,경상,승용,남,39세,상해없음
2022071600100365,2022년 7월 16일 16시,토요일,인천광역시 연수구 동춘동,경상사고,0,0,2,0,차대차 - 측면충돌,안전운전불이행,건조,맑음,단일로 - 기타,특수,남,48세,상해없음,승용,남,71세,경상
2022071600100366,2022년 7월 16일 16시,토요일,인천광역시 남동구 만수동,경상사고,0,0,1,0,차대차 - 추돌,안전운전불이행,건조,맑음,교차로 - 교차로부근,승용,남,48세,상해없음,승용,여,42세,경상
2022071600100432,2022년 7월 16일 18시,토요일,인천광역시 미추홀구 주안동,중상사고,0,1,0,0,차대차 - 측면충돌,기타,건조,맑음,단일로 - 기타,승용,남,45세,상해없음,개인형이동수단(PM),남,16세,상해없음
2022071600100459,2022년 7월 16일 19시,토요일,인천광역시 중구 항동7가,경상사고,0,0,1,0,차대차 - 측면충돌,안전운전불이행,건조,맑음,단일로 - 교량,승용,여,68세,상해없음,승용,남,65세,경상
2022071600100460,2022년 7월 16일 19시,토요일,인천광역시 미추홀구 용현동,경상사고,0,0,1,0,차대차 - 정면충돌,중앙선침범,건조,맑음,단일로 - 지하차도(도로)내,승용,남,69세,상해없음,이륜,남,24세,경상
2022071600100486,2022년 7월 16일 20시,토요일,인천광역시 미추홀구 용현동,중상사고,0,1,0,0,차대차 - 측면충돌,안전운전불이행,건조,맑음,단일로 - 기타,승용,남,19세,상해없음,승용,여,52세,중상
2022071600100509,2022년 7월 16일 21시,토요일,인천광역시 미추홀구 주안동,경상사고,0,0,1,0,차대차 - 기타,안전운전불이행,건조,맑음,교차로 - 교차로안,승용,남,34세,상해없음,승용,남,51세,경상
2022071600100510,2022년 7월 16일 21시,토요일,인천광역시 남동구 만수동,경상사고,0,0,2,0,차대차 - 기타,안전운전불이행,건조,맑음,단일로 - 기타,승용,남,70세,상해없음,승용,남,63세,경상
2022071700100008,2022년 7월 17일 00시,일요일,인천광역시 계양구 병방동,경상사고,0,0,2,0,차대차 - 기타,안전운전불이행,건조,맑음,기타 - 기타,기타불명,기타불명,미분류,기타불명,승용,여,27세,경상
2022071700100009,2022년 7월 17일 00시,일요일,인천광역시 부평구 부평동,경상사고,0,0,1,0,차대사람 - 기타,안전운전불이행,건조,맑음,단일로 - 기타,승용,남,20세,상해없음,보행자,여,33세,경상
2022071700100021,2022년 7월 17일 01시,일요일,인천광역시 연수구 청학동,중상사고,0,1,0,1,차대차 - 측면충돌,신호위반,건조,맑음,교차로 - 교차로안,이륜,남,42세,부상신고,이륜,남,19세,중상
2022071700100044,2022년 7월 17일 03시,일요일,인천광역시 서구 심곡동,경상사고,0,0,1,0,차대사람 - 횡단중,안전운전불이행,건조,맑음,단일로 - 기타,승용,남,22세,상해없음,보행자,남,27세,경상
2022071700100160,2022년 7월 17일 12시,일요일,인천광역시 남동구 만수동,경상사고,0,0,1,0,차대차 - 측면충돌,안전거리미확보,건조,맑음,단일로 - 지하차도(도로)내,승용,남,61세,상해없음,승용,여,37세,경상
2022071700100190,2022년 7월 17일 13시,일요일,인천광역시 미추홀구 주안동,부상신고사고,0,0,0,1,차대차 - 측면충돌,안전운전불이행,건조,맑음,단일로 - 기타,승용,남,73세,기타불명,승용,남,20세,부상신고
2022071700100217,2022년 7월 17일 14시,일요일,인천광역시 남동구 만수동,중상사고,0,1,1,1,차대차 - 측면충돌,안전운전불이행,건조,맑음,교차로 - 교차로안,승용,남,24세,상해없음,승용,여,57세,경상
2022071700100247,2022년 7월 17일 15시,일요일,인천광역시 미추홀구 주안동,중상사고,0,1,0,0,차대차 - 측면충돌,교차로운행방법위반,건조,맑음,교차로 - 교차로부근,승용,남,46세,상해없음,이륜,남,27세,중상
2022071700100315,2022년 7월 17일 17시,일요일,인천광역시 남동구 고잔동,경상사고,0,0,2,0,차대차 - 측면충돌,차로위반,건조,맑음,단일로 - 지하차도(도로)내,승용,여,34세,상해없음,승용,남,34세,경상
2022071700100316,2022년 7월 17일 17시,일요일,인천광역시 남동구 장수동,중상사고,0,1,0,0,차대차 - 측면충돌,안전운전불이행,건조,맑음,교차로 - 교차로횡단보도내,승용,남,61세,상해없음,자전거,여,34세,중상
2022071700100396,2022년 7월 17일 20시,일요일,인천광역시 연수구 청학동,경상사고,0,0,2,0,차량단독 - 기타,안전운전불이행,건조,흐림,교차로 - 교차로안,승용,남,55세,상해없음,,,,
2022071800100114,2022년 7월 18일 08시,월요일,인천광역시 남동구 간석동,중상사고,0,1,0,0,차대사람 - 기타,안전운전불이행,건조,맑음,단일로 - 기타,승용,여,63세,상해없음,보행자,남,67세,중상
2022071800100145,2022년 7월 18일 09시,월요일,인천광역시 동구 송현동,경상사고,0,0,1,0,차대사람 - 횡단중,보행자보호의무위반,건조,맑음,교차로 - 교차로횡단보도내,승용,남,76세,상해없음,보행자,여,72세,경상
2022071800100146,2022년 7월 18일 09시,월요일,인천광역시 남동구 간석동,경상사고,0,0,1,0,차대차 - 측면충돌,안전운전불이행,건조,맑음,교차로 - 교차로안,승용,여,64세,상해없음,승용,남,31세,경상
2022071800100219,2022년 7월 18일 11시,월요일,인천광역시 연수구 동춘동,중상사고,0,1,0,0,차대사람 - 기타,안전운전불이행,건조,맑음,단일로 - 기타,기타불명,기타불명,미분류,기타불명,보행자,남,50세,중상
2022071800100220,2022년 7월 18일 11시,월요일,인천광역시 남동구 논현동,경상사고,0,0,1,0,차대차 - 추돌,안전거리미확보,건조,맑음,교차로 - 교차로부근,이륜,남,22세,기타불명,승용,남,35세,경상
2022071800100252,2022년 7월 18일 12시,월요일,인천광역시 미추홀구 도화동,경상사고,0,0,2,0,차대차 - 기타,안전운전불이행,건조,맑음,단일로 - 기타,승용,남,33세,기타불명,승용,남,61세,상해없음
2022071800100253,2022년 7월 18일 12시,월요일,인천광역시 강화군 내가면,경상사고,0,0,1,0,차대차 - 정면충돌,중앙선침범,건조,맑음,단일로 - 지하차도(도로)내,승용,여,70세,상해없음,승용,남,29세,경상
2022071800100318,2022년 7월 18일 14시,월요일,인천광역시 강화군 하점면,경상사고,0,0,2,0,차대차 - 측면충돌,안전운전불이행,건조,맑음,교차로 - 교차로안,승용,남,25세,상해없음,승합,남,63세,경상
2022071800100383,2022년 7월 18일 16시,월요일,인천광역시 중구 을왕동,경상사고,0,0,1,0,차대차 - 측면충돌,안전운전불이행,건조,맑음,교차로 - 교차로안,승용,여,21세,상해없음,승용,남,62세,경상
2022071800100423,2022년 7월 18일 17시,월요일,인천광역시 미추홀구 도화동,경상사고,0,0,2,0,차대차 - 측면충돌,안전거리미확보,건조,맑음,교차로 - 교차로안,승용,여,45세,기타불명,승용,남,29세,경상
2022071800100493,2022년 7월 18일 19시,월요일,인천광역시 부평구 십정동,경상사고,0,0,1,0,차대사람 - 길가장자리구역통행중,안전운전불이행,건조,맑음,단일로 - 기타,화물,남,62세,상해없음,보행자,남,42세,경상
2022071800100525,2022년 7월 18일 20시,월요일,인천광역시 미추홀구 주안동,경상사고,0,0,1,0,차대차 - 측면충돌,신호위반,건조,맑음,교차로 - 교차로안,승용,남,56세,상해없음,이륜,남,23세,경상
2022071800100554,2022년 7월 18일 21시,월요일,인천광역시 남동구 구월동,경상사고,0,0,2,0,차대차 - 추돌,안전운전불이행,건조,맑음,교차로 - 교차로부근,승용,여,64세,기타불명,승용,남,28세,경상
2022071800100555,2022년 7월 18일 21시,월요일,인천광역시 부평구 갈산동,경상사고,0,0,1,0,차대사람 - 횡단중,안전운전불이행,건조,맑음,단일로 - 터널,화물,남,75세,기타불명,보행자,여,54세,경상
2022071900100022,2022년 7월 19일 01시,화요일,인천광역시 미추홀구 문학동,부상신고사고,0,0,0,1,차대사람 - 기타,안전운전불이행,건조,맑음,기타 - 기타,승용,남,32세,상해없음,보행자,여,26세,부상신고
2022071900100031,2022년 7월 19일 04시,화요일,인천광역시 서구 검암동,경상사고,0,0,2,0,차대차 - 측면충돌,안전운전불이행,건조,맑음,교차로 - 교차로부근,승용,남,62세,상해없음,승용,남,22세,경상
2022071900100072,2022년 7월 19일 07시,화요일,인천광역시 미추홀구 주안동,경상사고,0,0,1,0,차대차 - 측면충돌,신호위반,건조,맑음,교차로 - 교차로부근,승용,남,68세,상해없음,승용,남,80세,경상
2022071900100073,2022년 7월 19일 07시,화요일,인천광역시 남동구 만수동,경상사고,0,0,1,0,차대차 - 측면충돌,안전운전불이행,건조,맑음,단일로 - 기타,승용,남,24세,상해없음,승용,남,66세,경상
2022071900100117,2022년 7월 19일 08시,화요일,인천광역시 미추홀구 주안동,경상사고,0,0,1,0,차대사람 - 기타,안전운전불이행,건조,맑음,단일로 - 교량,승용,남,74세,상해없음,보행자,남,52세,경상
2022071900100118,2022년 7월 19일 08시,화요일,인천광역시 미추홀구 숭의동,중상사고,0,1,0,0,차대사람 - 횡단중,보행자보호의무위반,건조,맑음,교차로 - 교차로횡단보도내,개인형이동수단(PM),남,43세,중상,보행자,남,48세,상해없음
2022071900100141,2022년 7월 19일 09시,화요일,인천광역시 남동구 논현동,경상사고,0,0,1,0,차대차 - 측면충돌,교차로운행방법위반,건조,맑음,단일로 - 기타,승합,남,55세,상해없음,화물,남,47세,경상
2022071900100171,2022년 7월 19일 10시,화요일,인천광역시 계양구 작전동,경상사고,0,0,1,0,차대차 - 추돌,안전운전불이행,건조,맑음,단일로 - 기타,이륜,남,57세,상해없음,승용,여,41세,경상
2022071900100205,2022년 7월 19일 11시,화요일,인천광역시 부평구 갈산동,경상사고,0,0,3,0,차대차 - 기타,안전운전불이행,건조,맑음,교차로 - 교차로부근,승용,여,58세,상해없음,승용,여,25세,경상
2022071900100262,2022년 7월 19일 13시,화요일,인천광역시 서구 가정동,중상사고,0,1,0,0,차대차 - 측면충돌,신호위반,건조,맑음,교차로 - 교차로안,이륜,남,40세,상해없음,이륜,남,42세,중상
2022071900100292,2022년 7월 19일 14시,화요일,인천광역시 부평구 부평동,경상사고,0,0,1,0,차대차 - 측면충돌,안전운전불이행,건조,맑음,교차로 - 교차로부근,승용,여,30세,상해없음,승용,여,31세,경상
2022071900100293,2022년 7월 19일 14시,화요일,인천광역시 부평구 삼산동,경상사고,0,0,2,0,차대차 - 추돌,차로위반,건조,맑음,단일로 - 기타,화물,남,57세,상해없음,승용,남,32세,경상
2022071900100324,2022년 7월 19일 15시,화요일,인천광역시 미추홀구 학익동,경상사고,0,0,1,0,차대사람 - 기타,안전운전불이행,건조,맑음,단일로 - 기타,승합,남,65세,상해없음,보행자,여,45세,경상
2022071900100355,2022년 7월 19일 16시,화요일,인천광역시 미추홀구 주안동,경상사고,0,0,2,0,차대차 - 추돌,안전운전불이행,건조,맑음,교차로 - 교차로부근,승용,남,55세,상해없음,승용,남,36세,경상
2022071900100403,2022년 7월 19일 17시,화요일,인천광역시 미추홀구 숭의동,중상사고,0,1,0,0,차대차 - 기타,교차로운행방법위반,건조,맑음,교차로 - 교차로안,승용,여,46세,상해없음,원동기,남,70세,중상
2022071900100446,2022년 7월 19일 18시,화요일,인천광역시 중구 신흥동1가,중상사고,0,1,0,0,차대차 - 측면충돌,안전거리미확보,건조,맑음,단일로 - 교량,승용,남,51세,상해없음,승용,남,39세,중상
2022071900100474,2022년 7월 19일 19시,화요일,인천광역시 부평구 산곡동,중상사고,0,1,0,0,차대사람 - 보도통행중,기타,건조,맑음,교차로 - 교차로부근,자전거,남,18세,상해없음,보행자,여,75세,중상
2022071900100508,2022년 7월 19일 20시,화요일,인천광역시 서구 가정동,경상사고,0,0,1,0,차대차 - 기타,신호위반,건조,맑음,교차로 - 교차로안,기타불명,남,16세,상해없음,이륜,남,23세,경상
2022071900100509,2022년 7월 19일 20시,화요일,인천광역시 부평구 삼산동,경상사고,0,0,1,0,차대차 - 기타,안전운전불이행,기타,기타,단일로 - 기타,승용,여,35세,상해없음,이륜,남,27세,경상
2022071900100560,2022년 7월 19일 22시,화요일,인천광역시 미추홀구 용현동,부상신고사고,0,0,0,1,차대사람 - 기타,안전운전불이행,건조,맑음,기타 - 기타,기타불명,기타불명,미분류,기타불명,보행자,남,29세,부상신고
2022071900100579,2022년 7월 19일 23시,화요일,인천광역시 미추홀구 용현동,부상신고사고,0,0,0,1,차대사람 - 기타,안전운전불이행,건조,맑음,교차로 - 교차로부근,승용,남,29세,상해없음,보행자,남,26세,부상신고
2022071900100580,2022년 7월 19일 23시,화요일,인천광역시 서구 심곡동,중상사고,0,1,0,0,차대차 - 측면충돌,중앙선침범,건조,맑음,단일로 - 기타,승용,남,46세,상해없음,승용,남,23세,중상
2022072000100017,2022년 7월 20일 00시,수요일,인천광역시 남동구 논현동,중상사고,0,1,1,0,차대차 - 정면충돌,신호위반,건조,맑음,교차로 - 교차로안,화물,남,67세,기타불명,승용,남,65세,중상
2022072000100028,2022년 7월 20일 02시,수요일,인천광역시 연수구 송도동,경상사고,0,0,1,0,차대차 - 정면충돌,중앙선침범,건조,맑음,단일로 - 지하차도(도로)내,승용,남,40세,상해없음,화물,남,57세,경상
2022072000100070,2022년 7월 20일 07시,수요일,인천광역시 부평구 부평동,경상사고,0,0,1,0,차대차 - 측면충돌,차로위반,건조,흐림,교차로 - 교차로부근,화물,여,54세,상해없음,승용,남,32세,경상
2022072000100119,2022년 7월 20일 08시,수요일,인천광역시 서구 가좌동,중상사고,0,1,0,0,차대사람 - 기타,안전운전불이행,건조,맑음,단일로 - 기타,화물,남,56세,상해없음,보행자,여,88세,중상
2022072000100153,2022년 7월 20일 09시,수요일,인천광역시 부평구 부평동,경상사고,0,0,3,0,차대차 - 측면충돌,안전운전불이행,건조,맑음,교차로 - 교차로부근,승용,여,32세,상해없음,승용,남,23세,경상
2022072000100154,2022년 7월 20일 09시,수요일,인천광역시 부평구 일신동,경상사고,0,0,2,0,차대차 - 추돌,안전운전불이행,건조,맑음,단일로 - 교량,승용,남,38세,경상,승용,여,39세,경상
2022072000100182,2022년 7월 20일 10시,수요일,인천광역시 남동구 구월동,경상사고,0,0,3,1,차대차 - 측면충돌,안전운전불이행,건조,맑음,단일로 - 기타,이륜,남,42세,부상신고,승용,남,49세,경상
2022072000100216,2022년 7월 20일 11시,수요일,인천광역시 부평구 십정동,경상사고,0,0,2,0,차대차 - 측면충돌,안전운전불이행,건조,맑음,교차로 - 교차로부근,승용,여,53세,상해없음,승용,남,33세,경상