사고번호,사고일시,요일,시군구,사고내용,사망자수,중상자수,경상자수,부상신고자수,사고유형,법규위반,노면상태,기상상태,도로형태,가해운전자 차종,가해운전자 성별,가해운전자 연령,가해운전자 상해정도,피해운전자 차종,피해운전자 성별,피해운전자 연령,피해운전자 상해정도
2022073100100416,2022년 7월 31일 21시,일요일,인천광역시 미추홀구 문학동,경상사고,0,0,3,0,차대차 - 추돌,안전운전불이행,젖음/습기,비,교차로 - 교차로부근,승용,남,28세,상해없음,승용,남,43세,경상
2022073100100441,2022년 7월 31일 22시,일요일,인천광역시 부평구 청천동,중상사고,0,1,0,0,차대차 - 측면충돌,안전운전불이행,건조,맑음,교차로 - 교차로안,승용,남,53세,상해없음,이륜,남,27세,중상
2022073100100462,2022년 7월 31일 23시,일요일,인천광역시 부평구 청천동,경상사고,0,0,1,0,차대차 - 측면충돌,신호위반,젖음/습기,비,교차로 - 교차로부근,이륜,남,17세,상해없음,승용,남,61세,경상
2022073100100463,2022년 7월 31일 23시,일요일,인천광역시 남동구 도림동,경상사고,0,0,1,0,차대차 - 추돌,안전운전불이행,젖음/습기,비,교차로 - 교차로부근,승용,남,33세,상해없음,승용,남,42세,경상
2022080100100008,2022년 8월 1일 00시,월요일,인천광역시 서구 경서동,경상사고,0,0,1,0,차대차 - 측면충돌,기타,젖음/습기,비,단일로 - 기타,승용,여,35세,상해없음,화물,남,66세,경상
2022080100100018,2022년 8월 1일 01시,월요일,인천광역시 부평구 일신동,경상사고,0,0,2,0,차대차 - 측면충돌,안전운전불이행,젖음/습기,비,교차로 - 교차로안,승용,남,31세,상해없음,승용,남,53세,경상
2022080100100026,2022년 8월 1일 03시,월요일,인천광역시 연수구 연수동,경상사고,0,0,1,0,차대차 - 추돌,안전운전불이행,젖음/습기,비,교차로 - 교차로부근,이륜,남,21세,상해없음,승용,여,55세,경상
2022080100100038,2022년 8월 1일 05시,월요일,인천광역시 부평구 부평동,경상사고,0,0,1,0,차대차 - 기타,안전운전불이행,기타,기타,단일로 - 기타,승용,남,66세,상해없음,이륜,남,28세,경상
2022080100100096,2022년 8월 1일 08시,월요일,인천광역시 옹진군 자월면,중상사고,0,1,0,0,차대차 - 정면충돌,중앙선침범,건조,맑음,단일로 - 기타,화물,여,55세,기타불명,건설기계,남,59세,중상
2022080100100169,2022년 8월 1일 11시,월요일,인천광역시 중구 운서동,경상사고,0,0,1,0,차대사람 - 횡단중,보행자보호의무위반,건조,맑음,교차로 - 교차로안,화물,남,63세,상해없음,보행자,여,18세,경상
2022080100100170,2022년 8월 1일 11시,월요일,인천광역시 미추홀구 용현동,중상사고,0,1,0,0,차대사람 - 횡단중,안전운전불이행,건조,맑음,단일로 - 기타,화물,남,67세,상해없음,보행자,남,70세,중상
2022080100100202,2022년 8월 1일 12시,월요일,인천광역시 부평구 십정동,경상사고,0,0,2,0,차대차 - 측면충돌,안전운전불이행,건조,맑음,교차로 - 교차로부근,승용,여,54세,상해없음,승용,남,63세,경상
2022080100100203,2022년 8월 1일 12시,월요일,인천광역시 남동구 만수동,경상사고,0,0,1,0,차대차 - 추돌,안전운전불이행,건조,맑음,교차로 - 교차로부근,승용,여,62세,상해없음,승용,남,31세,경상
2022080100100234,2022년 8월 1일 13시,월요일,인천광역시 중구 항동7가,경상사고,0,0,2,0,차대차 - 후진중충돌,안전운전불이행,건조,맑음,단일로 - 교량,승용,여,48세,상해없음,승용,남,26세,경상
2022080100100324,2022년 8월 1일 16시,월요일,인천광역시 동구 만석동,경상사고,0,0,3,0,차대차 - 측면충돌,교차로운행방법위반,건조,맑음,교차로 - 교차로안,승용,여,29세,경상,승용,남,33세,경상
2022080100100405,2022년 8월 1일 18시,월요일,인천광역시 미추홀구 주안동,경상사고,0,0,1,0,차대차 - 측면충돌,안전거리미확보,건조,맑음,교차로 - 교차로안,승용,남,75세,상해없음,승용,여,27세,경상
2022080100100432,2022년 8월 1일 19시,월요일,인천광역시 미추홀구 학익동,경상사고,0,0,1,0,차대차 - 측면충돌,신호위반,건조,맑음,교차로 - 교차로안,승용,남,65세,상해없음,이륜,남,37세,경상
2022080100100453,2022년 8월 1일 20시,월요일,인천광역시 남동구 논현동,경상사고,0,0,2,0,차대차 - 추돌,안전운전불이행,건조,맑음,교차로 - 교차로부근,승용,남,28세,상해없음,승용,여,33세,경상
2022080100100480,2022년 8월 1일 21시,월요일,인천광역시 미추홀구 주안동,경상사고,0,0,1,0,차대차 - 측면충돌,안전운전불이행,건조,맑음,교차로 - 교차로안,승용,남,30세,상해없음,승용,남,29세,경상
2022080100100519,2022년 8월 1일 23시,월요일,인천광역시 계양구 작전동,경상사고,0,0,1,0,차대차 - 기타,신호위반,젖음/습기,비,단일로 - 기타,승용,남,47세,상해없음,이륜,남,21세,경상
2022080200100014,2022년 8월 2일 00시,화요일,인천광역시 연수구 송도동,경상사고,0,0,2,0,차대차 - 추돌,안전운전불이행,젖음/습기,비,교차로 - 교차로부근,승용,남,28세,상해없음,승용,남,23세,경상
2022080200100026,2022년 8월 2일 01시,화요일,인천광역시 남동구 만수동,중상사고,0,1,0,0,차대차 - 추돌,안전운전불이행,젖음/습기,비,단일로 - 기타,승용,여,43세,상해없음,이륜,남,44세,중상
2022080200100027,2022년 8월 2일 01시,화요일,인천광역시 남동구 남촌동,경상사고,0,0,2,0,차대차 - 정면충돌,중앙선침범,젖음/습기,비,단일로 - 고가도로위,승용,남,32세,상해없음,승용,여,25세,경상
2022080200100039,2022년 8월 2일 02시,화요일,인천광역시 남동구 남촌동,중상사고,0,1,0,0,차대차 - 추돌,안전운전불이행,젖음/습기,비,교차로 - 교차로부근,승용,남,30세,상해없음,이륜,남,39세,중상
2022080200100043,2022년 8월 2일 03시,화요일,인천광역시 미추홀구 학익동,경상사고,0,0,1,0,차대차 - 기타,안전운전불이행,젖음/습기,비,교차로 - 교차로부근,승합,남,60세,상해없음,승용,남,61세,경상
2022080200100044,2022년 8월 2일 03시,화요일,인천광역시 부평구 일신동,경상사고,0,0,3,0,차대차 - 측면충돌,안전운전불이행,젖음/습기,비,단일로 - 교량,화물,남,66세,상해없음,승용,남,55세,경상
2022080200100049,2022년 8월 2일 04시,화요일,인천광역시 서구 오류동,경상사고,0,0,9,0,차대차 - 측면충돌,신호위반,젖음/습기,흐림,교차로 - 교차로안,승합,남,72세,상해없음,승용,남,64세,경상
2022080200100066,2022년 8월 2일 06시,화요일,인천광역시 연수구 동춘동,경상사고,0,0,1,0,차대차 - 추돌,안전운전불이행,젖음/습기,비,교차로 - 교차로부근,승합,남,39세,상해없음,승용,남,63세,경상
2022080200100077,2022년 8월 2일 07시,화요일,인천광역시 서구 백석동,사망사고,1,0,4,0,차대차 - 정면충돌,중앙선침범,젖음/습기,비,기타 - 기타,화물,남,62세,상해없음,승합,남,66세,사망
2022080200100103,2022년 8월 2일 08시,화요일,인천광역시 부평구 일신동,중상사고,0,2,0,0,차대차 - 기타,기타,젖음/습기,비,단일로 - 기타,승용,남,42세,상해없음,화물,남,61세,중상
2022080200100128,2022년 8월 2일 09시,화요일,인천광역시 미추홀구 도화동,경상사고,0,0,2,0,차대차 - 측면충돌,안전운전불이행,건조,맑음,교차로 - 교차로부근,승용,남,24세,상해없음,승용,남,23세,경상
2022080200100221,2022년 8월 2일 12시,화요일,인천광역시 서구 가좌동,경상사고,0,0,2,0,차대차 - 기타,안전운전불이행,건조,맑음,기타 - 기타,화물,남,69세,상해없음,승용,여,59세,경상
2022080200100258,2022년 8월 2일 13시,화요일,인천광역시 서구 검암동,중상사고,0,1,0,0,차대차 - 측면충돌,안전거리미확보,젖음/습기,비,교차로 - 교차로안,승용,여,47세,상해없음,승용,여,45세,중상
2022080200100259,2022년 8월 2일 13시,화요일,인천광역시 계양구 작전동,경상사고,0,0,1,0,차대사람 - 기타,안전운전불이행,건조,맑음,기타 - 기타,기타불명,기타불명,미분류,기타불명,보행자,여,16세,경상
2022080200100293,2022년 8월 2일 14시,화요일,인천광역시 계양구 계산동,중상사고,0,1,0,0,차대차 - 기타,신호위반,건조,맑음,교차로 - 교차로안,승용,남,28세,상해없음,이륜,남,30세,중상
2022080200100320,2022년 8월 2일 15시,화요일,인천광역시 부평구 청천동,경상사고,0,0,1,0,차대차 - 추돌,안전운전불이행,젖음/습기,비,단일로 - 기타,승용,남,54세,상해없음,승용,남,52세,경상
2022080200100350,2022년 8월 2일 16시,화요일,인천광역시 계양구 작전동,경상사고,0,0,2,0,차대차 - 측면충돌,교차로운행방법위반,건조,맑음,교차로 - 교차로안,화물,남,37세,경상,승용,여,59세,경상
2022080200100351,2022년 8월 2일 16시,화요일,인천광역시 계양구 박촌동,경상사고,0,0,1,0,차대차 - 측면충돌,안전운전불이행,건조,맑음,교차로 - 교차로부근,화물,남,69세,상해없음,승용,남,39세,경상
2022080200100434,2022년 8월 2일 18시,화요일,인천광역시 남동구 간석동,경상사고,0,0,2,0,차대차 - 후진중충돌,안전운전불이행,건조,맑음,교차로 - 교차로안,승용,남,56세,상해없음,승용,남,26세,경상
2022080200100435,2022년 8월 2일 18시,화요일,인천광역시 강화군 강화읍,경상사고,0,0,1,0,차대차 - 측면충돌,안전운전불이행,젖음/습기,비,단일로 - 지하차도(도로)내,화물,남,19세,상해없음,화물,남,46세,상해없음
2022080200100436,2022년 8월 2일 18시,화요일,인천광역시 연수구 송도동,경상사고,0,0,1,0,차대차 - 측면충돌,안전운전불이행,젖음/습기,비,단일로 - 지하차도(도로)내,승용,여,45세,상해없음,승용,여,46세,경상
2022080200100475,2022년 8월 2일 20시,화요일,인천광역시 남동구 논현동,경상사고,0,0,1,0,차대사람 - 횡단중,안전운전불이행,젖음/습기,비,기타 - 기타,이륜,남,35세,상해없음,보행자,남,40세,경상
2022080200100523,2022년 8월 2일 22시,화요일,인천광역시 연수구 동춘동,경상사고,0,0,1,0,차대차 - 후진중충돌,중앙선침범,젖음/습기,비,단일로 - 기타,승용,남,54세,상해없음,승용,남,41세,경상
2022080200100536,2022년 8월 2일 23시,화요일,인천광역시 남동구 논현동,부상신고사고,0,0,0,1,차대차 - 후진중충돌,안전운전불이행,젖음/습기,비,단일로 - 기타,승용,남,21세,상해없음,화물,남,48세,부상신고
2022080200100537,2022년 8월 2일 23시,화요일,인천광역시 남동구 도림동,경상사고,0,0,3,0,차대차 - 측면충돌,안전거리미확보,젖음/습기,비,교차로 - 교차로안,승용,남,24세,상해없음,승용,남,27세,경상
2022080300100014,2022년 8월 3일 00시,수요일,인천광역시 중구 내동,경상사고,0,0,1,0,차대사람 - 기타,안전운전불이행,기타,맑음,교차로 - 교차로부근,승용,남,67세,상해없음,보행자,남,59세,경상
2022080300100015,2022년 8월 3일 00시,수요일,인천광역시 미추홀구 주안동,경상사고,0,0,1,0,차대차 - 측면충돌,중앙선침범,젖음/습기,흐림,교차로 - 교차로안,화물,남,33세,상해없음,승용,남,21세,경상
2022080300100016,2022년 8월 3일 00시,수요일,인천광역시 남동구 남촌동,경상사고,0,0,1,0,차대차 - 측면충돌,신호위반,젖음/습기,비,교차로 - 교차로안,승용,남,37세,상해없음,승용,남,54세,경상
2022080300100038,2022년 8월 3일 02시,수요일,인천광역시 부평구 청천동,중상사고,0,1,0,0,차량단독 - 공작물충돌,안전운전불이행,젖음/습기,비,단일로 - 기타,승용,남,28세,중상,,,,
2022080300100061,2022년 8월 3일 05시,수요일,인천광역시 부평구 일신동,경상사고,0,0,5,0,차대차 - 추돌,안전운전불이행,젖음/습기,비,단일로 - 교량,승용,남,63세,상해없음,승용,남,39세,경상
2022080300100072,2022년 8월 3일 06시,수요일,인천광역시 부평구 부평동,경상사고,0,0,1,0,차대차 - 기타,안전운전불이행,건조,맑음,교차로 - 교차로안,승용,남,65세,상해없음,승용,남,50세,경상
2022080300100073,2022년 8월 3일 06시,수요일,인천광역시 연수구 송도동,경상사고,0,0,1,0,차대차 - 측면충돌,안전거리미확보,건조,맑음,교차로 - 교차로부근,승합,남,56세,상해없음,승용,남,52세,경상
2022080300100074,2022년 8월 3일 06시,수요일,인천광역시 부평구 부개동,경상사고,0,0,1,0,차대차 - 측면충돌,안전거리미확보,젖음/습기,비,단일로 - 기타,승용,여,52세,상해없음,승용,여,33세,경상
2022080300100117,2022년 8월 3일 08시,수요일,인천광역시 동구 송림동,중상사고,0,1,0,0,차대차 - 정면충돌,신호위반,건조,맑음,교차로 - 교차로부근,승용,여,37세,기타불명,승용,남,75세,중상
2022080300100118,2022년 8월 3일 08시,수요일,인천광역시 미추홀구 주안동,사망사고,1,0,1,0,차대차 - 측면충돌,신호위반,젖음/습기,비,단일로 - 기타,승용,남,60세,상해없음,승용,남,55세,사망
2022080300100119,2022년 8월 3일 08시,수요일,인천광역시 미추홀구 도화동,경상사고,0,0,1,0,차대차 - 측면충돌,안전거리미확보,건조,맑음,단일로 - 기타,승용,남,68세,상해없음,승용,남,24세,경상
2022080300100140,2022년 8월 3일 09시,수요일,인천광역시 서구 원창동,중상사고,0,1,0,0,차대차 - 측면충돌,안전운전불이행,건조,맑음,교차로 - 교차로안,특수,남,57세,상해없음,화물,남,60세,중상
2022080300100142,2022년 8월 3일 09시,수요일,인천광역시 계양구 작전동,경상사고,0,0,1,0,차대차 - 측면충돌,안전운전불이행,젖음/습기,흐림,단일로 - 기타,화물,남,63세,상해없음,승용,남,64세,경상
2022080300100263,2022년 8월 3일 13시,수요일,인천광역시 서구 청라동,중상사고,0,1,0,0,차대차 - 추돌,안전운전불이행,건조,맑음,교차로 - 교차로부근,승용,남,33세,상해없음,이륜,남,44세,중상
2022080300100288,2022년 8월 3일 14시,수요일,인천광역시 중구 신흥동3가,경상사고,0,0,1,0,차대차 - 측면충돌,안전운전불이행,건조,맑음,단일로 - 지하차도(도로)내,건설기계,남,59세,상해없음,승용,남,36세,경상
2022080300100329,2022년 8월 3일 15시,수요일,인천광역시 부평구 부평동,경상사고,0,0,3,0,차대차 - 추돌,안전운전불이행,건조,맑음,교차로 - 교차로부근,승용,남,59세,상해없음,화물,남,39세,경상
2022080300100351,2022년 8월 3일 16시,수요일,인천광역시 계양구 작전동,중상사고,0,1,0,0,차대사람 - 차도통행중,안전운전불이행,젖음/습기,맑음,단일로 - 기타,원동기,남,22세,상해없음,보행자,여,15세,중상
2022080300100352,2022년 8월 3일 16시,수요일,인천광역시 연수구 송도동,경상사고,0,0,1,0,차대차 - 추돌,기타,건조,맑음,교차로 - 교차로안,승용,남,61세,상해없음,승용,여,44세,경상
2022080300100387,2022년 8월 3일 17시,수요일,인천광역시 계양구 용종동,경상사고,0,0,1,0,차대차 - 측면충돌,안전운전불이행,건조,맑음,교차로 - 교차로횡단보도내,승용,남,47세,상해없음,자전거,남,75세,경상
2022080300100434,2022년 8월 3일 18시,수요일,인천광역시 서구 가좌동,중상사고,0,1,1,0,차대차 - 기타,기타,건조,맑음,기타 - 기타,승용,남,22세,상해없음,화물,남,72세,경상
2022080300100462,2022년 8월 3일 19시,수요일,인천광역시 계양구 용종동,경상사고,0,0,1,0,차대차 - 후진중충돌,안전운전불이행,건조,맑음,단일로 - 기타,승용,여,59세,상해없음,승용,남,56세,경상
2022080300100463,2022년 8월 3일 19시,수요일,인천광역시 연수구 연수동,경상사고,0,0,3,0,차대차 - 측면충돌,신호위반,건조,맑음,교차로 - 교차로부근,승용,여,37세,상해없음,승용,남,37세,경상
2022080300100518,2022년 8월 3일 21시,수요일,인천광역시 서구 마전동,중상사고,0,1,0,0,차대차 - 추돌,중앙선침범,건조,맑음,교차로 - 교차로부근,승용,남,59세,상해없음,이륜,남,42세,중상
2022080300100519,2022년 8월 3일 21시,수요일,인천광역시 서구 가정동,경상사고,0,0,1,0,차대사람 - 보도통행중,기타,건조,맑음,단일로 - 기타,개인형이동수단(PM),남,15세,상해없음,보행자,여,60세,경상
2022080300100520,2022년 8월 3일 21시,수요일,인천광역시 계양구 계산동,중상사고,0,1,1,0,차대사람 - 횡단중,신호위반,건조,맑음,교차로 - 교차로안,승합,남,30세,상해없음,보행자,여,28세,중상
2022080300100538,2022년 8월 3일 22시,수요일,인천광역시 미추홀구 주안동,경상사고,0,0,2,0,차대차 - 측면충돌,안전운전불이행,건조,맑음,단일로 - 기타,승용,남,31세,기타불명,승용,남,52세,경상
2022080300100548,2022년 8월 3일 23시,수요일,인천광역시 서구 경서동,경상사고,0,0,1,0,차대차 - 기타,안전운전불이행,건조,맑음,기타 - 기타,승용,남,25세,상해없음,이륜,남,23세,경상
2022080400100021,2022년 8월 4일 04시,목요일,인천광역시 부평구 일신동,경상사고,0,0,5,0,차량단독 - 공작물충돌,기타,젖음/습기,비,단일로 - 교량,승용,남,39세,경상,,,,
2022080400100119,2022년 8월 4일 09시,목요일,인천광역시 중구 북성동1가,경상사고,0,0,1,0,차대사람 - 횡단중,신호위반,건조,맑음,교차로 - 교차로횡단보도내,특수,남,62세,상해없음,보행자,남,92세,경상
2022080400100120,2022년 8월 4일 09시,목요일,인천광역시 서구 왕길동,경상사고,0,0,2,0,차대차 - 측면충돌,안전운전불이행,건조,맑음,교차로 - 교차로안,승용,여,57세,경상,승용,남,57세,경상
2022080400100173,2022년 8월 4일 11시,목요일,인천광역시 미추홀구 주안동,경상사고,0,0,1,0,차대차 - 측면충돌,교차로운행방법위반,건조,맑음,교차로 - 교차로부근,승용,여,58세,상해없음,승용,여,36세,경상
2022080400100251,2022년 8월 4일 13시,목요일,인천광역시 강화군 화도면,경상사고,0,0,2,0,차대차 - 정면충돌,중앙선침범,건조,맑음,단일로 - 지하차도(도로)내,화물,남,74세,상해없음,승용,남,27세,경상
2022080400100291,2022년 8월 4일 14시,목요일,인천광역시 서구 청라동,경상사고,0,0,1,0,차대차 - 측면충돌,안전운전불이행,건조,맑음,교차로 - 교차로부근,건설기계,남,30세,상해없음,승용,남,49세,경상
2022080400100292,2022년 8월 4일 14시,목요일,인천광역시 연수구 연수동,경상사고,0,0,1,0,차대차 - 후진중충돌,불법유턴,건조,맑음,단일로 - 기타,화물,남,45세,상해없음,승용,남,37세,경상
2022080400100328,2022년 8월 4일 15시,목요일,인천광역시 중구 북성동2가,중상사고,0,1,0,0,차대차 - 측면충돌,신호위반,건조,맑음,교차로 - 교차로안,승합,남,51세,상해없음,이륜,남,79세,중상
2022080400100329,2022년 8월 4일 15시,목요일,인천광역시 중구 운서동,경상사고,0,0,2,0,차대차 - 추돌,안전운전불이행,건조,맑음,교차로 - 교차로부근,승용,남,63세,기타불명,승용,남,64세,경상
2022080400100330,2022년 8월 4일 15시,목요일,인천광역시 연수구 연수동,경상사고,0,0,1,0,차대차 - 측면충돌,안전운전불이행,건조,맑음,주차장 - 주차장,승용,남,64세,상해없음,승용,남,38세,경상
2022080400100399,2022년 8월 4일 17시,목요일,인천광역시 미추홀구 주안동,경상사고,0,0,1,0,차대사람 - 기타,안전운전불이행,건조,맑음,기타 - 기타,승용,남,73세,상해없음,보행자,남,41세,경상
2022080400100508,2022년 8월 4일 21시,목요일,인천광역시 미추홀구 주안동,경상사고,0,0,2,0,차량단독 - 기타,안전운전불이행,건조,맑음,단일로 - 기타,승용,남,67세,상해없음,,,,
2022080400100546,2022년 8월 4일 23시,목요일,인천광역시 남동구 구월동,경상사고,0,0,1,0,차대차 - 측면충돌,안전운전불이행,건조,맑음,단일로 - 기타,화물,남,50세,상해없음,승용,남,28세,경상
2022080400100547,2022년 8월 4일 23시,목요일,인천광역시 남동구 논현동,중상사고,0,1,0,0,차대차 - 정면충돌,신호위반,건조,맑음,교차로 - 교차로안,승용,남,34세,상해없음,이륜,남,34세,중상
2022080500100043,2022년 8월 5일 05시,금요일,인천광역시 부평구 갈산동,중상사고,0,1,0,0,차대차 - 추돌,신호위반,건조,맑음,단일로 - 기타,승용,남,54세,상해없음,이륜,남,25세,중상
2022080500100098,2022년 8월 5일 08시,금요일,인천광역시 부평구 청천동,경상사고,0,0,1,0,차대차 - 측면충돌,안전운전불이행,건조,맑음,교차로 - 교차로부근,승용,남,25세,상해없음,승용,여,26세,경상
2022080500100159,2022년 8월 5일 10시,금요일,인천광역시 남동구 서창동,부상신고사고,0,0,0,1,차대차 - 측면충돌,안전운전불이행,건조,맑음,교차로 - 교차로부근,승용,남,30세,상해없음,자전거,여,55세,부상신고
2022080500100190,2022년 8월 5일 11시,금요일,인천광역시 동구 송림동,경상사고,0,0,1,0,차대사람 - 기타,안전운전불이행,건조,맑음,단일로 - 기타,승합,남,58세,상해없음,보행자,여,62세,경상
2022080500100191,2022년 8월 5일 11시,금요일,인천광역시 계양구 작전동,경상사고,0,0,1,0,차대차 - 측면충돌,안전운전불이행,건조,맑음,단일로 - 기타,화물,남,35세,상해없음,승용,여,27세,경상
2022080500100229,2022년 8월 5일 12시,금요일,인천광역시 미추홀구 학익동,중상사고,0,1,0,0,차대사람 - 기타,안전운전불이행,건조,맑음,교차로 - 교차로부근,승용,남,49세,상해없음,보행자,남,69세,중상
2022080500100230,2022년 8월 5일 12시,금요일,인천광역시 부평구 부개동,중상사고,0,1,0,0,차량단독 - 기타,기타,건조,맑음,교차로 - 교차로부근,승합,남,56세,상해없음,,,,
2022080500100231,2022년 8월 5일 12시,금요일,인천광역시 계양구 서운동,경상사고,0,0,2,0,차대차 - 측면충돌,안전운전불이행,건조,맑음,단일로 - 교량,승용,여,43세,경상,승용,여,40세,경상
2022080500100269,2022년 8월 5일 13시,금요일,인천광역시 미추홀구 주안동,경상사고,0,0,1,0,차대차 - 추돌,안전운전불이행,건조,맑음,교차로 - 교차로부근,승용,남,29세,상해없음,승용,남,50세,경상
2022080500100342,2022년 8월 5일 15시,금요일,인천광역시 부평구 청천동,경상사고,0,0,2,0,차대차 - 기타,안전운전불이행,건조,맑음,교차로 - 교차로부근,승용,여,63세,상해없음,승합,남,29세,경상
2022080500100381,2022년 8월 5일 16시,금요일,인천광역시 남동구 만수동,경상사고,0,0,1,0,차대차 - 추돌,안전운전불이행,건조,맑음,교차로 - 교차로부근,승용,여,63세,상해없음,승용,남,33세,경상
2022080500100426,2022년 8월 5일 17시,금요일,인천광역시 미추홀구 주안동,경상사고,0,0,1,0,차대사람 - 횡단중,교차로운행방법위반,건조,맑음,교차로 - 교차로부근,승용,남,71세,상해없음,보행자,남,57세,경상
2022080500100427,2022년 8월 5일 17시,금요일,인천광역시 미추홀구 도화동,경상사고,0,0,1,0,차대차 - 추돌,안전운전불이행,건조,맑음,단일로 - 기타,승용,남,27세,기타불명,승용,여,48세,경상
2022080500100428,2022년 8월 5일 17시,금요일,인천광역시 남동구 간석동,중상사고,0,1,8,0,차대차 - 추돌,안전운전불이행,건조,맑음,교차로 - 교차로부근,승합,남,63세,상해없음,화물,남,73세,상해없음
2022080500100429,2022년 8월 5일 17시,금요일,인천광역시 남동구 구월동,경상사고,0,0,1,0,차대차 - 측면충돌,안전운전불이행,건조,맑음,교차로 - 교차로안,승용,남,67세,상해없음,자전거,남,58세,경상
2022080500100430,2022년 8월 5일 17시,금요일,인천광역시 남동구 만수동,경상사고,0,0,1,0,차대차 - 측면충돌,교차로운행방법위반,건조,맑음,교차로 - 교차로안,승합,남,47세,상해없음,이륜,남,23세,경상
2022080500100477,2022년 8월 5일 18시,금요일,인천광역시 미추홀구 도화동,경상사고,0,0,1,0,차대차 - 측면충돌,안전운전불이행,건조,맑음,교차로 - 교차로안,승용,남,27세,상해없음,승용,남,32세,경상
2022080500100539,2022년 8월 5일 20시,금요일,인천광역시 남동구 서창동,중상사고,0,1,0,0,차대차 - 정면충돌,안전운전불이행,건조,맑음,단일로 - 기타,승용,남,62세,상해없음,이륜,남,19세,중상
2022080500100540,2022년 8월 5일 20시,금요일,인천광역시 남동구 논현동,경상사고,0,0,2,0,차대차 - 측면충돌,안전운전불이행,건조,맑음,단일로 - 기타,승용,남,35세,상해없음,승용,남,35세,경상
2022080500100568,2022년 8월 5일 21시,금요일,인천광역시 미추홀구 도화동,경상사고,0,0,2,0,차대차 - 측면충돌,신호위반,건조,맑음,단일로 - 기타,이륜,남,18세,상해없음,이륜,남,29세,경상
2022080500100569,2022년 8월 5일 21시,금요일,인천광역시 남동구 구월동,경상사고,0,0,2,0,차대차 - 측면충돌,신호위반,젖음/습기,맑음,교차로 - 교차로안,승용,남,30세,상해없음,승용,여,47세,경상
2022080500100591,2022년 8월 5일 22시,금요일,인천광역시 부평구 삼산동,경상사고,0,0,1,0,차대차 - 정면충돌,신호위반,건조,맑음,교차로 - 교차로안,이륜,남,25세,상해없음,승합,남,54세,경상
2022080600100008,2022년 8월 6일 00시,토요일,인천광역시 중구 운서동,경상사고,0,0,2,0,차대차 - 측면충돌,교차로운행방법위반,건조,맑음,교차로 - 교차로안,승용,남,24세,상해없음,승용,남,30세,경상
2022080600100017,2022년 8월 6일 01시,토요일,인천광역시 부평구 부개동,경상사고,0,0,1,0,차대사람 - 횡단중,안전운전불이행,건조,맑음,교차로 - 교차로부근,원동기,남,29세,상해없음,보행자,남,59세,경상
2022080600100054,2022년 8월 6일 06시,토요일,인천광역시 부평구 삼산동,경상사고,0,0,1,0,차대차 - 추돌,차로위반,건조,맑음,단일로 - 기타,승합,남,63세,상해없음,승용,남,31세,경상
2022080600100134,2022년 8월 6일 10시,토요일,인천광역시 연수구 옥련동,경상사고,0,0,1,0,차대차 - 추돌,안전운전불이행,건조,맑음,교차로 - 교차로부근,승용,남,63세,상해없음,승용,여,43세,경상
2022080600100201,2022년 8월 6일 12시,토요일,인천광역시 중구 중앙동4가,경상사고,0,0,2,0,차대차 - 측면충돌,안전운전불이행,건조,맑음,교차로 - 교차로안,승용,남,41세,경상,승용,여,26세,상해없음
2022080600100202,2022년 8월 6일 12시,토요일,인천광역시 서구 마전동,경상사고,0,0,1,0,차대차 - 기타,안전운전불이행,건조,맑음,단일로 - 기타,승합,남,68세,상해없음,화물,남,32세,경상
2022080600100203,2022년 8월 6일 12시,토요일,인천광역시 계양구 계산동,경상사고,0,0,3,0,차량단독 - 기타,신호위반,건조,맑음,교차로 - 교차로안,승합,남,53세,상해없음,,,,
2022080600100240,2022년 8월 6일 13시,토요일,인천광역시 서구 마전동,경상사고,0,0,1,0,차대차 - 측면충돌,안전거리미확보,건조,맑음,단일로 - 기타,승용,여,39세,상해없음,이륜,남,38세,경상
2022080600100241,2022년 8월 6일 13시,토요일,인천광역시 계양구 병방동,중상사고,0,1,0,0,차대차 - 측면충돌,안전운전불이행,건조,맑음,단일로 - 기타,승용,남,56세,상해없음,이륜,남,60세,중상
2022080600100303,2022년 8월 6일 15시,토요일,인천광역시 미추홀구 주안동,경상사고,0,0,1,0,차대사람 - 기타,안전운전불이행,건조,맑음,단일로 - 기타,승용,여,71세,상해없음,보행자,여,28세,경상
2022080600100333,2022년 8월 6일 16시,토요일,인천광역시 부평구 청천동,경상사고,0,0,1,0,차대차 - 기타,안전운전불이행,건조,맑음,단일로 - 기타,승합,남,51세,상해없음,이륜,남,28세,경상
2022080600100334,2022년 8월 6일 16시,토요일,인천광역시 서구 경서동,경상사고,0,0,3,0,차대차 - 추돌,안전운전불이행,건조,맑음,단일로 - 기타,승용,남,44세,상해없음,승용,남,63세,경상
2022080600100389,2022년 8월 6일 18시,토요일,인천광역시 미추홀구 주안동,경상사고,0,0,1,0,차대차 - 추돌,안전운전불이행,건조,맑음,단일로 - 기타,승용,남,59세,상해없음,이륜,남,66세,경상
2022080600100390,2022년 8월 6일 18시,토요일,인천광역시 서구 불로동,경상사고,0,0,1,0,차대차 - 추돌,안전운전불이행,건조,맑음,교차로 - 교차로부근,건설기계,남,60세,상해없음,승용,남,71세,경상
2022080600100412,2022년 8월 6일 19시,토요일,인천광역시 미추홀구 용현동,경상사고,0,0,1,0,차대차 - 추돌,신호위반,건조,맑음,교차로 - 교차로안,승합,남,54세,상해없음,승용,남,42세,경상