사고번호,사고일시,요일,시군구,사고내용,사망자수,중상자수,경상자수,부상신고자수,사고유형,법규위반,노면상태,기상상태,도로형태,가해운전자 차종,가해운전자 성별,가해운전자 연령,가해운전자 상해정도,피해운전자 차종,피해운전자 성별,피해운전자 연령,피해운전자 상해정도
2022080600100413,2022년 8월 6일 19시,토요일,인천광역시 남동구 만수동,경상사고,0,0,1,0,차대사람 - 길가장자리구역통행중,안전운전불이행,건조,맑음,단일로 - 기타,승용,여,46세,기타불명,보행자,남,64세,경상
2022080600100434,2022년 8월 6일 20시,토요일,인천광역시 미추홀구 문학동,부상신고사고,0,0,0,1,차대사람 - 길가장자리구역통행중,안전운전불이행,건조,맑음,단일로 - 기타,이륜,남,20세,상해없음,보행자,남,41세,부상신고
2022080600100435,2022년 8월 6일 20시,토요일,인천광역시 남동구 도림동,경상사고,0,0,1,0,차대차 - 측면충돌,신호위반,건조,맑음,교차로 - 교차로안,승용,남,35세,상해없음,이륜,남,52세,경상
2022080600100454,2022년 8월 6일 21시,토요일,인천광역시 중구 운서동,경상사고,0,0,1,0,차대차 - 추돌,안전운전불이행,기타,비,교차로 - 교차로부근,승용,남,47세,상해없음,이륜,남,57세,경상
2022080600100479,2022년 8월 6일 22시,토요일,인천광역시 계양구 계산동,경상사고,0,0,1,0,차대차 - 기타,안전운전불이행,젖음/습기,흐림,교차로 - 교차로안,승용,남,27세,상해없음,이륜,남,45세,경상
2022080700100010,2022년 8월 7일 00시,일요일,인천광역시 부평구 십정동,경상사고,0,0,1,0,차대사람 - 차도통행중,안전운전불이행,건조,맑음,교차로 - 교차로부근,승용,남,45세,상해없음,보행자,남,42세,경상
2022080700100018,2022년 8월 7일 01시,일요일,인천광역시 미추홀구 주안동,경상사고,0,0,1,0,차대사람 - 기타,안전운전불이행,건조,맑음,교차로 - 교차로횡단보도내,승용,남,36세,상해없음,보행자,여,20세,경상
2022080700100019,2022년 8월 7일 01시,일요일,인천광역시 계양구 병방동,중상사고,0,2,0,0,차대차 - 추돌,안전운전불이행,건조,맑음,단일로 - 기타,승용,남,22세,상해없음,승용,남,81세,중상
2022080700100024,2022년 8월 7일 02시,일요일,인천광역시 서구 연희동,경상사고,0,0,1,0,차대차 - 추돌,안전운전불이행,건조,흐림,단일로 - 기타,승용,여,45세,상해없음,승용,남,68세,경상
2022080700100052,2022년 8월 7일 07시,일요일,인천광역시 중구 운남동,경상사고,0,0,1,0,차대사람 - 횡단중,안전운전불이행,건조,맑음,교차로 - 교차로횡단보도내,승용,여,57세,상해없음,보행자,여,70세,경상
2022080700100062,2022년 8월 7일 08시,일요일,인천광역시 서구 원당동,경상사고,0,0,1,0,차대차 - 추돌,안전운전불이행,건조,맑음,단일로 - 기타,승용,남,30세,상해없음,승용,남,48세,경상
2022080700100163,2022년 8월 7일 13시,일요일,인천광역시 서구 가좌동,중상사고,0,1,0,0,차대차 - 측면충돌,안전운전불이행,건조,맑음,단일로 - 기타,이륜,남,42세,중상,승용,남,46세,상해없음
2022080700100164,2022년 8월 7일 13시,일요일,인천광역시 서구 경서동,경상사고,0,0,1,0,차대차 - 측면충돌,차로위반,건조,맑음,단일로 - 기타,특수,남,56세,상해없음,승용,남,65세,경상
2022080700100193,2022년 8월 7일 14시,일요일,인천광역시 부평구 산곡동,중상사고,0,1,1,0,차대차 - 추돌,안전운전불이행,건조,맑음,교차로 - 교차로부근,승용,여,24세,상해없음,승용,남,35세,중상
2022080700100261,2022년 8월 7일 17시,일요일,인천광역시 미추홀구 주안동,경상사고,0,0,1,0,차대차 - 측면충돌,기타,건조,맑음,단일로 - 기타,승용,남,43세,상해없음,원동기,남,40세,경상
2022080700100262,2022년 8월 7일 17시,일요일,인천광역시 미추홀구 주안동,경상사고,0,0,2,0,차대차 - 추돌,안전운전불이행,건조,맑음,교차로 - 교차로부근,승용,남,59세,상해없음,승용,남,42세,경상
2022080700100290,2022년 8월 7일 18시,일요일,인천광역시 미추홀구 용현동,경상사고,0,0,3,0,차대차 - 측면충돌,신호위반,건조,맑음,교차로 - 교차로안,승용,여,61세,상해없음,승용,남,58세,경상
2022080800100008,2022년 8월 8일 00시,월요일,인천광역시 서구 석남동,경상사고,0,0,1,0,차대차 - 기타,안전운전불이행,건조,맑음,교차로 - 교차로안,승용,여,29세,상해없음,승용,남,68세,경상
2022080800100033,2022년 8월 8일 05시,월요일,인천광역시 남동구 구월동,경상사고,0,0,1,0,차대차 - 측면충돌,신호위반,건조,흐림,교차로 - 교차로안,승용,남,65세,상해없음,승용,남,28세,경상
2022080800100112,2022년 8월 8일 09시,월요일,인천광역시 중구 운북동,경상사고,0,0,1,0,차대차 - 정면충돌,신호위반,젖음/습기,비,교차로 - 교차로안,화물,남,63세,상해없음,승용,남,42세,경상
2022080800100139,2022년 8월 8일 10시,월요일,인천광역시 부평구 부평동,경상사고,0,0,2,0,차대차 - 측면충돌,기타,건조,맑음,교차로 - 교차로부근,승용,남,44세,상해없음,승용,남,43세,경상
2022080800100228,2022년 8월 8일 13시,월요일,인천광역시 미추홀구 주안동,중상사고,0,1,0,0,차대사람 - 보도통행중,안전운전불이행,건조,기타,기타 - 기타,이륜,기타불명,미분류,기타불명,보행자,남,66세,중상
2022080800100229,2022년 8월 8일 13시,월요일,인천광역시 남동구 간석동,경상사고,0,0,1,0,차대차 - 측면충돌,차로위반,건조,맑음,단일로 - 기타,화물,남,53세,상해없음,화물,남,29세,경상
2022080800100303,2022년 8월 8일 15시,월요일,인천광역시 부평구 삼산동,경상사고,0,0,1,0,차대차 - 기타,안전운전불이행,젖음/습기,비,단일로 - 교량,화물,남,64세,상해없음,화물,남,34세,경상
2022080800100304,2022년 8월 8일 15시,월요일,인천광역시 중구 중산동,경상사고,0,0,2,0,차대차 - 추돌,안전운전불이행,젖음/습기,비,단일로 - 기타,승용,남,48세,상해없음,화물,남,44세,경상
2022080800100453,2022년 8월 8일 19시,월요일,인천광역시 서구 석남동,중상사고,0,1,0,0,차대차 - 측면충돌,신호위반,젖음/습기,흐림,교차로 - 교차로안,승용,남,57세,상해없음,이륜,남,44세,중상
2022080800100485,2022년 8월 8일 20시,월요일,인천광역시 서구 불로동,경상사고,0,0,1,0,차대사람 - 횡단중,보행자보호의무위반,건조,맑음,단일로 - 기타,승용,남,24세,상해없음,보행자,남,8세,경상
2022080800100486,2022년 8월 8일 20시,월요일,인천광역시 서구 원창동,경상사고,0,0,1,0,차대차 - 기타,기타,젖음/습기,흐림,단일로 - 교량,기타불명,기타불명,미분류,기타불명,승용,여,32세,경상
2022080800100487,2022년 8월 8일 20시,월요일,인천광역시 남동구 논현동,경상사고,0,0,1,0,차대차 - 추돌,안전운전불이행,젖음/습기,비,교차로 - 교차로부근,승용,남,61세,기타불명,승용,남,57세,경상
2022080800100520,2022년 8월 8일 21시,월요일,인천광역시 부평구 부평동,중상사고,0,2,0,0,차대차 - 추돌,안전운전불이행,젖음/습기,비,단일로 - 기타,화물,남,58세,상해없음,이륜,남,23세,중상
2022080800100521,2022년 8월 8일 21시,월요일,인천광역시 부평구 부평동,경상사고,0,0,1,0,차대차 - 측면충돌,차로위반,젖음/습기,비,교차로 - 교차로부근,승용,남,60세,상해없음,승용,여,43세,경상
2022080800100547,2022년 8월 8일 22시,월요일,인천광역시 중구 항동7가,경상사고,0,0,1,0,차대차 - 추돌,안전거리미확보,젖음/습기,비,단일로 - 교량,승용,남,31세,상해없음,승용,여,37세,경상
2022080900100008,2022년 8월 9일 00시,화요일,인천광역시 부평구 십정동,경상사고,0,0,2,0,차대차 - 측면충돌,안전운전불이행,젖음/습기,비,교차로 - 교차로안,승용,여,41세,상해없음,승용,남,56세,경상
2022080900100034,2022년 8월 9일 05시,화요일,인천광역시 중구 항동7가,중상사고,0,1,0,0,차대사람 - 횡단중,안전운전불이행,젖음/습기,비,교차로 - 교차로부근,화물,남,46세,상해없음,보행자,남,49세,중상
2022080900100035,2022년 8월 9일 05시,화요일,인천광역시 계양구 용종동,경상사고,0,0,5,0,차대차 - 추돌,안전운전불이행,젖음/습기,비,단일로 - 기타,승용,남,35세,상해없음,승용,여,61세,경상
2022080900100043,2022년 8월 9일 06시,화요일,인천광역시 중구 운남동,경상사고,0,0,2,0,차대차 - 측면충돌,신호위반,젖음/습기,흐림,교차로 - 교차로안,승용,여,54세,상해없음,승용,남,49세,경상
2022080900100062,2022년 8월 9일 07시,화요일,인천광역시 계양구 계산동,경상사고,0,0,1,0,차량단독 - 기타,안전운전불이행,건조,맑음,교차로 - 교차로안,승용,남,61세,상해없음,,,,
2022080900100121,2022년 8월 9일 09시,화요일,인천광역시 연수구 연수동,경상사고,0,0,1,0,차대차 - 정면충돌,안전운전불이행,건조,맑음,단일로 - 기타,승용,여,68세,상해없음,승용,남,63세,경상
2022080900100147,2022년 8월 9일 10시,화요일,인천광역시 연수구 선학동,중상사고,0,1,0,0,차대차 - 측면충돌,신호위반,건조,맑음,교차로 - 교차로안,승합,남,29세,상해없음,화물,남,60세,중상
2022080900100148,2022년 8월 9일 10시,화요일,인천광역시 연수구 연수동,경상사고,0,0,1,0,차대차 - 추돌,안전운전불이행,젖음/습기,비,교차로 - 교차로안,화물,남,61세,상해없음,화물,남,46세,경상
2022080900100171,2022년 8월 9일 11시,화요일,인천광역시 동구 송림동,중상사고,0,1,0,0,차대차 - 측면충돌,안전거리미확보,건조,맑음,단일로 - 기타,승용,남,58세,상해없음,승용,남,52세,상해없음
2022080900100207,2022년 8월 9일 12시,화요일,인천광역시 중구 운남동,경상사고,0,0,1,0,차대차 - 기타,안전운전불이행,기타,기타,교차로 - 교차로부근,승용,여,42세,상해없음,승용,남,47세,경상
2022080900100253,2022년 8월 9일 14시,화요일,인천광역시 남동구 고잔동,경상사고,0,0,1,0,차대차 - 기타,안전운전불이행,젖음/습기,비,교차로 - 교차로안,승용,남,41세,상해없음,이륜,남,41세,경상
2022080900100254,2022년 8월 9일 14시,화요일,인천광역시 서구 경서동,중상사고,0,2,0,0,차대차 - 추돌,안전운전불이행,젖음/습기,비,단일로 - 기타,승용,남,29세,상해없음,승용,남,22세,중상
2022080900100290,2022년 8월 9일 15시,화요일,인천광역시 미추홀구 용현동,경상사고,0,0,1,0,차대차 - 추돌,안전운전불이행,젖음/습기,비,기타 - 기타,승용,남,49세,상해없음,화물,남,52세,경상
2022080900100291,2022년 8월 9일 15시,화요일,인천광역시 남동구 만수동,부상신고사고,0,0,0,1,차대사람 - 기타,안전운전불이행,젖음/습기,흐림,단일로 - 기타,승용,여,45세,기타불명,보행자,남,19세,부상신고
2022080900100292,2022년 8월 9일 15시,화요일,인천광역시 남동구 간석동,중상사고,0,1,0,0,차대차 - 측면충돌,안전운전불이행,건조,맑음,단일로 - 기타,승용,남,63세,상해없음,승용,남,58세,중상
2022080900100317,2022년 8월 9일 16시,화요일,인천광역시 미추홀구 주안동,중상사고,0,1,0,0,차대사람 - 횡단중,보행자보호의무위반,젖음/습기,비,기타 - 기타,승용,남,43세,상해없음,보행자,여,37세,중상
2022080900100318,2022년 8월 9일 16시,화요일,인천광역시 서구 가좌동,경상사고,0,0,1,0,차대차 - 추돌,안전운전불이행,젖음/습기,비,단일로 - 기타,승용,남,55세,상해없음,승용,여,63세,경상
2022080900100393,2022년 8월 9일 18시,화요일,인천광역시 중구 중앙동3가,부상신고사고,0,0,0,1,차대차 - 기타,안전운전불이행,젖음/습기,비,단일로 - 기타,승용,남,63세,상해없음,승용,남,31세,부상신고
2022080900100394,2022년 8월 9일 18시,화요일,인천광역시 서구 심곡동,경상사고,0,0,1,0,차대차 - 기타,안전운전불이행,젖음/습기,비,기타 - 기타,승용,여,66세,기타불명,승용,남,43세,경상
2022080900100475,2022년 8월 9일 21시,화요일,인천광역시 서구 가좌동,경상사고,0,0,1,0,차대차 - 기타,안전운전불이행,젖음/습기,비,기타 - 기타,승용,남,58세,상해없음,승용,남,57세,경상
2022080900100476,2022년 8월 9일 21시,화요일,인천광역시 계양구 계산동,경상사고,0,0,1,0,차대사람 - 기타,안전운전불이행,젖음/습기,비,교차로 - 교차로부근,승용,남,50세,상해없음,보행자,남,23세,경상
2022080900100500,2022년 8월 9일 22시,화요일,인천광역시 중구 운서동,경상사고,0,0,1,0,차대차 - 추돌,안전운전불이행,젖음/습기,비,교차로 - 교차로안,승용,여,62세,상해없음,승용,남,44세,경상
2022081000100041,2022년 8월 10일 05시,수요일,인천광역시 연수구 송도동,경상사고,0,0,2,0,차대차 - 측면충돌,안전운전불이행,건조,맑음,주차장 - 주차장,승용,남,54세,경상,승용,여,49세,경상
2022081000100042,2022년 8월 10일 05시,수요일,인천광역시 남동구 도림동,중상사고,0,1,0,0,차대차 - 측면충돌,안전운전불이행,건조,흐림,단일로 - 기타,화물,남,57세,상해없음,화물,남,33세,중상
2022081000100050,2022년 8월 10일 06시,수요일,인천광역시 중구 운서동,경상사고,0,0,1,0,차대차 - 기타,안전운전불이행,건조,맑음,단일로 - 지하차도(도로)내,승용,여,56세,상해없음,자전거,여,54세,경상
2022081000100051,2022년 8월 10일 06시,수요일,인천광역시 부평구 구산동,경상사고,0,0,1,0,차대차 - 추돌,안전운전불이행,건조,맑음,교차로 - 교차로부근,승합,남,54세,상해없음,화물,남,49세,경상
2022081000100068,2022년 8월 10일 07시,수요일,인천광역시 서구 가정동,경상사고,0,0,1,0,차대차 - 기타,신호위반,건조,맑음,교차로 - 교차로안,이륜,남,25세,경상,승용,남,52세,상해없음
2022081000100095,2022년 8월 10일 08시,수요일,인천광역시 미추홀구 용현동,중상사고,0,1,0,0,차대사람 - 차도통행중,안전운전불이행,건조,맑음,단일로 - 지하차도(도로)내,승용,남,67세,상해없음,보행자,여,82세,중상
2022081000100168,2022년 8월 10일 11시,수요일,인천광역시 부평구 청천동,경상사고,0,0,1,0,차대차 - 기타,안전운전불이행,건조,맑음,단일로 - 기타,승합,남,55세,상해없음,자전거,남,64세,경상
2022081000100169,2022년 8월 10일 11시,수요일,인천광역시 남동구 고잔동,경상사고,0,0,1,0,차대차 - 측면충돌,안전거리미확보,건조,맑음,단일로 - 지하차도(도로)내,특수,남,70세,상해없음,화물,남,56세,경상
2022081000100200,2022년 8월 10일 12시,수요일,인천광역시 서구 석남동,경상사고,0,0,1,0,차대사람 - 기타,안전운전불이행,건조,맑음,주차장 - 주차장,화물,남,60세,상해없음,보행자,여,55세,경상
2022081000100201,2022년 8월 10일 12시,수요일,인천광역시 서구 가좌동,경상사고,0,0,3,0,차대차 - 기타,안전운전불이행,건조,맑음,단일로 - 기타,화물,남,64세,상해없음,화물,남,36세,경상
2022081000100224,2022년 8월 10일 13시,수요일,인천광역시 부평구 산곡동,경상사고,0,0,1,0,차대차 - 기타,안전운전불이행,건조,맑음,교차로 - 교차로부근,승용,남,31세,상해없음,이륜,남,42세,경상
2022081000100253,2022년 8월 10일 14시,수요일,인천광역시 남동구 간석동,경상사고,0,0,2,0,차대차 - 추돌,교차로운행방법위반,건조,맑음,단일로 - 고가도로위,승용,남,19세,상해없음,승용,여,61세,경상
2022081000100324,2022년 8월 10일 16시,수요일,인천광역시 부평구 부평동,경상사고,0,0,1,0,차대차 - 측면충돌,안전운전불이행,건조,맑음,교차로 - 교차로부근,승용,남,27세,상해없음,승합,남,63세,상해없음
2022081000100357,2022년 8월 10일 17시,수요일,인천광역시 동구 송림동,경상사고,0,0,2,0,차대차 - 측면충돌,안전운전불이행,건조,맑음,미분류 - 미분류,승용,남,63세,상해없음,승용,여,43세,경상
2022081000100358,2022년 8월 10일 17시,수요일,인천광역시 미추홀구 주안동,경상사고,0,0,1,0,차대차 - 기타,안전운전불이행,건조,맑음,기타 - 기타,승용,남,31세,상해없음,승용,남,26세,경상
2022081000100359,2022년 8월 10일 17시,수요일,인천광역시 계양구 작전동,경상사고,0,0,2,0,차대차 - 측면충돌,안전거리미확보,건조,맑음,교차로 - 교차로부근,승합,남,50세,상해없음,승용,여,40세,경상
2022081000100360,2022년 8월 10일 17시,수요일,인천광역시 남동구 고잔동,경상사고,0,0,1,0,차대차 - 측면충돌,신호위반,건조,맑음,교차로 - 교차로안,승용,여,57세,상해없음,승용,남,38세,경상
2022081000100469,2022년 8월 10일 20시,수요일,인천광역시 서구 청라동,경상사고,0,0,1,0,차대차 - 기타,신호위반,건조,맑음,교차로 - 교차로안,승용,여,22세,상해없음,원동기,여,33세,경상
2022081000100499,2022년 8월 10일 21시,수요일,인천광역시 남동구 간석동,부상신고사고,0,0,0,1,차대사람 - 차도통행중,안전운전불이행,젖음/습기,비,교차로 - 교차로부근,기타불명,기타불명,미분류,기타불명,보행자,남,22세,부상신고
2022081000100500,2022년 8월 10일 21시,수요일,인천광역시 남동구 도림동,경상사고,0,0,3,0,차대차 - 추돌,안전운전불이행,젖음/습기,맑음,교차로 - 교차로안,승용,남,56세,상해없음,화물,남,39세,경상
2022081000100501,2022년 8월 10일 21시,수요일,인천광역시 남동구 논현동,경상사고,0,0,1,0,차대차 - 추돌,안전운전불이행,건조,맑음,단일로 - 기타,승용,남,74세,상해없음,승용,여,58세,경상
2022081000100502,2022년 8월 10일 21시,수요일,인천광역시 계양구 노오지동,경상사고,0,0,1,0,차대차 - 추돌,안전운전불이행,젖음/습기,비,단일로 - 기타,승용,남,63세,상해없음,승용,남,35세,경상
2022081100100024,2022년 8월 11일 02시,목요일,인천광역시 미추홀구 숭의동,경상사고,0,0,2,0,차대차 - 정면충돌,신호위반,젖음/습기,비,교차로 - 교차로안,승용,남,44세,상해없음,승용,남,25세,경상
2022081100100029,2022년 8월 11일 03시,목요일,인천광역시 계양구 계산동,중상사고,0,1,0,0,차대사람 - 횡단중,보행자보호의무위반,젖음/습기,비,교차로 - 교차로횡단보도내,승합,여,61세,상해없음,보행자,여,30세,중상
2022081100100049,2022년 8월 11일 05시,목요일,인천광역시 연수구 청학동,경상사고,0,0,1,0,차대차 - 측면충돌,신호위반,젖음/습기,비,교차로 - 교차로안,승용,남,59세,기타불명,화물,남,68세,경상
2022081100100060,2022년 8월 11일 06시,목요일,인천광역시 동구 송현동,경상사고,0,0,2,0,차대차 - 추돌,안전운전불이행,기타,맑음,단일로 - 기타,승용,여,48세,상해없음,화물,남,54세,경상
2022081100100070,2022년 8월 11일 07시,목요일,인천광역시 서구 마전동,경상사고,0,0,1,0,차대차 - 추돌,안전운전불이행,건조,맑음,교차로 - 교차로안,승용,남,47세,상해없음,승용,여,34세,경상
2022081100100071,2022년 8월 11일 07시,목요일,인천광역시 서구 심곡동,중상사고,0,1,0,0,차대사람 - 기타,안전운전불이행,젖음/습기,흐림,기타 - 기타,승합,남,53세,상해없음,보행자,여,63세,중상
2022081100100111,2022년 8월 11일 09시,목요일,인천광역시 옹진군 덕적면,경상사고,0,0,1,0,차대사람 - 기타,기타,건조,맑음,단일로 - 기타,승용,남,48세,상해없음,보행자,여,62세,경상
2022081100100158,2022년 8월 11일 11시,목요일,인천광역시 남동구 구월동,경상사고,0,0,1,0,차대차 - 기타,안전운전불이행,건조,맑음,교차로 - 교차로안,승용,여,38세,상해없음,승용,여,32세,경상
2022081100100159,2022년 8월 11일 11시,목요일,인천광역시 계양구 계산동,중상사고,0,2,2,0,차대차 - 기타,안전운전불이행,건조,맑음,단일로 - 기타,화물,남,49세,상해없음,승용,남,49세,경상
2022081100100191,2022년 8월 11일 12시,목요일,인천광역시 연수구 선학동,경상사고,0,0,1,0,차대차 - 측면충돌,안전운전불이행,젖음/습기,비,교차로 - 교차로안,승용,남,29세,상해없음,자전거,남,83세,경상
2022081100100217,2022년 8월 11일 13시,목요일,인천광역시 부평구 십정동,경상사고,0,0,1,0,차대차 - 기타,안전운전불이행,젖음/습기,흐림,교차로 - 교차로안,승용,남,23세,상해없음,화물,남,35세,경상
2022081100100218,2022년 8월 11일 13시,목요일,인천광역시 서구 오류동,경상사고,0,0,1,0,차대차 - 추돌,기타,건조,맑음,단일로 - 기타,승용,남,29세,상해없음,이륜,남,68세,경상
2022081100100245,2022년 8월 11일 14시,목요일,인천광역시 미추홀구 용현동,부상신고사고,0,0,0,1,차대사람 - 횡단중,안전운전불이행,건조,맑음,단일로 - 기타,승용,여,30세,기타불명,보행자,여,77세,부상신고
2022081100100315,2022년 8월 11일 16시,목요일,인천광역시 미추홀구 주안동,경상사고,0,0,1,0,차대차 - 측면충돌,안전운전불이행,건조,맑음,단일로 - 기타,승용,여,28세,상해없음,승용,남,33세,경상
2022081100100316,2022년 8월 11일 16시,목요일,인천광역시 서구 가좌동,경상사고,0,0,1,0,차대차 - 추돌,안전운전불이행,젖음/습기,흐림,교차로 - 교차로안,승용,남,44세,상해없음,승합,남,49세,경상
2022081100100317,2022년 8월 11일 16시,목요일,인천광역시 서구 청라동,경상사고,0,0,1,0,차대차 - 기타,안전운전불이행,건조,맑음,기타 - 기타,승용,여,73세,상해없음,승용,남,55세,경상
2022081100100358,2022년 8월 11일 17시,목요일,인천광역시 남동구 구월동,경상사고,0,0,1,0,차대차 - 측면충돌,교차로운행방법위반,건조,맑음,교차로 - 교차로부근,승합,남,68세,기타불명,승용,남,50세,경상
2022081100100387,2022년 8월 11일 18시,목요일,인천광역시 연수구 송도동,경상사고,0,0,1,0,차대차 - 추돌,안전운전불이행,건조,맑음,단일로 - 기타,승용,여,54세,상해없음,승용,여,48세,경상
2022081100100416,2022년 8월 11일 19시,목요일,인천광역시 서구 가정동,경상사고,0,0,1,0,차대차 - 추돌,안전운전불이행,건조,맑음,교차로 - 교차로부근,기타불명,기타불명,미분류,기타불명,승용,남,35세,경상
2022081100100417,2022년 8월 11일 19시,목요일,인천광역시 부평구 부평동,중상사고,0,2,0,0,차대차 - 측면충돌,신호위반,건조,맑음,교차로 - 교차로안,이륜,남,30세,중상,이륜,남,44세,중상
2022081100100445,2022년 8월 11일 20시,목요일,인천광역시 부평구 갈산동,경상사고,0,0,1,0,차대차 - 추돌,안전운전불이행,건조,흐림,단일로 - 기타,승용,남,30세,상해없음,자전거,여,59세,경상
2022081100100479,2022년 8월 11일 22시,목요일,인천광역시 미추홀구 학익동,중상사고,0,1,0,0,차량단독 - 공작물충돌,안전운전불이행,건조,맑음,단일로 - 기타,승용,남,55세,상해없음,,,,
2022081100100480,2022년 8월 11일 22시,목요일,인천광역시 서구 마전동,경상사고,0,0,1,0,차대차 - 측면충돌,안전운전불이행,젖음/습기,비,교차로 - 교차로안,승용,남,53세,상해없음,승용,여,34세,경상
2022081100100481,2022년 8월 11일 22시,목요일,인천광역시 부평구 부평동,경상사고,0,0,2,0,차대차 - 추돌,신호위반,건조,흐림,교차로 - 교차로안,승용,남,34세,기타불명,승용,남,29세,경상
2022081200100018,2022년 8월 12일 01시,금요일,인천광역시 계양구 작전동,경상사고,0,0,2,0,차대차 - 후진중충돌,안전운전불이행,건조,맑음,단일로 - 기타,승용,여,21세,상해없음,승용,남,29세,경상
2022081200100025,2022년 8월 12일 02시,금요일,인천광역시 계양구 효성동,중상사고,0,1,0,0,차대차 - 기타,신호위반,건조,맑음,단일로 - 기타,승용,남,21세,상해없음,승합,남,53세,중상
2022081200100030,2022년 8월 12일 03시,금요일,인천광역시 부평구 부평동,경상사고,0,0,1,0,차대차 - 정면충돌,안전운전불이행,건조,맑음,교차로 - 교차로부근,승용,남,27세,상해없음,승용,남,67세,경상
2022081200100054,2022년 8월 12일 06시,금요일,인천광역시 연수구 송도동,경상사고,0,0,2,0,차대차 - 추돌,안전운전불이행,건조,맑음,교차로 - 교차로부근,승용,남,28세,상해없음,승용,남,29세,경상
2022081200100104,2022년 8월 12일 08시,금요일,인천광역시 서구 청라동,경상사고,0,0,2,0,차대차 - 기타,기타,건조,맑음,교차로 - 교차로부근,승용,남,55세,경상,승용,남,39세,경상
2022081200100140,2022년 8월 12일 09시,금요일,인천광역시 서구 석남동,경상사고,0,0,1,0,차대사람 - 길가장자리구역통행중,안전운전불이행,건조,맑음,교차로 - 교차로부근,승용,여,70세,상해없음,보행자,여,21세,경상
2022081200100205,2022년 8월 12일 11시,금요일,인천광역시 옹진군 자월면,중상사고,0,1,0,0,차량단독 - 도로외이탈 - 기타,안전운전불이행,건조,맑음,단일로 - 지하차도(도로)내,화물,남,77세,중상,,,,
2022081200100206,2022년 8월 12일 11시,금요일,인천광역시 부평구 산곡동,경상사고,0,0,1,0,차대사람 - 보도통행중,기타,건조,맑음,단일로 - 기타,승용,남,67세,상해없음,보행자,남,42세,경상
2022081200100281,2022년 8월 12일 13시,금요일,인천광역시 부평구 부평동,경상사고,0,0,1,0,차대차 - 측면충돌,안전거리미확보,건조,맑음,교차로 - 교차로부근,승용,남,29세,상해없음,승용,남,39세,경상
2022081200100282,2022년 8월 12일 13시,금요일,인천광역시 남동구 논현동,경상사고,0,0,3,0,차대차 - 측면충돌,신호위반,건조,맑음,교차로 - 교차로안,승용,남,25세,상해없음,승용,여,43세,경상
2022081200100345,2022년 8월 12일 15시,금요일,인천광역시 중구 신흥동2가,부상신고사고,0,0,0,1,차대사람 - 횡단중,보행자보호의무위반,건조,맑음,교차로 - 교차로부근,승용,남,44세,부상신고,보행자,남,25세,상해없음
2022081200100346,2022년 8월 12일 15시,금요일,인천광역시 연수구 송도동,경상사고,0,0,1,0,차대차 - 측면충돌,안전거리미확보,건조,맑음,단일로 - 기타,승용,남,49세,기타불명,승용,여,49세,경상
2022081200100388,2022년 8월 12일 16시,금요일,인천광역시 서구 가좌동,경상사고,0,0,2,0,차대차 - 측면충돌,교차로운행방법위반,건조,맑음,교차로 - 교차로횡단보도내,승합,남,58세,상해없음,승용,남,32세,경상
2022081200100389,2022년 8월 12일 16시,금요일,인천광역시 남동구 논현동,중상사고,0,1,0,0,차대사람 - 횡단중,안전운전불이행,건조,맑음,단일로 - 기타,자전거,남,12세,상해없음,보행자,남,47세,중상
2022081200100439,2022년 8월 12일 17시,금요일,인천광역시 서구 연희동,경상사고,0,0,1,0,차대차 - 측면충돌,안전운전불이행,건조,맑음,교차로 - 교차로안,화물,남,63세,상해없음,승용,남,50세,경상
2022081200100475,2022년 8월 12일 18시,금요일,인천광역시 부평구 부평동,중상사고,0,1,0,0,차대차 - 측면충돌,차로위반,건조,맑음,교차로 - 교차로부근,승용,남,45세,상해없음,개인형이동수단(PM),여,59세,중상
2022081200100476,2022년 8월 12일 18시,금요일,인천광역시 연수구 송도동,경상사고,0,0,1,0,차대차 - 추돌,안전운전불이행,건조,맑음,기타 - 기타,승용,여,46세,상해없음,승용,남,52세,경상
2022081200100522,2022년 8월 12일 19시,금요일,인천광역시 미추홀구 도화동,경상사고,0,0,1,0,차대사람 - 기타,신호위반,건조,맑음,단일로 - 기타,승용,남,29세,상해없음,보행자,여,24세,경상
2022081200100523,2022년 8월 12일 19시,금요일,인천광역시 서구 청라동,중상사고,0,1,0,0,차대차 - 기타,안전운전불이행,건조,맑음,기타 - 기타,승용,여,66세,상해없음,이륜,남,25세,중상
2022081200100524,2022년 8월 12일 19시,금요일,인천광역시 서구 청라동,경상사고,0,0,1,0,차대차 - 후진중충돌,안전운전불이행,건조,맑음,단일로 - 기타,승용,여,62세,상해없음,원동기,남,38세,경상
2022081200100525,2022년 8월 12일 19시,금요일,인천광역시 남동구 장수동,경상사고,0,0,2,0,차대차 - 추돌,안전거리미확보,건조,맑음,단일로 - 지하차도(도로)내,승용,남,37세,상해없음,승용,남,63세,경상
2022081200100570,2022년 8월 12일 20시,금요일,인천광역시 서구 심곡동,중상사고,0,1,0,0,차대차 - 측면충돌,교차로운행방법위반,건조,맑음,교차로 - 교차로안,승용,남,44세,상해없음,이륜,남,21세,중상
2022081200100593,2022년 8월 12일 21시,금요일,인천광역시 서구 가좌동,중상사고,0,5,0,0,차대차 - 기타,중앙선침범,건조,맑음,단일로 - 기타,승용,남,45세,상해없음,승용,남,34세,중상