사고번호,사고일시,요일,시군구,사고내용,사망자수,중상자수,경상자수,부상신고자수,사고유형,법규위반,노면상태,기상상태,도로형태,가해운전자 차종,가해운전자 성별,가해운전자 연령,가해운전자 상해정도,피해운전자 차종,피해운전자 성별,피해운전자 연령,피해운전자 상해정도
2022081300100021,2022년 8월 13일 01시,토요일,인천광역시 남동구 만수동,경상사고,0,0,1,0,차대차 - 측면충돌,안전운전불이행,건조,맑음,교차로 - 교차로안,승용,남,31세,상해없음,승용,남,23세,경상
2022081300100031,2022년 8월 13일 02시,토요일,인천광역시 부평구 부평동,경상사고,0,0,1,0,차대사람 - 기타,안전운전불이행,건조,맑음,단일로 - 기타,승용,남,37세,상해없음,보행자,남,25세,경상
2022081300100110,2022년 8월 13일 09시,토요일,인천광역시 강화군 선원면,중상사고,0,1,0,0,차대차 - 추돌,안전운전불이행,젖음/습기,비,단일로 - 지하차도(도로)내,화물,남,74세,상해없음,승용,여,50세,중상
2022081300100131,2022년 8월 13일 10시,토요일,인천광역시 연수구 송도동,경상사고,0,0,1,0,차대차 - 측면충돌,신호위반,건조,맑음,단일로 - 교량,특수,남,68세,상해없음,화물,남,76세,경상
2022081300100155,2022년 8월 13일 11시,토요일,인천광역시 연수구 옥련동,경상사고,0,0,3,0,차대차 - 측면충돌,교차로운행방법위반,건조,맑음,교차로 - 교차로안,승용,여,39세,상해없음,승용,여,46세,경상
2022081300100239,2022년 8월 13일 13시,토요일,인천광역시 서구 가좌동,경상사고,0,0,1,0,차대사람 - 횡단중,보행자보호의무위반,젖음/습기,비,단일로 - 기타,승용,여,48세,상해없음,보행자,남,33세,경상
2022081300100336,2022년 8월 13일 16시,토요일,인천광역시 미추홀구 숭의동,경상사고,0,0,1,0,차대차 - 측면충돌,안전거리미확보,건조,맑음,교차로 - 교차로안,승용,여,62세,상해없음,이륜,남,17세,경상
2022081300100364,2022년 8월 13일 17시,토요일,인천광역시 중구 항동7가,경상사고,0,0,2,0,차대차 - 기타,신호위반,건조,맑음,교차로 - 교차로부근,승용,남,53세,상해없음,승용,남,59세,경상
2022081300100365,2022년 8월 13일 17시,토요일,인천광역시 중구 중산동,경상사고,0,0,1,0,차대차 - 정면충돌,안전운전불이행,건조,맑음,교차로 - 교차로안,이륜,여,35세,상해없음,승용,여,31세,경상
2022081300100366,2022년 8월 13일 17시,토요일,인천광역시 미추홀구 주안동,중상사고,0,1,0,0,차대차 - 기타,안전거리미확보,건조,맑음,단일로 - 기타,승합,남,55세,상해없음,이륜,남,43세,중상
2022081300100397,2022년 8월 13일 18시,토요일,인천광역시 남동구 만수동,경상사고,0,0,1,0,차대차 - 기타,교차로운행방법위반,건조,맑음,교차로 - 교차로부근,기타불명,기타불명,미분류,기타불명,원동기,남,38세,경상
2022081300100430,2022년 8월 13일 19시,토요일,인천광역시 남동구 간석동,경상사고,0,0,1,0,차대차 - 추돌,안전운전불이행,건조,맑음,단일로 - 기타,승용,남,62세,상해없음,승용,남,27세,경상
2022081300100431,2022년 8월 13일 19시,토요일,인천광역시 서구 석남동,경상사고,0,0,3,0,차대차 - 기타,안전운전불이행,건조,맑음,단일로 - 기타,승용,남,76세,상해없음,승용,남,52세,경상
2022081300100432,2022년 8월 13일 19시,토요일,인천광역시 서구 신현동,경상사고,0,0,2,0,차대차 - 정면충돌,교차로운행방법위반,건조,맑음,교차로 - 교차로부근,이륜,남,47세,경상,이륜,여,39세,경상
2022081300100461,2022년 8월 13일 20시,토요일,인천광역시 강화군 강화읍,경상사고,0,0,1,0,차대사람 - 길가장자리구역통행중,교차로운행방법위반,건조,맑음,교차로 - 교차로안,승용,남,44세,상해없음,보행자,여,49세,경상
2022081300100510,2022년 8월 13일 22시,토요일,인천광역시 서구 가좌동,경상사고,0,0,1,0,차대사람 - 기타,안전운전불이행,건조,맑음,교차로 - 교차로횡단보도내,승합,남,63세,상해없음,보행자,남,59세,경상
2022081300100511,2022년 8월 13일 22시,토요일,인천광역시 연수구 송도동,경상사고,0,0,2,0,차대차 - 측면충돌,신호위반,건조,맑음,교차로 - 교차로부근,승용,남,52세,상해없음,승용,남,52세,경상
2022081300100512,2022년 8월 13일 22시,토요일,인천광역시 연수구 연수동,중상사고,0,1,1,0,차대차 - 측면충돌,신호위반,건조,맑음,교차로 - 교차로안,이륜,남,19세,중상,이륜,남,49세,경상
2022081400100020,2022년 8월 14일 01시,일요일,인천광역시 중구 운남동,사망사고,1,0,5,0,차대차 - 추돌,안전운전불이행,건조,맑음,교차로 - 교차로부근,승용,여,30세,사망,승용,남,53세,경상
2022081400100145,2022년 8월 14일 12시,일요일,인천광역시 남동구 간석동,경상사고,0,0,4,0,차대차 - 추돌,안전운전불이행,건조,맑음,교차로 - 교차로부근,이륜,남,27세,상해없음,승용,남,64세,경상
2022081400100146,2022년 8월 14일 12시,일요일,인천광역시 서구 석남동,경상사고,0,0,1,0,차대차 - 추돌,안전운전불이행,건조,맑음,단일로 - 기타,이륜,남,27세,상해없음,승용,남,35세,경상
2022081400100251,2022년 8월 14일 17시,일요일,인천광역시 남동구 논현동,경상사고,0,0,2,0,차대차 - 측면충돌,안전운전불이행,건조,맑음,단일로 - 지하차도(도로)내,승용,남,59세,상해없음,승용,여,22세,경상
2022081400100277,2022년 8월 14일 18시,일요일,인천광역시 미추홀구 주안동,경상사고,0,0,1,0,차대차 - 기타,중앙선침범,건조,맑음,교차로 - 교차로안,승용,여,30세,상해없음,이륜,남,42세,경상
2022081400100307,2022년 8월 14일 19시,일요일,인천광역시 서구 당하동,중상사고,0,1,2,0,차대차 - 측면충돌,신호위반,건조,흐림,교차로 - 교차로안,이륜,남,46세,중상,승용,남,30세,경상
2022081400100308,2022년 8월 14일 19시,일요일,인천광역시 부평구 부평동,중상사고,0,1,0,0,차대차 - 측면충돌,안전거리미확보,건조,맑음,단일로 - 기타,승용,남,34세,상해없음,이륜,남,50세,중상
2022081400100327,2022년 8월 14일 20시,일요일,인천광역시 남동구 구월동,부상신고사고,0,0,0,1,차대차 - 측면충돌,안전운전불이행,건조,맑음,교차로 - 교차로부근,화물,남,45세,상해없음,승용,남,62세,부상신고
2022081400100328,2022년 8월 14일 20시,일요일,인천광역시 서구 가정동,경상사고,0,0,1,0,차대차 - 측면충돌,신호위반,젖음/습기,흐림,교차로 - 교차로안,승용,여,54세,상해없음,승용,여,56세,경상
2022081400100329,2022년 8월 14일 20시,일요일,인천광역시 계양구 계산동,중상사고,0,1,0,0,차대차 - 측면충돌,신호위반,젖음/습기,흐림,단일로 - 기타,승용,여,32세,상해없음,이륜,남,52세,중상
2022081500100013,2022년 8월 15일 01시,월요일,인천광역시 미추홀구 주안동,경상사고,0,0,2,0,차대차 - 추돌,안전운전불이행,건조,맑음,단일로 - 기타,승용,남,26세,상해없음,승용,여,43세,경상
2022081500100040,2022년 8월 15일 04시,월요일,인천광역시 중구 북성동1가,중상사고,0,1,0,0,차대차 - 측면충돌,중앙선침범,건조,맑음,교차로 - 교차로부근,승용,남,23세,상해없음,승용,남,53세,중상
2022081500100064,2022년 8월 15일 07시,월요일,인천광역시 중구 운서동,경상사고,0,0,1,0,차대차 - 후진중충돌,안전운전불이행,건조,맑음,단일로 - 기타,승용,남,77세,상해없음,승용,남,54세,경상
2022081500100065,2022년 8월 15일 07시,월요일,인천광역시 서구 청라동,경상사고,0,0,3,0,차대차 - 측면충돌,신호위반,건조,맑음,교차로 - 교차로안,승용,남,30세,경상,승용,남,65세,경상
2022081500100172,2022년 8월 15일 12시,월요일,인천광역시 미추홀구 용현동,중상사고,0,1,0,0,차대차 - 측면충돌,기타,건조,맑음,교차로 - 교차로안,이륜,남,42세,중상,승용,남,67세,상해없음
2022081500100206,2022년 8월 15일 13시,월요일,인천광역시 부평구 삼산동,부상신고사고,0,0,0,1,차대사람 - 기타,안전운전불이행,건조,맑음,주차장 - 주차장,기타불명,기타불명,미분류,기타불명,보행자,남,69세,부상신고
2022081500100230,2022년 8월 15일 14시,월요일,인천광역시 중구 내동,경상사고,0,0,2,0,차대차 - 측면충돌,안전운전불이행,건조,맑음,단일로 - 교량,승용,남,50세,상해없음,승용,남,24세,경상
2022081500100265,2022년 8월 15일 15시,월요일,인천광역시 남동구 고잔동,중상사고,0,1,1,0,차대차 - 정면충돌,신호위반,건조,맑음,교차로 - 교차로안,승용,남,39세,상해없음,승용,여,38세,중상
2022081500100288,2022년 8월 15일 16시,월요일,인천광역시 부평구 삼산동,부상신고사고,0,0,0,1,차대사람 - 기타,안전운전불이행,건조,흐림,기타 - 기타,승용,남,51세,상해없음,보행자,여,23세,부상신고
2022081500100289,2022년 8월 15일 16시,월요일,인천광역시 부평구 삼산동,부상신고사고,0,0,0,1,차대사람 - 기타,안전운전불이행,건조,맑음,기타 - 기타,개인형이동수단(PM),남,23세,상해없음,보행자,남,46세,부상신고
2022081500100319,2022년 8월 15일 17시,월요일,인천광역시 서구 가좌동,경상사고,0,0,1,0,차대차 - 기타,안전운전불이행,건조,맑음,단일로 - 기타,승용,여,53세,상해없음,승용,남,24세,경상
2022081500100342,2022년 8월 15일 18시,월요일,인천광역시 부평구 청천동,경상사고,0,0,3,0,차대차 - 추돌,안전운전불이행,건조,맑음,단일로 - 기타,승용,여,60세,기타불명,승용,남,57세,경상
2022081500100343,2022년 8월 15일 18시,월요일,인천광역시 서구 연희동,경상사고,0,0,1,0,차대차 - 추돌,안전운전불이행,건조,맑음,단일로 - 기타,승용,여,35세,상해없음,이륜,남,26세,경상
2022081500100368,2022년 8월 15일 19시,월요일,인천광역시 남동구 간석동,경상사고,0,0,1,0,차대차 - 추돌,안전운전불이행,젖음/습기,비,교차로 - 교차로부근,승용,남,56세,상해없음,승용,남,38세,경상
2022081500100415,2022년 8월 15일 21시,월요일,인천광역시 부평구 부개동,경상사고,0,0,1,0,차대사람 - 횡단중,보행자보호의무위반,젖음/습기,비,교차로 - 교차로횡단보도내,승용,남,28세,상해없음,보행자,남,71세,경상
2022081500100427,2022년 8월 15일 22시,월요일,인천광역시 미추홀구 숭의동,경상사고,0,0,2,0,차대차 - 추돌,안전운전불이행,건조,맑음,교차로 - 교차로안,승용,남,56세,상해없음,승용,남,41세,기타불명
2022081500100428,2022년 8월 15일 22시,월요일,인천광역시 부평구 부평동,부상신고사고,0,0,0,1,차대사람 - 기타,안전운전불이행,건조,맑음,단일로 - 기타,자전거,남,36세,상해없음,보행자,남,32세,부상신고
2022081500100429,2022년 8월 15일 22시,월요일,인천광역시 서구 가정동,경상사고,0,0,1,0,차대차 - 기타,안전운전불이행,건조,맑음,교차로 - 교차로부근,승용,남,39세,상해없음,승용,남,39세,경상
2022081500100452,2022년 8월 15일 23시,월요일,인천광역시 연수구 연수동,중상사고,0,1,1,0,차대차 - 측면충돌,신호위반,건조,맑음,교차로 - 교차로안,승용,남,28세,상해없음,승용,여,47세,중상
2022081600100006,2022년 8월 16일 00시,화요일,인천광역시 연수구 송도동,중상사고,0,1,0,0,차대차 - 정면충돌,중앙선침범,건조,맑음,교차로 - 교차로부근,승용,남,23세,상해없음,이륜,남,39세,중상
2022081600100013,2022년 8월 16일 01시,화요일,인천광역시 남동구 간석동,중상사고,0,1,0,0,차대차 - 추돌,안전거리미확보,건조,맑음,교차로 - 교차로부근,승용,남,50세,상해없음,화물,남,48세,중상
2022081600100014,2022년 8월 16일 01시,화요일,인천광역시 남동구 논현동,경상사고,0,0,1,0,차대차 - 측면충돌,신호위반,젖음/습기,흐림,교차로 - 교차로안,승용,여,26세,상해없음,승용,남,34세,경상
2022081600100153,2022년 8월 16일 10시,화요일,인천광역시 부평구 부평동,경상사고,0,0,3,0,차대차 - 측면충돌,안전운전불이행,건조,맑음,단일로 - 기타,승용,남,70세,상해없음,승용,여,42세,경상
2022081600100154,2022년 8월 16일 10시,화요일,인천광역시 계양구 작전동,경상사고,0,0,1,0,차대차 - 측면충돌,안전운전불이행,건조,맑음,교차로 - 교차로부근,승용,남,25세,상해없음,이륜,남,60세,경상
2022081600100155,2022년 8월 16일 10시,화요일,인천광역시 남동구 논현동,중상사고,0,1,0,0,차대차 - 측면충돌,신호위반,건조,맑음,교차로 - 교차로안,화물,남,66세,상해없음,이륜,남,17세,중상
2022081600100195,2022년 8월 16일 11시,화요일,인천광역시 서구 가좌동,경상사고,0,0,1,0,차대차 - 측면충돌,안전운전불이행,건조,맑음,교차로 - 교차로안,이륜,남,39세,상해없음,승합,남,54세,경상
2022081600100219,2022년 8월 16일 12시,화요일,인천광역시 중구 운서동,부상신고사고,0,0,0,1,차대사람 - 길가장자리구역통행중,안전운전불이행,건조,맑음,단일로 - 교량,기타불명,기타불명,미분류,기타불명,보행자,남,26세,부상신고
2022081600100220,2022년 8월 16일 12시,화요일,인천광역시 서구 가좌동,경상사고,0,0,2,0,차대차 - 측면충돌,신호위반,건조,맑음,교차로 - 교차로안,승용,남,74세,상해없음,승용,여,38세,경상
2022081600100265,2022년 8월 16일 13시,화요일,인천광역시 미추홀구 학익동,경상사고,0,0,1,0,차대차 - 측면충돌,신호위반,건조,맑음,교차로 - 교차로부근,이륜,남,33세,상해없음,승용,여,49세,경상
2022081600100266,2022년 8월 16일 13시,화요일,인천광역시 미추홀구 학익동,경상사고,0,0,1,0,차대차 - 측면충돌,안전운전불이행,건조,맑음,교차로 - 교차로안,이륜,남,34세,경상,승용,남,30세,상해없음
2022081600100267,2022년 8월 16일 13시,화요일,인천광역시 남동구 고잔동,중상사고,0,1,0,0,차대차 - 추돌,안전거리미확보,건조,맑음,교차로 - 교차로부근,화물,남,26세,상해없음,이륜,남,35세,중상
2022081600100300,2022년 8월 16일 14시,화요일,인천광역시 중구 신흥동3가,경상사고,0,0,1,0,차대차 - 측면충돌,안전거리미확보,건조,맑음,단일로 - 기타,승용,여,35세,상해없음,특수,남,46세,경상
2022081600100331,2022년 8월 16일 15시,화요일,인천광역시 서구 석남동,경상사고,0,0,3,0,차대차 - 측면충돌,불법유턴,건조,맑음,단일로 - 기타,승용,여,41세,경상,승용,남,51세,경상
2022081600100332,2022년 8월 16일 15시,화요일,인천광역시 남동구 서창동,중상사고,0,1,2,0,차대차 - 추돌,안전거리미확보,건조,맑음,교차로 - 교차로안,승용,여,40세,상해없음,승용,여,45세,중상
2022081600100408,2022년 8월 16일 17시,화요일,인천광역시 서구 가정동,경상사고,0,0,1,0,차대차 - 추돌,신호위반,건조,맑음,교차로 - 교차로안,승합,남,33세,상해없음,승용,남,70세,경상
2022081600100453,2022년 8월 16일 18시,화요일,인천광역시 부평구 청천동,경상사고,0,0,1,0,차대차 - 기타,차로위반,건조,맑음,교차로 - 교차로부근,승용,여,63세,상해없음,화물,남,46세,경상
2022081600100454,2022년 8월 16일 18시,화요일,인천광역시 서구 가좌동,경상사고,0,0,1,0,차량단독 - 기타,안전운전불이행,건조,맑음,교차로 - 교차로부근,승용,남,17세,상해없음,,,,
2022081600100455,2022년 8월 16일 18시,화요일,인천광역시 계양구 계산동,경상사고,0,0,1,0,차대차 - 측면충돌,안전운전불이행,건조,맑음,교차로 - 교차로부근,승용,남,25세,상해없음,승용,남,49세,경상
2022081600100537,2022년 8월 16일 21시,화요일,인천광역시 미추홀구 문학동,경상사고,0,0,2,0,차대차 - 추돌,안전운전불이행,건조,맑음,단일로 - 기타,승용,남,30세,상해없음,승용,여,50세,경상
2022081600100551,2022년 8월 16일 22시,화요일,인천광역시 남동구 구월동,사망사고,1,0,0,0,차대사람 - 횡단중,기타,건조,맑음,단일로 - 기타,승용,남,51세,상해없음,보행자,남,36세,사망
2022081600100552,2022년 8월 16일 22시,화요일,인천광역시 남동구 구월동,경상사고,0,0,1,0,차대차 - 추돌,안전거리미확보,건조,맑음,교차로 - 교차로안,승용,여,57세,기타불명,이륜,남,19세,경상
2022081600100553,2022년 8월 16일 22시,화요일,인천광역시 서구 가정동,경상사고,0,0,1,0,차대차 - 측면충돌,차로위반,건조,맑음,단일로 - 기타,승용,여,44세,상해없음,승합,남,54세,경상
2022081600100576,2022년 8월 16일 23시,화요일,인천광역시 미추홀구 주안동,경상사고,0,0,2,0,차대차 - 추돌,안전운전불이행,건조,맑음,단일로 - 기타,화물,남,50세,경상,특수,남,46세,경상
2022081700100016,2022년 8월 17일 00시,수요일,인천광역시 미추홀구 주안동,중상사고,0,1,1,0,차대차 - 추돌,안전운전불이행,건조,맑음,교차로 - 교차로부근,승용,남,62세,기타불명,이륜,남,47세,중상
2022081700100025,2022년 8월 17일 01시,수요일,인천광역시 계양구 계산동,경상사고,0,0,2,0,차대차 - 측면충돌,안전운전불이행,건조,맑음,단일로 - 기타,승용,남,58세,경상,승용,여,60세,경상
2022081700100036,2022년 8월 17일 03시,수요일,인천광역시 남동구 고잔동,경상사고,0,0,2,0,차대차 - 정면충돌,신호위반,건조,맑음,교차로 - 교차로부근,승용,남,27세,상해없음,승용,남,68세,경상
2022081700100079,2022년 8월 17일 07시,수요일,인천광역시 남동구 만수동,경상사고,0,0,1,0,차대사람 - 횡단중,보행자보호의무위반,건조,맑음,교차로 - 교차로횡단보도내,승용,남,24세,상해없음,보행자,여,60세,경상
2022081700100109,2022년 8월 17일 08시,수요일,인천광역시 미추홀구 주안동,경상사고,0,0,1,0,차대차 - 추돌,안전운전불이행,건조,맑음,단일로 - 기타,승용,남,31세,상해없음,승용,여,41세,경상
2022081700100110,2022년 8월 17일 08시,수요일,인천광역시 미추홀구 관교동,경상사고,0,0,1,0,차대차 - 측면충돌,안전거리미확보,건조,맑음,단일로 - 기타,승용,여,48세,상해없음,승용,남,38세,경상
2022081700100145,2022년 8월 17일 09시,수요일,인천광역시 미추홀구 학익동,경상사고,0,0,1,0,차대차 - 추돌,안전거리미확보,건조,맑음,교차로 - 교차로부근,승용,남,61세,상해없음,승용,여,49세,경상
2022081700100203,2022년 8월 17일 11시,수요일,인천광역시 서구 가좌동,경상사고,0,0,2,0,차대차 - 추돌,안전운전불이행,건조,맑음,교차로 - 교차로부근,승용,남,46세,상해없음,승용,남,37세,경상
2022081700100204,2022년 8월 17일 11시,수요일,인천광역시 남동구 수산동,중상사고,0,1,0,0,차대차 - 측면충돌,안전운전불이행,건조,맑음,단일로 - 기타,승용,남,62세,상해없음,이륜,남,61세,중상
2022081700100245,2022년 8월 17일 12시,수요일,인천광역시 서구 오류동,중상사고,0,1,0,0,차대차 - 측면충돌,신호위반,건조,맑음,교차로 - 교차로안,화물,남,59세,상해없음,이륜,남,53세,중상
2022081700100246,2022년 8월 17일 12시,수요일,인천광역시 남동구 만수동,경상사고,0,0,1,0,차대차 - 측면충돌,신호위반,건조,맑음,교차로 - 교차로안,승용,여,52세,상해없음,승용,남,65세,경상
2022081700100313,2022년 8월 17일 14시,수요일,인천광역시 미추홀구 숭의동,부상신고사고,0,0,0,1,차대차 - 기타,안전운전불이행,건조,맑음,단일로 - 기타,이륜,남,42세,기타불명,자전거,남,10세,부상신고
2022081700100353,2022년 8월 17일 15시,수요일,인천광역시 계양구 용종동,경상사고,0,0,1,0,차대차 - 추돌,안전운전불이행,건조,맑음,단일로 - 기타,승용,여,53세,상해없음,승용,여,47세,경상
2022081700100355,2022년 8월 17일 15시,수요일,인천광역시 연수구 청학동,경상사고,0,0,1,0,차대차 - 측면충돌,안전운전불이행,건조,맑음,단일로 - 기타,화물,남,61세,상해없음,승용,남,77세,경상
2022081700100385,2022년 8월 17일 16시,수요일,인천광역시 미추홀구 주안동,중상사고,0,1,0,0,차대차 - 측면충돌,안전운전불이행,건조,맑음,교차로 - 교차로부근,승용,남,26세,상해없음,이륜,남,29세,중상
2022081700100386,2022년 8월 17일 16시,수요일,인천광역시 계양구 계산동,중상사고,0,1,0,0,차대차 - 정면충돌,안전운전불이행,건조,맑음,단일로 - 기타,승용,여,30세,상해없음,개인형이동수단(PM),여,33세,중상
2022081700100387,2022년 8월 17일 16시,수요일,인천광역시 남동구 논현동,경상사고,0,0,1,0,차대사람 - 보도통행중,안전운전불이행,건조,맑음,단일로 - 지하차도(도로)내,개인형이동수단(PM),남,15세,상해없음,보행자,남,19세,경상
2022081700100436,2022년 8월 17일 17시,수요일,인천광역시 서구 가정동,경상사고,0,0,1,0,차대사람 - 보도통행중,안전운전불이행,건조,맑음,단일로 - 기타,승용,남,49세,상해없음,보행자,남,47세,경상
2022081700100494,2022년 8월 17일 18시,수요일,인천광역시 남동구 서창동,중상사고,0,1,0,0,차대사람 - 횡단중,신호위반,건조,맑음,단일로 - 기타,이륜,남,56세,상해없음,보행자,여,56세,중상
2022081700100636,2022년 8월 17일 23시,수요일,인천광역시 부평구 십정동,경상사고,0,0,1,0,차대사람 - 기타,안전운전불이행,건조,맑음,기타 - 기타,승용,남,44세,기타불명,보행자,남,33세,경상
2022081800100006,2022년 8월 18일 00시,목요일,인천광역시 미추홀구 문학동,경상사고,0,0,1,0,차대차 - 기타,안전운전불이행,건조,맑음,단일로 - 기타,기타불명,기타불명,미분류,기타불명,승용,남,29세,경상
2022081800100025,2022년 8월 18일 03시,목요일,인천광역시 미추홀구 주안동,경상사고,0,0,1,0,차대차 - 측면충돌,안전운전불이행,건조,맑음,교차로 - 교차로안,승용,여,27세,상해없음,승용,남,68세,경상
2022081800100074,2022년 8월 18일 07시,목요일,인천광역시 미추홀구 주안동,경상사고,0,0,1,0,차대차 - 측면충돌,중앙선침범,건조,맑음,교차로 - 교차로부근,승용,남,30세,상해없음,승용,여,28세,경상
2022081800100075,2022년 8월 18일 07시,목요일,인천광역시 서구 가좌동,경상사고,0,0,1,0,차대차 - 추돌,안전운전불이행,건조,맑음,기타 - 기타,승용,남,65세,상해없음,승용,남,39세,경상
2022081800100109,2022년 8월 18일 08시,목요일,인천광역시 서구 청라동,경상사고,0,0,1,0,차대차 - 측면충돌,신호위반,건조,맑음,단일로 - 기타,승용,여,48세,상해없음,승용,남,57세,경상
2022081800100110,2022년 8월 18일 08시,목요일,인천광역시 연수구 동춘동,경상사고,0,0,2,0,차대차 - 측면충돌,신호위반,건조,맑음,교차로 - 교차로안,승용,여,43세,상해없음,승용,남,59세,경상
2022081800100139,2022년 8월 18일 09시,목요일,인천광역시 서구 왕길동,경상사고,0,0,1,0,차대차 - 추돌,안전운전불이행,건조,맑음,교차로 - 교차로안,기타불명,기타불명,미분류,기타불명,승용,여,57세,경상
2022081800100140,2022년 8월 18일 09시,목요일,인천광역시 남동구 논현동,경상사고,0,0,1,0,차대차 - 추돌,안전운전불이행,건조,맑음,기타 - 기타,승용,여,34세,상해없음,화물,남,42세,경상
2022081800100172,2022년 8월 18일 10시,목요일,인천광역시 부평구 부개동,중상사고,0,1,0,0,차대사람 - 기타,안전운전불이행,건조,맑음,교차로 - 교차로부근,승용,남,62세,상해없음,보행자,여,67세,중상
2022081800100214,2022년 8월 18일 11시,목요일,인천광역시 남동구 장수동,경상사고,0,0,1,0,차량단독 - 기타,기타,건조,맑음,기타 - 기타,승합,남,63세,상해없음,,,,
2022081800100308,2022년 8월 18일 14시,목요일,인천광역시 연수구 송도동,경상사고,0,0,1,0,차대차 - 추돌,안전운전불이행,기타,기타,주차장 - 주차장,승용,남,70세,상해없음,승용,남,42세,경상
2022081800100339,2022년 8월 18일 15시,목요일,인천광역시 남동구 만수동,경상사고,0,0,1,0,차대차 - 측면충돌,안전운전불이행,건조,맑음,교차로 - 교차로부근,승용,남,22세,상해없음,자전거,여,72세,경상
2022081800100416,2022년 8월 18일 17시,목요일,인천광역시 서구 가정동,경상사고,0,0,1,0,차대차 - 기타,안전운전불이행,건조,맑음,단일로 - 기타,승용,여,63세,상해없음,자전거,남,63세,경상
2022081800100417,2022년 8월 18일 17시,목요일,인천광역시 부평구 부평동,경상사고,0,0,1,0,차대차 - 정면충돌,교차로운행방법위반,건조,맑음,단일로 - 기타,승용,남,27세,상해없음,승용,여,65세,경상
2022081800100462,2022년 8월 18일 18시,목요일,인천광역시 미추홀구 주안동,경상사고,0,0,1,0,차대차 - 측면충돌,직진우회전진행방해,건조,맑음,교차로 - 교차로부근,승용,여,50세,상해없음,승합,남,52세,경상
2022081800100521,2022년 8월 18일 20시,목요일,인천광역시 부평구 부평동,경상사고,0,0,1,0,차대차 - 기타,신호위반,건조,맑음,교차로 - 교차로부근,이륜,남,48세,경상,승용,남,52세,상해없음
2022081800100546,2022년 8월 18일 21시,목요일,인천광역시 중구 항동7가,경상사고,0,0,1,0,차대차 - 측면충돌,안전운전불이행,건조,맑음,교차로 - 교차로부근,화물,남,55세,기타불명,화물,남,60세,경상
2022081800100547,2022년 8월 18일 21시,목요일,인천광역시 서구 마전동,중상사고,0,2,0,0,차대차 - 측면충돌,기타,건조,맑음,교차로 - 교차로안,승용,남,51세,중상,승용,남,48세,상해없음
2022081800100548,2022년 8월 18일 21시,목요일,인천광역시 서구 오류동,경상사고,0,0,2,0,차대차 - 추돌,안전운전불이행,기타,맑음,교차로 - 교차로부근,화물,남,67세,상해없음,승용,남,65세,경상
2022081800100560,2022년 8월 18일 22시,목요일,인천광역시 서구 검암동,경상사고,0,0,1,0,차대차 - 기타,안전운전불이행,건조,맑음,교차로 - 교차로부근,승용,여,34세,상해없음,이륜,여,34세,경상
2022081800100561,2022년 8월 18일 22시,목요일,인천광역시 계양구 서운동,경상사고,0,0,1,0,차대차 - 측면충돌,안전거리미확보,건조,맑음,단일로 - 교량,승용,남,42세,상해없음,승용,남,49세,경상
2022081800100576,2022년 8월 18일 23시,목요일,인천광역시 미추홀구 주안동,경상사고,0,0,1,0,차대차 - 추돌,안전운전불이행,건조,맑음,교차로 - 교차로부근,승용,남,38세,상해없음,승용,남,39세,경상
2022081800100577,2022년 8월 18일 23시,목요일,인천광역시 부평구 부평동,경상사고,0,0,2,0,차대차 - 측면충돌,안전거리미확보,건조,맑음,교차로 - 교차로안,승용,남,27세,상해없음,승용,남,23세,경상
2022081900100013,2022년 8월 19일 00시,금요일,인천광역시 미추홀구 주안동,경상사고,0,0,2,0,차대차 - 추돌,안전운전불이행,건조,맑음,단일로 - 기타,승용,여,28세,상해없음,승용,남,37세,경상
2022081900100034,2022년 8월 19일 04시,금요일,인천광역시 서구 석남동,경상사고,0,0,1,0,차대차 - 측면충돌,안전운전불이행,건조,맑음,단일로 - 기타,승용,남,61세,상해없음,승용,남,24세,기타불명
2022081900100058,2022년 8월 19일 06시,금요일,인천광역시 서구 원창동,경상사고,0,0,1,0,차대차 - 추돌,안전운전불이행,건조,맑음,단일로 - 교량,특수,남,67세,상해없음,승용,남,35세,경상
2022081900100108,2022년 8월 19일 08시,금요일,인천광역시 중구 항동7가,경상사고,0,0,1,0,차대차 - 정면충돌,안전운전불이행,건조,맑음,교차로 - 교차로안,화물,남,58세,상해없음,승용,여,48세,경상
2022081900100109,2022년 8월 19일 08시,금요일,인천광역시 미추홀구 주안동,경상사고,0,0,2,0,차대차 - 추돌,안전운전불이행,건조,맑음,교차로 - 교차로부근,승용,남,51세,상해없음,승용,여,46세,경상
2022081900100110,2022년 8월 19일 08시,금요일,인천광역시 남동구 만수동,경상사고,0,0,3,0,차대차 - 추돌,안전운전불이행,건조,맑음,교차로 - 교차로횡단보도내,승용,여,38세,상해없음,승용,여,40세,경상
2022081900100143,2022년 8월 19일 09시,금요일,인천광역시 서구 가좌동,중상사고,0,1,0,0,차대차 - 추돌,신호위반,건조,맑음,교차로 - 교차로안,승용,여,34세,상해없음,이륜,여,65세,중상
2022081900100180,2022년 8월 19일 10시,금요일,인천광역시 미추홀구 학익동,부상신고사고,0,0,0,1,차대차 - 기타,안전운전불이행,건조,맑음,미분류 - 미분류,화물,남,31세,부상신고,특수,남,85세,기타불명