사고번호,사고일시,요일,시군구,사고내용,사망자수,중상자수,경상자수,부상신고자수,사고유형,법규위반,노면상태,기상상태,도로형태,가해운전자 차종,가해운전자 성별,가해운전자 연령,가해운전자 상해정도,피해운전자 차종,피해운전자 성별,피해운전자 연령,피해운전자 상해정도
2022081900100181,2022년 8월 19일 10시,금요일,인천광역시 서구 청라동,경상사고,0,0,2,0,차대차 - 측면충돌,신호위반,건조,맑음,교차로 - 교차로안,승합,남,66세,상해없음,승용,여,42세,경상
2022081900100217,2022년 8월 19일 11시,금요일,인천광역시 강화군 길상면,경상사고,0,0,1,0,차대차 - 측면충돌,교차로운행방법위반,건조,맑음,교차로 - 교차로안,승용,여,46세,기타불명,승용,남,65세,경상
2022081900100252,2022년 8월 19일 12시,금요일,인천광역시 미추홀구 숭의동,경상사고,0,0,1,0,차대차 - 측면충돌,신호위반,건조,맑음,교차로 - 교차로안,승합,남,62세,상해없음,승용,여,52세,경상
2022081900100253,2022년 8월 19일 12시,금요일,인천광역시 부평구 부평동,경상사고,0,0,1,0,차대차 - 기타,안전운전불이행,건조,맑음,교차로 - 교차로안,승용,남,27세,상해없음,승용,남,37세,경상
2022081900100254,2022년 8월 19일 12시,금요일,인천광역시 서구 가정동,경상사고,0,0,1,0,차대차 - 기타,안전운전불이행,건조,맑음,단일로 - 기타,승용,남,61세,상해없음,화물,남,59세,경상
2022081900100255,2022년 8월 19일 12시,금요일,인천광역시 계양구 임학동,경상사고,0,0,1,0,차대사람 - 기타,안전운전불이행,건조,맑음,기타 - 기타,승용,남,35세,상해없음,보행자,남,57세,경상
2022081900100279,2022년 8월 19일 13시,금요일,인천광역시 서구 가좌동,경상사고,0,0,1,0,차대차 - 기타,안전운전불이행,건조,맑음,단일로 - 기타,승용,남,37세,상해없음,승용,남,61세,경상
2022081900100280,2022년 8월 19일 13시,금요일,인천광역시 연수구 동춘동,경상사고,0,0,1,0,차대차 - 후진중충돌,안전운전불이행,건조,맑음,단일로 - 기타,화물,남,56세,상해없음,승용,여,34세,경상
2022081900100347,2022년 8월 19일 15시,금요일,인천광역시 동구 송림동,경상사고,0,0,1,0,차대사람 - 기타,안전운전불이행,건조,맑음,단일로 - 기타,자전거,남,12세,기타불명,보행자,여,91세,경상
2022081900100348,2022년 8월 19일 15시,금요일,인천광역시 서구 가좌동,중상사고,0,1,0,0,차대차 - 측면충돌,안전운전불이행,건조,맑음,단일로 - 기타,승용,남,41세,상해없음,화물,남,38세,중상
2022081900100349,2022년 8월 19일 15시,금요일,인천광역시 강화군 길상면,중상사고,0,1,0,0,차대차 - 추돌,안전운전불이행,젖음/습기,비,단일로 - 지하차도(도로)내,건설기계,남,60세,상해없음,승용,남,72세,중상
2022081900100381,2022년 8월 19일 16시,금요일,인천광역시 서구 가좌동,중상사고,0,1,1,0,차대차 - 추돌,신호위반,젖음/습기,비,단일로 - 기타,승용,남,46세,상해없음,승용,남,42세,경상
2022081900100431,2022년 8월 19일 17시,금요일,인천광역시 미추홀구 학익동,경상사고,0,0,1,0,차대차 - 후진중충돌,안전운전불이행,건조,맑음,단일로 - 기타,승용,남,34세,상해없음,화물,남,32세,경상
2022081900100557,2022년 8월 19일 20시,금요일,인천광역시 서구 가정동,경상사고,0,0,1,0,차대차 - 기타,신호위반,건조,맑음,교차로 - 교차로부근,승용,남,26세,상해없음,이륜,남,57세,경상
2022081900100558,2022년 8월 19일 20시,금요일,인천광역시 부평구 부개동,경상사고,0,0,1,0,차대차 - 후진중충돌,안전운전불이행,건조,흐림,단일로 - 기타,승용,남,65세,상해없음,승용,남,28세,경상
2022082000100037,2022년 8월 20일 02시,토요일,인천광역시 미추홀구 주안동,경상사고,0,0,1,0,차대차 - 측면충돌,안전운전불이행,건조,흐림,단일로 - 기타,승용,여,34세,상해없음,승용,남,41세,경상
2022082000100038,2022년 8월 20일 02시,토요일,인천광역시 서구 검암동,경상사고,0,0,2,0,차대차 - 추돌,안전운전불이행,건조,맑음,단일로 - 기타,승용,남,46세,상해없음,승용,남,63세,경상
2022082000100039,2022년 8월 20일 02시,토요일,인천광역시 서구 연희동,경상사고,0,0,1,0,차량단독 - 기타,안전운전불이행,건조,맑음,기타 - 기타,승용,남,74세,상해없음,,,,
2022082000100066,2022년 8월 20일 05시,토요일,인천광역시 부평구 청천동,중상사고,0,1,0,0,차대차 - 기타,신호위반,건조,맑음,교차로 - 교차로안,승용,남,76세,상해없음,승합,남,54세,중상
2022082000100090,2022년 8월 20일 07시,토요일,인천광역시 서구 검암동,경상사고,0,0,1,0,차대차 - 기타,안전운전불이행,건조,맑음,기타 - 기타,승용,남,61세,상해없음,화물,남,49세,경상
2022082000100200,2022년 8월 20일 11시,토요일,인천광역시 남동구 구월동,경상사고,0,0,3,0,차대차 - 후진중충돌,안전운전불이행,건조,맑음,주차장 - 주차장,승용,여,39세,상해없음,승용,남,48세,경상
2022082000100243,2022년 8월 20일 12시,토요일,인천광역시 남동구 구월동,경상사고,0,0,1,0,차대차 - 추돌,안전운전불이행,건조,맑음,단일로 - 기타,승용,여,58세,상해없음,화물,남,26세,경상
2022082000100244,2022년 8월 20일 12시,토요일,인천광역시 계양구 작전동,경상사고,0,0,1,0,차대차 - 측면충돌,안전운전불이행,건조,맑음,교차로 - 교차로안,화물,남,68세,상해없음,승용,여,63세,경상
2022082000100334,2022년 8월 20일 14시,토요일,인천광역시 미추홀구 주안동,경상사고,0,0,1,0,차대차 - 측면충돌,안전거리미확보,건조,맑음,교차로 - 교차로안,화물,남,64세,기타불명,승용,여,28세,경상
2022082000100335,2022년 8월 20일 14시,토요일,인천광역시 서구 왕길동,경상사고,0,0,1,0,차대차 - 정면충돌,중앙선침범,건조,맑음,교차로 - 교차로부근,승용,남,19세,상해없음,이륜,남,47세,경상
2022082000100336,2022년 8월 20일 14시,토요일,인천광역시 강화군 길상면,경상사고,0,0,1,0,차대차 - 측면충돌,안전운전불이행,건조,맑음,단일로 - 지하차도(도로)내,승용,남,66세,상해없음,승용,남,46세,경상
2022082000100374,2022년 8월 20일 15시,토요일,인천광역시 서구 마전동,경상사고,0,0,1,0,차대차 - 기타,안전거리미확보,건조,맑음,교차로 - 교차로안,승용,남,41세,상해없음,승합,남,41세,상해없음
2022082000100412,2022년 8월 20일 16시,토요일,인천광역시 미추홀구 도화동,경상사고,0,0,1,0,차대사람 - 횡단중,교차로운행방법위반,건조,맑음,교차로 - 교차로부근,승용,남,49세,상해없음,보행자,남,73세,경상
2022082000100454,2022년 8월 20일 17시,토요일,인천광역시 중구 을왕동,중상사고,0,1,0,0,차대사람 - 횡단중,안전운전불이행,건조,맑음,단일로 - 기타,승용,여,32세,상해없음,보행자,여,15세,중상
2022082000100455,2022년 8월 20일 17시,토요일,인천광역시 서구 청라동,경상사고,0,0,1,0,차대사람 - 길가장자리구역통행중,안전운전불이행,건조,맑음,단일로 - 기타,화물,남,70세,상해없음,보행자,남,14세,경상
2022082000100488,2022년 8월 20일 18시,토요일,인천광역시 미추홀구 주안동,중상사고,0,1,1,0,차대차 - 추돌,중앙선침범,건조,맑음,단일로 - 기타,이륜,남,40세,중상,승용,여,61세,경상
2022082000100489,2022년 8월 20일 18시,토요일,인천광역시 미추홀구 주안동,경상사고,0,0,3,0,차대차 - 측면충돌,안전거리미확보,건조,맑음,교차로 - 교차로부근,승용,여,55세,상해없음,승용,남,27세,경상
2022082000100490,2022년 8월 20일 18시,토요일,인천광역시 강화군 강화읍,경상사고,0,0,1,0,차대차 - 측면충돌,직진우회전진행방해,건조,맑음,교차로 - 교차로안,승용,남,69세,상해없음,이륜,여,59세,경상
2022082000100520,2022년 8월 20일 19시,토요일,인천광역시 동구 송현동,경상사고,0,0,4,0,차대차 - 측면충돌,안전운전불이행,건조,맑음,단일로 - 기타,승용,남,45세,경상,화물,남,39세,경상
2022082000100547,2022년 8월 20일 20시,토요일,인천광역시 계양구 작전동,경상사고,0,0,2,0,차대차 - 추돌,안전운전불이행,건조,맑음,교차로 - 교차로부근,화물,여,67세,상해없음,승용,남,27세,경상
2022082000100548,2022년 8월 20일 20시,토요일,인천광역시 부평구 갈산동,경상사고,0,0,1,0,차대차 - 기타,안전운전불이행,기타,기타,단일로 - 기타,승용,남,36세,상해없음,승용,남,28세,경상
2022082000100580,2022년 8월 20일 21시,토요일,인천광역시 미추홀구 주안동,경상사고,0,0,1,0,차대차 - 후진중충돌,안전운전불이행,건조,맑음,단일로 - 기타,승용,남,42세,상해없음,이륜,남,45세,경상
2022082000100634,2022년 8월 20일 23시,토요일,인천광역시 부평구 청천동,경상사고,0,0,3,0,차대차 - 측면충돌,중앙선침범,건조,맑음,교차로 - 교차로부근,승용,남,30세,상해없음,승용,남,66세,경상
2022082100100013,2022년 8월 21일 00시,일요일,인천광역시 강화군 하점면,경상사고,0,0,1,0,차대차 - 기타,안전운전불이행,젖음/습기,흐림,교차로 - 교차로안,승용,남,27세,상해없음,승용,남,28세,상해없음
2022082100100076,2022년 8월 21일 08시,일요일,인천광역시 부평구 청천동,경상사고,0,0,1,0,차대차 - 기타,차로위반,건조,맑음,단일로 - 기타,승용,남,69세,상해없음,승용,남,27세,경상
2022082100100077,2022년 8월 21일 08시,일요일,인천광역시 계양구 용종동,경상사고,0,0,1,0,차대차 - 추돌,안전운전불이행,건조,맑음,단일로 - 기타,승용,남,36세,상해없음,승용,여,43세,경상
2022082100100085,2022년 8월 21일 09시,일요일,인천광역시 중구 운서동,중상사고,0,2,0,0,차대차 - 추돌,안전운전불이행,건조,맑음,단일로 - 기타,자전거,남,42세,중상,자전거,여,43세,중상
2022082100100111,2022년 8월 21일 10시,일요일,인천광역시 미추홀구 문학동,중상사고,0,1,0,0,차대차 - 정면충돌,신호위반,건조,맑음,교차로 - 교차로안,승용,남,27세,상해없음,승용,여,49세,중상
2022082100100135,2022년 8월 21일 11시,일요일,인천광역시 서구 석남동,중상사고,0,1,0,0,차량단독 - 전도전복 - 전도,안전운전불이행,건조,맑음,단일로 - 기타,이륜,남,22세,중상,,,,
2022082100100254,2022년 8월 21일 15시,일요일,인천광역시 서구 청라동,경상사고,0,0,1,0,차대차 - 기타,안전운전불이행,건조,맑음,단일로 - 기타,기타불명,기타불명,미분류,기타불명,자전거,남,11세,경상
2022082100100255,2022년 8월 21일 15시,일요일,인천광역시 강화군 강화읍,사망사고,1,0,0,0,차대차 - 측면충돌,교차로운행방법위반,건조,맑음,교차로 - 교차로안,승합,남,23세,상해없음,자전거,남,79세,사망
2022082100100287,2022년 8월 21일 16시,일요일,인천광역시 미추홀구 용현동,경상사고,0,0,1,0,차대사람 - 기타,안전운전불이행,건조,맑음,단일로 - 기타,승용,여,23세,상해없음,보행자,여,56세,경상
2022082100100288,2022년 8월 21일 16시,일요일,인천광역시 부평구 청천동,경상사고,0,0,2,0,차대차 - 기타,신호위반,건조,맑음,교차로 - 교차로안,승용,남,56세,상해없음,승용,남,68세,경상
2022082100100289,2022년 8월 21일 16시,일요일,인천광역시 남동구 만수동,경상사고,0,0,1,0,차대차 - 후진중충돌,안전운전불이행,건조,맑음,교차로 - 교차로횡단보도내,화물,남,38세,상해없음,이륜,남,29세,경상
2022082100100341,2022년 8월 21일 18시,일요일,인천광역시 서구 가좌동,경상사고,0,0,2,0,차대차 - 기타,안전운전불이행,건조,맑음,기타 - 기타,승용,남,72세,상해없음,승용,남,44세,경상
2022082100100365,2022년 8월 21일 19시,일요일,인천광역시 남동구 논현동,경상사고,0,0,1,0,차대차 - 측면충돌,안전운전불이행,건조,맑음,단일로 - 기타,자전거,남,61세,상해없음,자전거,여,37세,경상
2022082100100389,2022년 8월 21일 20시,일요일,인천광역시 남동구 만수동,경상사고,0,0,4,0,차대차 - 정면충돌,안전운전불이행,건조,맑음,교차로 - 교차로부근,승용,남,46세,상해없음,승용,남,55세,경상
2022082100100390,2022년 8월 21일 20시,일요일,인천광역시 남동구 서창동,경상사고,0,0,1,0,차대차 - 추돌,안전운전불이행,건조,맑음,단일로 - 지하차도(도로)내,승용,남,37세,상해없음,승용,여,31세,경상
2022082100100414,2022년 8월 21일 21시,일요일,인천광역시 중구 운서동,사망사고,1,1,0,0,차대차 - 측면충돌,안전거리미확보,건조,맑음,단일로 - 기타,승용,여,36세,사망,승용,여,32세,중상
2022082200100011,2022년 8월 22일 03시,월요일,인천광역시 서구 청라동,경상사고,0,0,1,0,차대차 - 측면충돌,안전운전불이행,건조,맑음,단일로 - 기타,승합,남,72세,상해없음,승용,남,27세,경상
2022082200100024,2022년 8월 22일 05시,월요일,인천광역시 남동구 만수동,경상사고,0,0,1,0,차대차 - 측면충돌,안전거리미확보,건조,맑음,단일로 - 기타,승용,남,64세,상해없음,승용,남,45세,경상
2022082200100046,2022년 8월 22일 06시,월요일,인천광역시 강화군 길상면,경상사고,0,0,1,0,차대차 - 정면충돌,중앙선침범,건조,맑음,단일로 - 지하차도(도로)내,승용,남,24세,상해없음,화물,남,48세,경상
2022082200100070,2022년 8월 22일 07시,월요일,인천광역시 서구 가좌동,경상사고,0,0,1,0,차대차 - 기타,안전운전불이행,건조,맑음,기타 - 기타,승용,남,55세,기타불명,자전거,남,61세,경상
2022082200100116,2022년 8월 22일 08시,월요일,인천광역시 미추홀구 숭의동,경상사고,0,0,1,0,차대차 - 측면충돌,교차로운행방법위반,건조,맑음,교차로 - 교차로안,승용,여,61세,상해없음,승용,남,78세,경상
2022082200100159,2022년 8월 22일 09시,월요일,인천광역시 부평구 일신동,중상사고,0,1,1,0,차대차 - 측면충돌,신호위반,건조,맑음,단일로 - 기타,승용,남,75세,상해없음,승용,남,23세,중상
2022082200100190,2022년 8월 22일 10시,월요일,인천광역시 계양구 상야동,경상사고,0,0,5,0,차대차 - 추돌,안전운전불이행,건조,맑음,단일로 - 기타,승용,남,59세,상해없음,승용,남,59세,경상
2022082200100226,2022년 8월 22일 11시,월요일,인천광역시 계양구 효성동,경상사고,0,0,1,0,차대차 - 측면충돌,신호위반,건조,맑음,단일로 - 기타,승용,여,61세,상해없음,승용,남,27세,경상
2022082200100247,2022년 8월 22일 12시,월요일,인천광역시 부평구 부개동,중상사고,0,1,0,0,차대사람 - 기타,안전운전불이행,건조,맑음,교차로 - 교차로부근,화물,남,59세,상해없음,보행자,남,75세,중상
2022082200100384,2022년 8월 22일 17시,월요일,인천광역시 남동구 간석동,경상사고,0,0,3,0,차대차 - 기타,기타,건조,맑음,단일로 - 기타,승용,남,58세,상해없음,승용,남,64세,경상
2022082200100429,2022년 8월 22일 18시,월요일,인천광역시 서구 청라동,경상사고,0,0,1,0,차대사람 - 횡단중,신호위반,건조,흐림,교차로 - 교차로횡단보도내,승용,여,73세,상해없음,보행자,남,9세,경상
2022082200100430,2022년 8월 22일 18시,월요일,인천광역시 남동구 논현동,부상신고사고,0,0,0,1,차대사람 - 횡단중,보행자보호의무위반,건조,맑음,교차로 - 교차로안,기타불명,기타불명,미분류,기타불명,보행자,여,17세,부상신고
2022082200100458,2022년 8월 22일 19시,월요일,인천광역시 서구 당하동,중상사고,0,1,0,0,차대사람 - 횡단중,신호위반,건조,맑음,단일로 - 기타,승용,남,42세,상해없음,보행자,여,13세,중상
2022082200100487,2022년 8월 22일 20시,월요일,인천광역시 서구 청라동,경상사고,0,0,1,0,차대차 - 측면충돌,신호위반,건조,맑음,교차로 - 교차로부근,이륜,남,31세,상해없음,개인형이동수단(PM),남,16세,경상
2022082200100510,2022년 8월 22일 21시,월요일,인천광역시 서구 원창동,경상사고,0,0,3,0,차대차 - 측면충돌,안전거리미확보,젖음/습기,비,단일로 - 기타,승용,남,52세,기타불명,승합,남,62세,경상
2022082200100511,2022년 8월 22일 21시,월요일,인천광역시 강화군 강화읍,사망사고,1,0,0,0,차대사람 - 보도통행중,신호위반,젖음/습기,비,교차로 - 교차로안,승용,남,54세,상해없음,보행자,여,73세,사망
2022082200100512,2022년 8월 22일 21시,월요일,인천광역시 연수구 옥련동,경상사고,0,0,1,0,차대차 - 측면충돌,안전운전불이행,건조,맑음,교차로 - 교차로부근,승용,남,19세,상해없음,승용,여,56세,경상
2022082200100546,2022년 8월 22일 23시,월요일,인천광역시 서구 왕길동,경상사고,0,0,2,0,차대차 - 추돌,안전운전불이행,건조,맑음,교차로 - 교차로안,승용,남,40세,상해없음,승용,남,40세,경상
2022082300100024,2022년 8월 23일 01시,화요일,인천광역시 미추홀구 주안동,경상사고,0,0,1,0,차대차 - 기타,안전운전불이행,건조,맑음,단일로 - 기타,승용,남,23세,기타불명,이륜,남,42세,경상
2022082300100043,2022년 8월 23일 05시,화요일,인천광역시 미추홀구 주안동,경상사고,0,0,3,0,차대차 - 측면충돌,안전운전불이행,젖음/습기,비,교차로 - 교차로부근,승용,남,44세,상해없음,승용,남,21세,경상
2022082300100044,2022년 8월 23일 05시,화요일,인천광역시 부평구 청천동,경상사고,0,0,1,0,차량단독 - 기타,기타,젖음/습기,비,단일로 - 기타,승합,남,51세,상해없음,,,,
2022082300100045,2022년 8월 23일 05시,화요일,인천광역시 계양구 용종동,중상사고,0,1,3,1,차대차 - 추돌,안전거리미확보,젖음/습기,비,단일로 - 기타,승용,남,21세,상해없음,승용,남,62세,경상
2022082300100078,2022년 8월 23일 07시,화요일,인천광역시 남동구 만수동,경상사고,0,0,1,0,차대차 - 측면충돌,안전거리미확보,젖음/습기,비,교차로 - 교차로부근,승용,남,50세,상해없음,승용,남,40세,경상
2022082300100109,2022년 8월 23일 08시,화요일,인천광역시 부평구 부평동,경상사고,0,0,1,0,차대차 - 추돌,안전운전불이행,건조,맑음,교차로 - 교차로부근,승용,남,26세,상해없음,승용,여,51세,경상
2022082300100138,2022년 8월 23일 09시,화요일,인천광역시 부평구 산곡동,경상사고,0,0,1,0,차대차 - 기타,차로위반,건조,맑음,단일로 - 기타,화물,남,60세,상해없음,승용,남,24세,경상
2022082300100169,2022년 8월 23일 10시,화요일,인천광역시 남동구 논현동,경상사고,0,0,1,0,차대사람 - 길가장자리구역통행중,안전운전불이행,건조,맑음,단일로 - 기타,화물,남,52세,상해없음,보행자,남,30세,경상
2022082300100197,2022년 8월 23일 11시,화요일,인천광역시 서구 가좌동,경상사고,0,0,1,0,차대사람 - 기타,안전운전불이행,건조,맑음,단일로 - 기타,화물,남,26세,상해없음,보행자,남,54세,경상
2022082300100273,2022년 8월 23일 13시,화요일,인천광역시 강화군 선원면,사망사고,1,0,2,0,차대차 - 측면충돌,기타,건조,맑음,교차로 - 교차로안,승용,남,60세,경상,승용,남,84세,경상
2022082300100274,2022년 8월 23일 13시,화요일,인천광역시 연수구 송도동,중상사고,0,3,1,0,차대차 - 추돌,안전거리미확보,건조,맑음,단일로 - 교량,승용,남,32세,중상,화물,남,53세,경상
2022082300100304,2022년 8월 23일 14시,화요일,인천광역시 부평구 부평동,중상사고,0,1,0,0,차량단독 - 기타,안전운전불이행,건조,맑음,기타 - 기타,승합,남,57세,상해없음,,,,
2022082300100305,2022년 8월 23일 14시,화요일,인천광역시 남동구 남촌동,경상사고,0,0,2,0,차대차 - 측면충돌,교차로운행방법위반,건조,맑음,교차로 - 교차로안,화물,남,68세,상해없음,승용,남,51세,경상
2022082300100306,2022년 8월 23일 14시,화요일,인천광역시 서구 가정동,중상사고,0,1,0,0,차대차 - 측면충돌,안전운전불이행,건조,맑음,단일로 - 기타,화물,남,74세,상해없음,화물,남,45세,중상
2022082300100307,2022년 8월 23일 14시,화요일,인천광역시 계양구 귤현동,경상사고,0,0,1,0,차대차 - 추돌,안전거리미확보,건조,맑음,단일로 - 교량,특수,남,47세,상해없음,승용,여,56세,경상
2022082300100351,2022년 8월 23일 15시,화요일,인천광역시 옹진군 북도면,경상사고,0,0,3,0,차대사람 - 기타,안전운전불이행,건조,맑음,단일로 - 기타,승용,남,75세,상해없음,보행자,여,66세,경상
2022082300100390,2022년 8월 23일 16시,화요일,인천광역시 미추홀구 용현동,중상사고,0,1,0,0,차대사람 - 기타,안전운전불이행,건조,맑음,주차장 - 주차장,화물,남,48세,상해없음,보행자,여,80세,중상
2022082300100445,2022년 8월 23일 17시,화요일,인천광역시 중구 중산동,경상사고,0,0,1,0,차대차 - 측면충돌,교차로운행방법위반,건조,맑음,교차로 - 교차로부근,승용,남,64세,상해없음,승용,남,37세,경상
2022082300100446,2022년 8월 23일 17시,화요일,인천광역시 미추홀구 학익동,경상사고,0,0,1,0,차대차 - 측면충돌,안전운전불이행,건조,맑음,교차로 - 교차로안,자전거,남,11세,경상,승합,여,46세,상해없음
2022082300100447,2022년 8월 23일 17시,화요일,인천광역시 계양구 작전동,경상사고,0,0,1,0,차대사람 - 기타,안전운전불이행,건조,맑음,기타 - 기타,기타불명,기타불명,미분류,기타불명,보행자,여,63세,경상
2022082300100448,2022년 8월 23일 17시,화요일,인천광역시 부평구 갈산동,중상사고,0,1,0,0,차대사람 - 보도통행중,기타,건조,맑음,단일로 - 기타,자전거,여,64세,상해없음,보행자,여,52세,중상
2022082300100499,2022년 8월 23일 18시,화요일,인천광역시 남동구 만수동,중상사고,0,1,0,0,차대차 - 측면충돌,신호위반,건조,맑음,교차로 - 교차로안,승합,남,26세,상해없음,이륜,남,56세,중상
2022082300100533,2022년 8월 23일 19시,화요일,인천광역시 부평구 십정동,경상사고,0,0,2,0,차대차 - 측면충돌,중앙선침범,건조,맑음,교차로 - 교차로부근,승합,남,62세,상해없음,승합,남,68세,경상
2022082300100587,2022년 8월 23일 21시,화요일,인천광역시 부평구 청천동,경상사고,0,0,2,0,차대차 - 기타,안전운전불이행,건조,맑음,교차로 - 교차로부근,화물,남,28세,상해없음,승용,남,33세,경상
2022082300100588,2022년 8월 23일 21시,화요일,인천광역시 부평구 부평동,경상사고,0,0,1,0,차대차 - 측면충돌,안전운전불이행,건조,맑음,교차로 - 교차로안,승용,여,27세,상해없음,승용,여,60세,경상
2022082400100010,2022년 8월 24일 00시,수요일,인천광역시 부평구 부평동,부상신고사고,0,0,0,1,차대사람 - 횡단중,안전운전불이행,건조,맑음,단일로 - 터널,승용,남,26세,상해없음,보행자,남,29세,부상신고
2022082400100159,2022년 8월 24일 09시,수요일,인천광역시 부평구 십정동,경상사고,0,0,1,0,차대차 - 후진중충돌,안전운전불이행,건조,맑음,단일로 - 기타,화물,남,34세,상해없음,승용,남,56세,경상
2022082400100226,2022년 8월 24일 11시,수요일,인천광역시 부평구 삼산동,중상사고,0,1,0,0,차대차 - 측면충돌,안전운전불이행,건조,맑음,교차로 - 교차로부근,승용,남,41세,상해없음,개인형이동수단(PM),남,75세,중상
2022082400100227,2022년 8월 24일 11시,수요일,인천광역시 부평구 삼산동,경상사고,0,0,2,0,차대차 - 측면충돌,안전거리미확보,건조,맑음,단일로 - 기타,승용,남,36세,경상,승용,남,62세,경상
2022082400100264,2022년 8월 24일 12시,수요일,인천광역시 서구 청라동,경상사고,0,0,3,0,차대차 - 정면충돌,신호위반,건조,맑음,교차로 - 교차로안,승합,남,61세,상해없음,승용,남,53세,경상
2022082400100297,2022년 8월 24일 13시,수요일,인천광역시 남동구 만수동,경상사고,0,0,1,0,차대차 - 측면충돌,안전운전불이행,건조,맑음,단일로 - 기타,승용,남,59세,상해없음,화물,남,50세,경상
2022082400100327,2022년 8월 24일 14시,수요일,인천광역시 미추홀구 주안동,경상사고,0,0,2,0,차대차 - 추돌,안전운전불이행,건조,맑음,단일로 - 고가도로위,승용,여,31세,상해없음,승용,남,50세,경상
2022082400100348,2022년 8월 24일 15시,수요일,인천광역시 부평구 부평동,경상사고,0,0,1,0,차대차 - 측면충돌,신호위반,건조,맑음,교차로 - 교차로부근,승용,여,43세,상해없음,승용,남,23세,경상
2022082400100393,2022년 8월 24일 16시,수요일,인천광역시 서구 청라동,중상사고,0,1,0,0,차대사람 - 보도통행중,보행자보호의무위반,건조,맑음,교차로 - 교차로횡단보도내,화물,남,43세,상해없음,보행자,남,7세,중상
2022082400100440,2022년 8월 24일 17시,수요일,인천광역시 부평구 부평동,부상신고사고,0,0,0,1,차대사람 - 기타,안전운전불이행,건조,맑음,기타 - 기타,승용,여,50세,상해없음,보행자,여,43세,부상신고
2022082400100552,2022년 8월 24일 20시,수요일,인천광역시 동구 송현동,중상사고,0,1,0,0,차대사람 - 횡단중,보행자보호의무위반,건조,맑음,교차로 - 교차로횡단보도내,화물,남,67세,상해없음,보행자,남,56세,중상
2022082400100553,2022년 8월 24일 20시,수요일,인천광역시 부평구 산곡동,경상사고,0,0,1,0,차량단독 - 기타,안전운전불이행,건조,맑음,단일로 - 기타,승용,남,70세,상해없음,,,,
2022082400100573,2022년 8월 24일 21시,수요일,인천광역시 서구 가정동,경상사고,0,0,1,0,차대차 - 측면충돌,안전운전불이행,건조,맑음,교차로 - 교차로부근,승용,여,29세,상해없음,승용,남,21세,경상
2022082400100602,2022년 8월 24일 22시,수요일,인천광역시 계양구 계산동,경상사고,0,0,1,0,차대차 - 측면충돌,안전운전불이행,건조,맑음,단일로 - 기타,승용,남,33세,상해없음,승용,여,47세,경상
2022082500100015,2022년 8월 25일 01시,목요일,인천광역시 미추홀구 주안동,사망사고,1,0,0,0,차대사람 - 기타,안전운전불이행,건조,맑음,단일로 - 기타,승용,남,69세,기타불명,보행자,여,54세,사망
2022082500100022,2022년 8월 25일 02시,목요일,인천광역시 연수구 송도동,경상사고,0,0,1,0,차대차 - 추돌,안전운전불이행,건조,맑음,교차로 - 교차로부근,승용,남,48세,상해없음,승용,남,26세,경상
2022082500100050,2022년 8월 25일 06시,목요일,인천광역시 연수구 송도동,경상사고,0,0,1,0,차대차 - 기타,중앙선침범,건조,맑음,기타 - 기타,승용,남,41세,상해없음,승합,여,52세,경상
2022082500100096,2022년 8월 25일 08시,목요일,인천광역시 부평구 십정동,경상사고,0,0,1,0,차대차 - 측면충돌,안전운전불이행,건조,맑음,단일로 - 기타,화물,남,48세,상해없음,화물,남,31세,경상
2022082500100097,2022년 8월 25일 08시,목요일,인천광역시 남동구 구월동,경상사고,0,0,3,0,차대차 - 후진중충돌,안전운전불이행,건조,흐림,주차장 - 주차장,승용,여,45세,상해없음,화물,남,66세,경상
2022082500100099,2022년 8월 25일 08시,목요일,인천광역시 남동구 논현동,경상사고,0,0,1,0,차대사람 - 횡단중,신호위반,건조,맑음,단일로 - 기타,자전거,남,15세,상해없음,보행자,여,18세,경상
2022082500100155,2022년 8월 25일 10시,목요일,인천광역시 미추홀구 관교동,경상사고,0,0,1,0,차대차 - 측면충돌,안전거리미확보,건조,맑음,단일로 - 기타,원동기,남,26세,경상,승용,남,28세,상해없음
2022082500100156,2022년 8월 25일 10시,목요일,인천광역시 미추홀구 주안동,경상사고,0,0,3,0,차대차 - 후진중충돌,불법유턴,건조,맑음,교차로 - 교차로부근,화물,남,37세,상해없음,승용,남,29세,경상
2022082500100157,2022년 8월 25일 10시,목요일,인천광역시 계양구 작전동,경상사고,0,0,1,0,차대사람 - 기타,안전운전불이행,건조,맑음,기타 - 기타,기타불명,기타불명,미분류,기타불명,보행자,남,65세,경상
2022082500100158,2022년 8월 25일 10시,목요일,인천광역시 계양구 계산동,경상사고,0,0,3,0,차대차 - 측면충돌,안전운전불이행,건조,맑음,단일로 - 기타,화물,남,64세,상해없음,승용,남,20세,경상
2022082500100159,2022년 8월 25일 10시,목요일,인천광역시 연수구 동춘동,경상사고,0,0,1,0,차대차 - 측면충돌,신호위반,젖음/습기,비,교차로 - 교차로안,승용,여,39세,상해없음,승용,여,50세,경상
2022082500100160,2022년 8월 25일 10시,목요일,인천광역시 연수구 송도동,경상사고,0,0,1,0,차대차 - 추돌,안전운전불이행,건조,맑음,단일로 - 기타,승용,남,52세,상해없음,특수,남,60세,경상