사고번호,사고일시,요일,시군구,사고내용,사망자수,중상자수,경상자수,부상신고자수,사고유형,법규위반,노면상태,기상상태,도로형태,가해운전자 차종,가해운전자 성별,가해운전자 연령,가해운전자 상해정도,피해운전자 차종,피해운전자 성별,피해운전자 연령,피해운전자 상해정도
2022082500100161,2022년 8월 25일 10시,목요일,인천광역시 남동구 도림동,경상사고,0,0,1,0,차대차 - 측면충돌,불법유턴,건조,맑음,단일로 - 고가도로위,승용,남,19세,상해없음,승용,여,43세,경상
2022082500100194,2022년 8월 25일 11시,목요일,인천광역시 서구 석남동,경상사고,0,0,1,0,차대차 - 측면충돌,안전운전불이행,젖음/습기,비,단일로 - 기타,기타불명,여,75세,경상,이륜,남,40세,상해없음
2022082500100271,2022년 8월 25일 13시,목요일,인천광역시 서구 청라동,경상사고,0,0,2,0,차대차 - 추돌,안전거리미확보,건조,맑음,교차로 - 교차로부근,승용,여,55세,상해없음,승용,남,40세,경상
2022082500100440,2022년 8월 25일 18시,목요일,인천광역시 강화군 교동면,경상사고,0,0,1,0,차대차 - 정면충돌,중앙선침범,건조,맑음,단일로 - 지하차도(도로)내,화물,남,27세,상해없음,승용,남,51세,경상
2022082500100441,2022년 8월 25일 18시,목요일,인천광역시 연수구 동춘동,경상사고,0,0,1,0,차대차 - 측면충돌,신호위반,건조,맑음,단일로 - 기타,승용,남,62세,상해없음,승용,남,25세,경상
2022082500100481,2022년 8월 25일 19시,목요일,인천광역시 미추홀구 주안동,경상사고,0,0,1,0,차대사람 - 기타,안전운전불이행,건조,맑음,단일로 - 기타,승용,남,61세,상해없음,보행자,남,25세,경상
2022082500100507,2022년 8월 25일 20시,목요일,인천광역시 계양구 서운동,경상사고,0,0,2,0,차대차 - 측면충돌,안전운전불이행,건조,흐림,단일로 - 기타,승용,남,63세,상해없음,승용,남,30세,경상
2022082600100009,2022년 8월 26일 00시,금요일,인천광역시 부평구 부평동,경상사고,0,0,1,0,차량단독 - 기타,안전운전불이행,건조,맑음,기타 - 기타,승합,남,60세,상해없음,,,,
2022082600100029,2022년 8월 26일 02시,금요일,인천광역시 서구 청라동,경상사고,0,0,1,0,차대차 - 기타,교차로운행방법위반,건조,맑음,기타 - 기타,화물,남,40세,상해없음,승용,남,45세,경상
2022082600100030,2022년 8월 26일 02시,금요일,인천광역시 연수구 연수동,경상사고,0,0,1,0,차대차 - 측면충돌,안전운전불이행,건조,흐림,교차로 - 교차로부근,승용,남,51세,상해없음,승용,남,54세,경상
2022082600100046,2022년 8월 26일 05시,금요일,인천광역시 연수구 송도동,경상사고,0,0,1,0,차대차 - 측면충돌,안전운전불이행,건조,맑음,교차로 - 교차로부근,승용,여,43세,상해없음,승용,남,27세,경상
2022082600100118,2022년 8월 26일 08시,금요일,인천광역시 미추홀구 용현동,경상사고,0,0,1,0,차대차 - 추돌,안전운전불이행,건조,맑음,단일로 - 지하차도(도로)내,이륜,남,26세,상해없음,승용,남,29세,경상
2022082600100119,2022년 8월 26일 08시,금요일,인천광역시 부평구 십정동,중상사고,0,1,0,0,차대차 - 측면충돌,안전운전불이행,건조,맑음,단일로 - 기타,승용,남,55세,상해없음,승합,남,53세,중상
2022082600100120,2022년 8월 26일 08시,금요일,인천광역시 부평구 갈산동,경상사고,0,0,1,0,차대차 - 기타,안전운전불이행,건조,맑음,단일로 - 기타,화물,남,52세,상해없음,승용,남,36세,경상
2022082600100182,2022년 8월 26일 10시,금요일,인천광역시 계양구 용종동,경상사고,0,0,1,0,차대차 - 측면충돌,안전운전불이행,건조,맑음,교차로 - 교차로부근,승용,남,19세,상해없음,승용,남,38세,경상
2022082600100243,2022년 8월 26일 12시,금요일,인천광역시 계양구 계산동,경상사고,0,0,1,0,차대차 - 추돌,안전운전불이행,건조,맑음,단일로 - 기타,승용,남,47세,상해없음,승용,남,61세,경상
2022082600100304,2022년 8월 26일 14시,금요일,인천광역시 남동구 만수동,경상사고,0,0,1,0,차대차 - 추돌,안전운전불이행,건조,맑음,단일로 - 기타,승용,여,64세,상해없음,승용,남,64세,경상
2022082600100305,2022년 8월 26일 14시,금요일,인천광역시 서구 심곡동,경상사고,0,0,1,0,차대차 - 측면충돌,안전거리미확보,건조,맑음,단일로 - 기타,승용,남,65세,상해없음,승용,남,57세,경상
2022082600100346,2022년 8월 26일 15시,금요일,인천광역시 남동구 간석동,경상사고,0,0,2,0,차대차 - 추돌,안전운전불이행,기타,맑음,교차로 - 교차로부근,화물,남,58세,상해없음,화물,남,40세,경상
2022082600100347,2022년 8월 26일 15시,금요일,인천광역시 서구 신현동,경상사고,0,0,1,0,차대차 - 측면충돌,안전운전불이행,건조,맑음,단일로 - 기타,승용,여,59세,상해없음,자전거,남,7세,경상
2022082600100348,2022년 8월 26일 15시,금요일,인천광역시 부평구 삼산동,경상사고,0,0,1,0,차대사람 - 기타,기타,기타,기타,기타 - 기타,승합,남,34세,상해없음,보행자,여,70세,경상
2022082600100387,2022년 8월 26일 16시,금요일,인천광역시 연수구 옥련동,경상사고,0,0,1,0,차대차 - 추돌,안전운전불이행,건조,맑음,교차로 - 교차로안,승용,남,26세,상해없음,승용,남,60세,경상
2022082600100388,2022년 8월 26일 16시,금요일,인천광역시 남동구 남촌동,경상사고,0,0,1,0,차대차 - 측면충돌,안전운전불이행,건조,맑음,교차로 - 교차로안,승용,여,56세,상해없음,이륜,남,42세,경상
2022082600100441,2022년 8월 26일 17시,금요일,인천광역시 중구 신흥동3가,경상사고,0,0,2,0,차대차 - 추돌,안전운전불이행,건조,맑음,교차로 - 교차로안,화물,남,59세,경상,승용,남,44세,경상
2022082600100442,2022년 8월 26일 17시,금요일,인천광역시 미추홀구 주안동,경상사고,0,0,1,0,차대사람 - 기타,안전운전불이행,건조,맑음,단일로 - 기타,화물,남,29세,상해없음,보행자,여,76세,경상
2022082600100443,2022년 8월 26일 17시,금요일,인천광역시 서구 원당동,경상사고,0,0,2,0,차대사람 - 횡단중,신호위반,건조,맑음,단일로 - 기타,승용,남,71세,상해없음,보행자,여,33세,경상
2022082600100444,2022년 8월 26일 17시,금요일,인천광역시 서구 경서동,경상사고,0,0,1,0,차대차 - 측면충돌,안전거리미확보,건조,맑음,단일로 - 지하차도(도로)내,승용,남,48세,경상,특수,남,42세,상해없음
2022082600100497,2022년 8월 26일 18시,금요일,인천광역시 미추홀구 주안동,경상사고,0,0,2,0,차대차 - 측면충돌,안전운전불이행,건조,맑음,교차로 - 교차로안,승용,남,58세,상해없음,승용,남,53세,경상
2022082600100498,2022년 8월 26일 18시,금요일,인천광역시 미추홀구 도화동,경상사고,0,0,1,0,차대차 - 측면충돌,안전운전불이행,건조,맑음,교차로 - 교차로안,승합,남,63세,상해없음,승용,여,67세,경상
2022082600100499,2022년 8월 26일 18시,금요일,인천광역시 서구 원당동,중상사고,0,1,1,0,차량단독 - 기타,안전거리미확보,건조,맑음,교차로 - 교차로부근,승합,남,40세,상해없음,,,,
2022082600100500,2022년 8월 26일 18시,금요일,인천광역시 계양구 계산동,경상사고,0,0,2,0,차대차 - 측면충돌,안전운전불이행,건조,맑음,기타 - 기타,화물,남,82세,상해없음,승용,여,48세,경상
2022082600100501,2022년 8월 26일 18시,금요일,인천광역시 남동구 논현동,경상사고,0,0,1,0,차대차 - 측면충돌,안전거리미확보,건조,맑음,단일로 - 기타,승용,여,54세,상해없음,승용,남,35세,경상
2022082600100541,2022년 8월 26일 19시,금요일,인천광역시 남동구 만수동,경상사고,0,0,1,0,차대사람 - 기타,안전운전불이행,건조,맑음,단일로 - 기타,승용,남,46세,상해없음,보행자,남,50세,경상
2022082600100542,2022년 8월 26일 19시,금요일,인천광역시 서구 심곡동,경상사고,0,0,1,0,차대차 - 후진중충돌,안전운전불이행,건조,맑음,단일로 - 기타,승용,여,46세,상해없음,승용,남,33세,경상
2022082600100543,2022년 8월 26일 19시,금요일,인천광역시 연수구 송도동,경상사고,0,0,1,0,차대차 - 측면충돌,중앙선침범,건조,맑음,교차로 - 교차로부근,승용,여,54세,상해없음,이륜,남,32세,경상
2022082600100575,2022년 8월 26일 20시,금요일,인천광역시 서구 마전동,중상사고,0,1,0,0,차대차 - 측면충돌,기타,건조,맑음,교차로 - 교차로부근,승합,남,61세,상해없음,이륜,남,18세,중상
2022082600100576,2022년 8월 26일 20시,금요일,인천광역시 계양구 서운동,부상신고사고,0,0,0,1,차대차 - 추돌,안전운전불이행,건조,맑음,단일로 - 교량,기타불명,기타불명,미분류,기타불명,화물,남,60세,부상신고
2022082600100601,2022년 8월 26일 21시,금요일,인천광역시 미추홀구 문학동,중상사고,0,1,5,0,차대차 - 기타,안전운전불이행,건조,맑음,교차로 - 교차로부근,승용,남,52세,상해없음,승용,남,62세,경상
2022082600100602,2022년 8월 26일 21시,금요일,인천광역시 남동구 만수동,경상사고,0,0,1,0,차대차 - 추돌,안전운전불이행,건조,맑음,교차로 - 교차로부근,승용,남,47세,상해없음,이륜,남,27세,경상
2022082600100603,2022년 8월 26일 21시,금요일,인천광역시 남동구 장수동,경상사고,0,0,1,0,차대차 - 측면충돌,안전거리미확보,건조,맑음,단일로 - 지하차도(도로)내,승용,남,72세,상해없음,승용,남,25세,경상
2022082600100626,2022년 8월 26일 22시,금요일,인천광역시 중구 운서동,중상사고,0,1,0,0,차대사람 - 횡단중,보행자보호의무위반,건조,맑음,교차로 - 교차로안,승용,남,55세,상해없음,보행자,남,61세,중상
2022082700100015,2022년 8월 27일 00시,토요일,인천광역시 서구 청라동,경상사고,0,0,1,0,차대차 - 추돌,안전운전불이행,건조,맑음,교차로 - 교차로부근,이륜,남,18세,상해없음,승용,여,47세,경상
2022082700100063,2022년 8월 27일 04시,토요일,인천광역시 서구 경서동,경상사고,0,0,1,0,차대차 - 측면충돌,안전운전불이행,건조,맑음,단일로 - 기타,승용,남,22세,상해없음,승용,남,34세,경상
2022082700100144,2022년 8월 27일 09시,토요일,인천광역시 남동구 논현동,경상사고,0,0,1,0,차대차 - 측면충돌,신호위반,건조,맑음,단일로 - 기타,승용,남,62세,상해없음,자전거,남,69세,경상
2022082700100174,2022년 8월 27일 10시,토요일,인천광역시 부평구 부개동,경상사고,0,0,1,0,차대차 - 추돌,안전거리미확보,건조,맑음,교차로 - 교차로안,승용,남,39세,상해없음,승용,여,44세,경상
2022082700100267,2022년 8월 27일 12시,토요일,인천광역시 남동구 간석동,경상사고,0,0,2,0,차대차 - 추돌,안전운전불이행,건조,맑음,교차로 - 교차로부근,이륜,남,41세,경상,이륜,남,41세,경상
2022082700100268,2022년 8월 27일 12시,토요일,인천광역시 남동구 구월동,중상사고,0,1,0,0,차대차 - 측면충돌,차로위반,건조,맑음,교차로 - 교차로안,승용,남,30세,상해없음,승용,남,24세,중상
2022082700100306,2022년 8월 27일 13시,토요일,인천광역시 미추홀구 용현동,경상사고,0,0,4,0,차대차 - 측면충돌,안전운전불이행,건조,맑음,교차로 - 교차로횡단보도내,승용,남,74세,기타불명,승용,남,26세,경상
2022082700100307,2022년 8월 27일 13시,토요일,인천광역시 서구 경서동,중상사고,0,1,0,0,차대차 - 측면충돌,교차로운행방법위반,건조,맑음,교차로 - 교차로안,승용,여,44세,상해없음,이륜,남,49세,중상
2022082700100392,2022년 8월 27일 15시,토요일,인천광역시 동구 송림동,경상사고,0,0,2,0,차대차 - 기타,안전운전불이행,건조,맑음,단일로 - 기타,승용,남,33세,상해없음,승용,여,39세,경상
2022082700100393,2022년 8월 27일 15시,토요일,인천광역시 중구 항동4가,중상사고,0,1,1,0,차대차 - 기타,안전운전불이행,건조,맑음,교차로 - 교차로안,승용,남,69세,경상,승용,여,64세,중상
2022082700100394,2022년 8월 27일 15시,토요일,인천광역시 서구 당하동,중상사고,0,1,0,0,차대사람 - 횡단중,안전운전불이행,건조,맑음,교차로 - 교차로횡단보도내,승용,남,40세,상해없음,보행자,여,50세,중상
2022082700100437,2022년 8월 27일 16시,토요일,인천광역시 남동구 구월동,경상사고,0,0,3,0,차대차 - 측면충돌,신호위반,건조,맑음,교차로 - 교차로안,승용,남,62세,상해없음,승용,남,32세,경상
2022082700100438,2022년 8월 27일 16시,토요일,인천광역시 서구 공촌동,경상사고,0,0,2,0,차대차 - 추돌,안전운전불이행,건조,맑음,단일로 - 기타,화물,남,31세,경상,승용,남,47세,경상
2022082700100480,2022년 8월 27일 17시,토요일,인천광역시 미추홀구 도화동,중상사고,0,1,1,0,차대차 - 정면충돌,신호위반,건조,맑음,교차로 - 교차로안,이륜,남,31세,중상,승용,여,21세,경상
2022082700100481,2022년 8월 27일 17시,토요일,인천광역시 남동구 구월동,경상사고,0,0,2,0,차대차 - 추돌,안전운전불이행,건조,맑음,단일로 - 기타,승용,남,66세,상해없음,승용,남,41세,경상
2022082700100526,2022년 8월 27일 18시,토요일,인천광역시 서구 가정동,경상사고,0,0,1,0,차대차 - 측면충돌,안전운전불이행,건조,맑음,교차로 - 교차로부근,승용,여,24세,상해없음,승용,남,23세,경상
2022082700100590,2022년 8월 27일 20시,토요일,인천광역시 부평구 십정동,중상사고,0,1,0,0,차대사람 - 기타,안전운전불이행,건조,맑음,단일로 - 기타,승용,남,58세,상해없음,보행자,여,62세,중상
2022082700100591,2022년 8월 27일 20시,토요일,인천광역시 서구 가정동,경상사고,0,0,2,0,차대차 - 측면충돌,안전운전불이행,건조,맑음,단일로 - 기타,승용,여,64세,상해없음,승용,남,50세,경상
2022082700100624,2022년 8월 27일 22시,토요일,인천광역시 연수구 선학동,경상사고,0,0,1,0,차대차 - 정면충돌,신호위반,건조,맑음,교차로 - 교차로안,이륜,남,25세,상해없음,승용,남,30세,경상
2022082700100637,2022년 8월 27일 23시,토요일,인천광역시 남동구 논현동,경상사고,0,0,1,0,차대차 - 추돌,안전운전불이행,건조,맑음,교차로 - 교차로안,승용,남,37세,상해없음,승용,남,39세,경상
2022082800100009,2022년 8월 28일 00시,일요일,인천광역시 서구 마전동,경상사고,0,0,1,0,차대차 - 기타,안전운전불이행,건조,맑음,교차로 - 교차로안,승합,남,42세,상해없음,이륜,남,25세,경상
2022082800100010,2022년 8월 28일 00시,일요일,인천광역시 서구 왕길동,경상사고,0,0,3,0,차대차 - 추돌,안전운전불이행,건조,맑음,단일로 - 기타,승용,남,25세,상해없음,승용,남,46세,경상
2022082800100032,2022년 8월 28일 02시,일요일,인천광역시 연수구 연수동,경상사고,0,0,1,0,차대차 - 측면충돌,차로위반,건조,맑음,단일로 - 고가도로위,승용,남,47세,상해없음,승용,여,28세,경상
2022082800100045,2022년 8월 28일 04시,일요일,인천광역시 남동구 남촌동,중상사고,0,1,0,0,차대차 - 측면충돌,교차로운행방법위반,건조,맑음,교차로 - 교차로부근,승용,남,31세,상해없음,화물,남,61세,중상
2022082800100072,2022년 8월 28일 07시,일요일,인천광역시 서구 가좌동,경상사고,0,0,1,0,차대차 - 기타,안전운전불이행,건조,맑음,기타 - 기타,승용,여,49세,상해없음,승용,남,59세,경상
2022082800100161,2022년 8월 28일 11시,일요일,인천광역시 계양구 용종동,경상사고,0,0,1,0,차대차 - 측면충돌,안전운전불이행,건조,맑음,교차로 - 교차로부근,승용,남,28세,상해없음,승용,여,48세,경상
2022082800100232,2022년 8월 28일 13시,일요일,인천광역시 강화군 길상면,경상사고,0,0,1,0,차대차 - 측면충돌,중앙선침범,건조,맑음,단일로 - 지하차도(도로)내,승용,남,52세,상해없음,승용,여,48세,경상
2022082800100329,2022년 8월 28일 16시,일요일,인천광역시 중구 을왕동,경상사고,0,0,1,0,차대차 - 추돌,안전운전불이행,건조,맑음,교차로 - 교차로안,승용,남,54세,상해없음,승용,남,34세,경상
2022082800100360,2022년 8월 28일 17시,일요일,인천광역시 중구 운북동,경상사고,0,0,2,0,차대차 - 추돌,안전운전불이행,건조,맑음,교차로 - 교차로부근,승용,남,53세,상해없음,승용,여,43세,경상
2022082800100391,2022년 8월 28일 18시,일요일,인천광역시 부평구 부평동,경상사고,0,0,1,0,차대사람 - 보도통행중,기타,건조,맑음,교차로 - 교차로부근,자전거,남,29세,상해없음,보행자,남,2세,경상
2022082800100392,2022년 8월 28일 18시,일요일,인천광역시 연수구 옥련동,중상사고,0,1,1,0,차대차 - 측면충돌,안전거리미확보,건조,맑음,단일로 - 기타,승용,남,39세,상해없음,승용,남,55세,경상
2022082800100393,2022년 8월 28일 18시,일요일,인천광역시 부평구 부평동,경상사고,0,0,1,0,차대차 - 추돌,안전운전불이행,기타,맑음,교차로 - 교차로부근,승용,남,25세,상해없음,승용,여,37세,경상
2022082800100424,2022년 8월 28일 19시,일요일,인천광역시 미추홀구 관교동,경상사고,0,0,1,0,차대차 - 측면충돌,안전거리미확보,건조,맑음,교차로 - 교차로부근,승용,남,22세,상해없음,승용,여,65세,경상
2022082800100425,2022년 8월 28일 19시,일요일,인천광역시 서구 신현동,중상사고,0,1,0,0,차대차 - 추돌,안전운전불이행,건조,맑음,교차로 - 교차로안,이륜,남,56세,상해없음,이륜,남,40세,중상
2022082800100475,2022년 8월 28일 21시,일요일,인천광역시 부평구 십정동,중상사고,0,1,0,0,차대차 - 측면충돌,안전운전불이행,건조,맑음,교차로 - 교차로부근,이륜,남,21세,상해없음,승용,남,29세,중상
2022082800100487,2022년 8월 28일 22시,일요일,인천광역시 연수구 청학동,경상사고,0,0,4,0,차대차 - 측면충돌,안전운전불이행,건조,맑음,단일로 - 기타,승용,여,40세,상해없음,승용,남,34세,경상
2022082900100006,2022년 8월 29일 00시,월요일,인천광역시 강화군 강화읍,경상사고,0,0,1,0,차량단독 - 공작물충돌,안전운전불이행,건조,맑음,단일로 - 지하차도(도로)내,승용,남,22세,경상,,,,
2022082900100033,2022년 8월 29일 05시,월요일,인천광역시 남동구 남촌동,사망사고,1,0,0,0,차대차 - 측면충돌,중앙선침범,젖음/습기,비,단일로 - 기타,건설기계,남,42세,상해없음,이륜,남,57세,사망
2022082900100047,2022년 8월 29일 06시,월요일,인천광역시 서구 마전동,중상사고,0,1,1,0,차대차 - 추돌,중앙선침범,건조,맑음,단일로 - 기타,승용,여,49세,경상,승용,남,63세,중상
2022082900100082,2022년 8월 29일 07시,월요일,인천광역시 남동구 구월동,경상사고,0,0,2,0,차대차 - 추돌,안전운전불이행,젖음/습기,비,단일로 - 기타,승용,남,63세,상해없음,승용,남,61세,경상
2022082900100118,2022년 8월 29일 08시,월요일,인천광역시 서구 청라동,경상사고,0,0,1,0,차대차 - 측면충돌,안전거리미확보,건조,맑음,단일로 - 기타,승용,여,44세,상해없음,승용,여,39세,경상
2022082900100119,2022년 8월 29일 08시,월요일,인천광역시 계양구 작전동,경상사고,0,0,1,0,차대사람 - 보도통행중,안전운전불이행,젖음/습기,비,단일로 - 기타,자전거,남,64세,상해없음,보행자,남,64세,경상
2022082900100120,2022년 8월 29일 08시,월요일,인천광역시 미추홀구 관교동,경상사고,0,0,1,0,차대차 - 측면충돌,신호위반,건조,맑음,교차로 - 교차로안,화물,남,66세,상해없음,승용,남,30세,경상
2022082900100153,2022년 8월 29일 09시,월요일,인천광역시 계양구 효성동,중상사고,0,1,0,0,차대차 - 측면충돌,안전운전불이행,건조,맑음,교차로 - 교차로안,승용,남,72세,상해없음,승용,남,52세,중상
2022082900100220,2022년 8월 29일 11시,월요일,인천광역시 중구 전동,경상사고,0,0,1,0,차대차 - 기타,안전운전불이행,건조,맑음,교차로 - 교차로안,이륜,남,74세,기타불명,승용,남,41세,경상
2022082900100250,2022년 8월 29일 12시,월요일,인천광역시 계양구 서운동,경상사고,0,0,1,0,차대차 - 측면충돌,차로위반,젖음/습기,비,단일로 - 교량,화물,남,56세,경상,승용,남,38세,상해없음
2022082900100325,2022년 8월 29일 14시,월요일,인천광역시 남동구 구월동,경상사고,0,0,1,0,차대차 - 추돌,안전운전불이행,건조,맑음,교차로 - 교차로횡단보도내,승용,남,32세,상해없음,화물,남,48세,경상
2022082900100326,2022년 8월 29일 14시,월요일,인천광역시 서구 경서동,경상사고,0,0,1,0,차대차 - 측면충돌,안전운전불이행,건조,맑음,교차로 - 교차로부근,승용,남,44세,상해없음,화물,남,48세,경상
2022082900100327,2022년 8월 29일 14시,월요일,인천광역시 부평구 부평동,중상사고,0,1,0,0,차대사람 - 차도통행중,안전운전불이행,건조,맑음,단일로 - 기타,승용,남,41세,상해없음,보행자,남,22세,중상
2022082900100436,2022년 8월 29일 17시,월요일,인천광역시 남동구 간석동,경상사고,0,0,1,0,차대사람 - 기타,안전운전불이행,건조,맑음,단일로 - 기타,화물,남,44세,상해없음,보행자,남,62세,경상
2022082900100481,2022년 8월 29일 18시,월요일,인천광역시 부평구 청천동,경상사고,0,0,1,0,차대차 - 기타,차로위반,건조,맑음,교차로 - 교차로부근,승용,남,66세,상해없음,승용,남,55세,경상
2022082900100482,2022년 8월 29일 18시,월요일,인천광역시 서구 신현동,경상사고,0,0,1,0,차대차 - 기타,안전운전불이행,건조,맑음,단일로 - 기타,승용,남,57세,상해없음,원동기,여,31세,경상
2022082900100519,2022년 8월 29일 19시,월요일,인천광역시 계양구 용종동,경상사고,0,0,1,0,차대차 - 후진중충돌,안전운전불이행,건조,맑음,단일로 - 기타,화물,남,44세,상해없음,이륜,남,31세,경상
2022082900100520,2022년 8월 29일 19시,월요일,인천광역시 남동구 논현동,부상신고사고,0,0,0,1,차대차 - 추돌,안전운전불이행,젖음/습기,맑음,단일로 - 지하차도(도로)내,화물,남,63세,상해없음,이륜,남,50세,부상신고
2022082900100593,2022년 8월 29일 22시,월요일,인천광역시 연수구 송도동,경상사고,0,0,3,0,차대차 - 측면충돌,안전운전불이행,건조,맑음,교차로 - 교차로부근,승용,남,75세,기타불명,승용,여,43세,경상
2022082900100594,2022년 8월 29일 22시,월요일,인천광역시 부평구 구산동,경상사고,0,0,1,0,차대차 - 측면충돌,차로위반,건조,맑음,단일로 - 교량,승용,남,38세,상해없음,승용,남,22세,경상
2022083000100032,2022년 8월 30일 03시,화요일,인천광역시 부평구 부평동,경상사고,0,0,1,0,차대차 - 기타,중앙선침범,젖음/습기,비,교차로 - 교차로부근,화물,남,61세,상해없음,이륜,남,35세,경상
2022083000100033,2022년 8월 30일 03시,화요일,인천광역시 부평구 부평동,경상사고,0,0,1,0,차대사람 - 기타,안전운전불이행,젖음/습기,비,교차로 - 교차로횡단보도내,승용,여,44세,상해없음,보행자,남,25세,경상
2022083000100081,2022년 8월 30일 07시,화요일,인천광역시 중구 운서동,경상사고,0,0,1,0,차대차 - 추돌,안전운전불이행,건조,맑음,교차로 - 교차로부근,승용,남,41세,상해없음,승용,남,53세,경상
2022083000100121,2022년 8월 30일 08시,화요일,인천광역시 미추홀구 숭의동,경상사고,0,0,2,0,차대차 - 측면충돌,안전운전불이행,젖음/습기,비,교차로 - 교차로안,승용,여,48세,상해없음,승용,여,50세,경상
2022083000100122,2022년 8월 30일 08시,화요일,인천광역시 연수구 송도동,중상사고,0,1,0,0,차대차 - 측면충돌,신호위반,젖음/습기,비,교차로 - 교차로안,승용,남,44세,상해없음,승용,남,48세,중상
2022083000100123,2022년 8월 30일 08시,화요일,인천광역시 남동구 남촌동,중상사고,0,1,0,0,차대차 - 추돌,안전운전불이행,젖음/습기,비,단일로 - 지하차도(도로)내,화물,남,50세,상해없음,승용,남,27세,중상
2022083000100156,2022년 8월 30일 09시,화요일,인천광역시 남동구 간석동,경상사고,0,0,1,0,차대차 - 추돌,교차로운행방법위반,젖음/습기,비,교차로 - 교차로안,승합,남,69세,상해없음,승용,여,60세,경상
2022083000100218,2022년 8월 30일 11시,화요일,인천광역시 부평구 부평동,부상신고사고,0,0,0,1,차량단독 - 기타,안전운전불이행,건조,맑음,주차장 - 주차장,승합,남,54세,상해없음,,,,
2022083000100219,2022년 8월 30일 11시,화요일,인천광역시 남동구 남촌동,경상사고,0,0,1,0,차대차 - 추돌,안전거리미확보,젖음/습기,비,단일로 - 기타,승용,남,50세,상해없음,승용,여,49세,경상
2022083000100245,2022년 8월 30일 12시,화요일,인천광역시 연수구 옥련동,경상사고,0,0,1,0,차대차 - 측면충돌,안전거리미확보,건조,맑음,교차로 - 교차로부근,화물,남,50세,상해없음,승용,여,46세,경상
2022083000100246,2022년 8월 30일 12시,화요일,인천광역시 부평구 일신동,경상사고,0,0,1,0,차대차 - 측면충돌,안전운전불이행,젖음/습기,비,단일로 - 기타,화물,남,59세,상해없음,승용,남,42세,경상
2022083000100303,2022년 8월 30일 14시,화요일,인천광역시 미추홀구 도화동,중상사고,0,1,2,0,차대차 - 추돌,안전운전불이행,젖음/습기,흐림,단일로 - 지하차도(도로)내,화물,남,59세,경상,승용,남,60세,중상
2022083000100304,2022년 8월 30일 14시,화요일,인천광역시 서구 신현동,중상사고,0,1,0,0,차대사람 - 기타,안전운전불이행,젖음/습기,비,단일로 - 기타,화물,남,55세,상해없음,보행자,여,66세,중상
2022083000100340,2022년 8월 30일 15시,화요일,인천광역시 남동구 간석동,경상사고,0,0,4,0,차대차 - 추돌,안전거리미확보,젖음/습기,비,단일로 - 기타,승용,남,39세,경상,승용,남,62세,경상
2022083000100341,2022년 8월 30일 15시,화요일,인천광역시 서구 청라동,경상사고,0,0,1,0,차대차 - 기타,신호위반,젖음/습기,비,교차로 - 교차로부근,승합,남,68세,상해없음,개인형이동수단(PM),여,74세,경상
2022083000100342,2022년 8월 30일 15시,화요일,인천광역시 남동구 고잔동,중상사고,0,1,0,0,차대차 - 측면충돌,신호위반,젖음/습기,비,교차로 - 교차로부근,승용,남,70세,상해없음,승용,여,58세,중상
2022083000100377,2022년 8월 30일 16시,화요일,인천광역시 미추홀구 용현동,경상사고,0,0,3,0,차대차 - 측면충돌,신호위반,젖음/습기,비,교차로 - 교차로안,승용,남,72세,상해없음,화물,남,30세,경상
2022083000100378,2022년 8월 30일 16시,화요일,인천광역시 연수구 동춘동,경상사고,0,0,1,0,차대차 - 측면충돌,안전거리미확보,건조,맑음,교차로 - 교차로안,승용,남,28세,상해없음,승용,남,43세,경상
2022083000100430,2022년 8월 30일 17시,화요일,인천광역시 남동구 고잔동,경상사고,0,0,1,0,차대차 - 측면충돌,신호위반,젖음/습기,비,기타 - 기타,승용,남,60세,상해없음,승용,남,46세,경상
2022083000100465,2022년 8월 30일 18시,화요일,인천광역시 서구 심곡동,경상사고,0,0,1,0,차대사람 - 횡단중,보행자보호의무위반,젖음/습기,비,기타 - 기타,승용,여,56세,상해없음,보행자,남,31세,경상
2022083000100466,2022년 8월 30일 18시,화요일,인천광역시 연수구 동춘동,경상사고,0,0,2,0,차대차 - 측면충돌,안전운전불이행,건조,맑음,교차로 - 교차로안,승용,남,37세,상해없음,승용,남,52세,경상
2022083000100500,2022년 8월 30일 19시,화요일,인천광역시 서구 가정동,경상사고,0,0,1,0,차대차 - 측면충돌,신호위반,젖음/습기,비,교차로 - 교차로부근,승용,여,56세,상해없음,승합,남,46세,경상
2022083000100501,2022년 8월 30일 19시,화요일,인천광역시 계양구 효성동,경상사고,0,0,3,0,차대차 - 측면충돌,신호위반,건조,맑음,교차로 - 교차로안,승용,남,77세,상해없음,승합,남,64세,경상
2022083000100530,2022년 8월 30일 20시,화요일,인천광역시 연수구 청학동,경상사고,0,0,1,0,차대사람 - 기타,안전운전불이행,건조,맑음,기타 - 기타,승용,남,61세,상해없음,보행자,남,58세,경상
2022083000100556,2022년 8월 30일 21시,화요일,인천광역시 남동구 간석동,중상사고,0,1,0,0,차대차 - 정면충돌,신호위반,젖음/습기,맑음,단일로 - 기타,승용,여,20세,상해없음,원동기,남,30세,중상
2022083000100586,2022년 8월 30일 22시,화요일,인천광역시 남동구 고잔동,경상사고,0,0,1,0,차대차 - 정면충돌,신호위반,젖음/습기,비,교차로 - 교차로안,승용,여,34세,상해없음,승용,여,59세,경상