사고번호,사고일시,요일,시군구,사고내용,사망자수,중상자수,경상자수,부상신고자수,사고유형,법규위반,노면상태,기상상태,도로형태,가해운전자 차종,가해운전자 성별,가해운전자 연령,가해운전자 상해정도,피해운전자 차종,피해운전자 성별,피해운전자 연령,피해운전자 상해정도
2022083000100607,2022년 8월 30일 23시,화요일,인천광역시 미추홀구 문학동,경상사고,0,0,2,0,차대차 - 추돌,안전거리미확보,건조,맑음,단일로 - 기타,승용,남,67세,상해없음,승용,여,43세,경상
2022083000100608,2022년 8월 30일 23시,화요일,인천광역시 부평구 부평동,경상사고,0,0,1,0,차대차 - 기타,기타,건조,맑음,교차로 - 교차로부근,승용,남,22세,상해없음,이륜,남,33세,경상
2022083100100055,2022년 8월 31일 05시,수요일,인천광역시 미추홀구 용현동,중상사고,0,1,0,0,차대차 - 후진중충돌,안전운전불이행,건조,맑음,기타 - 기타,승용,남,66세,상해없음,승용,남,29세,중상
2022083100100078,2022년 8월 31일 07시,수요일,인천광역시 미추홀구 도화동,경상사고,0,0,1,0,차대차 - 측면충돌,신호위반,건조,맑음,단일로 - 고가도로위,승용,남,61세,상해없음,승용,여,49세,경상
2022083100100079,2022년 8월 31일 07시,수요일,인천광역시 서구 마전동,경상사고,0,0,1,0,차대사람 - 기타,안전운전불이행,건조,맑음,단일로 - 기타,승용,남,48세,상해없음,보행자,여,79세,경상
2022083100100117,2022년 8월 31일 08시,수요일,인천광역시 계양구 작전동,경상사고,0,0,1,0,차대차 - 측면충돌,안전운전불이행,건조,맑음,단일로 - 기타,화물,남,62세,상해없음,승용,남,31세,경상
2022083100100118,2022년 8월 31일 08시,수요일,인천광역시 부평구 부개동,경상사고,0,0,1,0,차대차 - 측면충돌,차로위반,건조,흐림,교차로 - 교차로부근,승용,여,62세,상해없음,승용,남,32세,경상
2022083100100143,2022년 8월 31일 09시,수요일,인천광역시 미추홀구 학익동,경상사고,0,0,1,0,차대차 - 측면충돌,중앙선침범,건조,맑음,단일로 - 기타,승용,여,64세,상해없음,승용,여,59세,경상
2022083100100144,2022년 8월 31일 09시,수요일,인천광역시 서구 백석동,중상사고,0,1,0,0,차대차 - 추돌,안전운전불이행,젖음/습기,비,단일로 - 기타,화물,남,62세,상해없음,승용,여,35세,중상
2022083100100145,2022년 8월 31일 09시,수요일,인천광역시 연수구 동춘동,경상사고,0,0,2,0,차대차 - 측면충돌,안전운전불이행,건조,맑음,교차로 - 교차로안,승용,남,58세,상해없음,승용,남,20세,경상
2022083100100170,2022년 8월 31일 10시,수요일,인천광역시 동구 송림동,경상사고,0,0,1,0,차대사람 - 길가장자리구역통행중,안전운전불이행,건조,맑음,단일로 - 기타,승용,여,55세,상해없음,보행자,남,77세,경상
2022083100100199,2022년 8월 31일 11시,수요일,인천광역시 서구 가좌동,경상사고,0,0,1,0,차대차 - 측면충돌,안전운전불이행,건조,맑음,단일로 - 기타,승용,남,62세,상해없음,이륜,남,29세,경상
2022083100100229,2022년 8월 31일 12시,수요일,인천광역시 계양구 작전동,경상사고,0,0,1,0,차대차 - 측면충돌,안전운전불이행,건조,맑음,교차로 - 교차로안,승합,남,56세,상해없음,승용,남,57세,경상
2022083100100256,2022년 8월 31일 13시,수요일,인천광역시 강화군 하점면,경상사고,0,0,1,0,차대차 - 측면충돌,안전운전불이행,건조,맑음,단일로 - 지하차도(도로)내,승용,여,64세,기타불명,승용,여,59세,경상
2022083100100291,2022년 8월 31일 14시,수요일,인천광역시 남동구 만수동,경상사고,0,0,1,0,차대사람 - 횡단중,안전운전불이행,건조,맑음,단일로 - 기타,원동기,남,30세,상해없음,보행자,여,68세,경상
2022083100100292,2022년 8월 31일 14시,수요일,인천광역시 남동구 수산동,중상사고,0,1,0,0,차대차 - 측면충돌,신호위반,건조,맑음,교차로 - 교차로안,승용,남,65세,상해없음,자전거,남,72세,중상
2022083100100347,2022년 8월 31일 16시,수요일,인천광역시 부평구 산곡동,중상사고,0,1,0,0,차대차 - 정면충돌,신호위반,건조,맑음,단일로 - 기타,자전거,남,78세,중상,기타불명,기타불명,미분류,기타불명
2022083100100348,2022년 8월 31일 16시,수요일,인천광역시 남동구 장수동,경상사고,0,0,2,0,차대차 - 측면충돌,차로위반,건조,맑음,교차로 - 교차로부근,승용,남,54세,상해없음,승용,남,57세,경상
2022083100100395,2022년 8월 31일 17시,수요일,인천광역시 서구 당하동,경상사고,0,0,2,0,차대차 - 측면충돌,안전운전불이행,건조,맑음,단일로 - 기타,승용,남,70세,상해없음,승용,여,49세,경상
2022083100100435,2022년 8월 31일 18시,수요일,인천광역시 남동구 구월동,부상신고사고,0,0,0,1,차대사람 - 기타,안전운전불이행,건조,맑음,교차로 - 교차로안,승합,남,59세,상해없음,보행자,여,64세,부상신고
2022083100100474,2022년 8월 31일 19시,수요일,인천광역시 남동구 구월동,경상사고,0,0,2,0,차대차 - 추돌,안전운전불이행,건조,맑음,단일로 - 기타,승용,남,64세,상해없음,승용,남,30세,경상
2022083100100497,2022년 8월 31일 20시,수요일,인천광역시 남동구 구월동,경상사고,0,0,1,0,차대차 - 후진중충돌,안전운전불이행,건조,맑음,교차로 - 교차로부근,승용,남,59세,상해없음,승용,남,70세,경상
2022083100100520,2022년 8월 31일 21시,수요일,인천광역시 서구 청라동,중상사고,0,1,0,0,차대사람 - 횡단중,신호위반,건조,맑음,교차로 - 교차로횡단보도내,이륜,남,51세,상해없음,보행자,남,8세,중상
2022083100100521,2022년 8월 31일 21시,수요일,인천광역시 계양구 작전동,중상사고,0,1,1,0,차대차 - 추돌,안전거리미확보,건조,맑음,교차로 - 교차로부근,승용,남,39세,상해없음,화물,남,45세,중상
2022083100100540,2022년 8월 31일 22시,수요일,인천광역시 남동구 만수동,경상사고,0,0,3,0,차대차 - 측면충돌,안전운전불이행,건조,맑음,교차로 - 교차로부근,승용,남,36세,상해없음,승용,남,38세,경상
2022083100100555,2022년 8월 31일 23시,수요일,인천광역시 미추홀구 주안동,중상사고,0,1,0,0,차대사람 - 기타,안전운전불이행,건조,맑음,교차로 - 교차로횡단보도내,승합,남,71세,상해없음,보행자,남,69세,중상
2022090100100013,2022년 9월 1일 01시,목요일,인천광역시 부평구 산곡동,경상사고,0,0,1,0,차대차 - 기타,안전운전불이행,건조,맑음,교차로 - 교차로부근,승용,여,31세,상해없음,승용,남,59세,상해없음
2022090100100018,2022년 9월 1일 02시,목요일,인천광역시 부평구 갈산동,경상사고,0,0,1,0,차대차 - 후진중충돌,안전운전불이행,건조,맑음,교차로 - 교차로부근,승용,남,30세,상해없음,승용,남,66세,경상
2022090100100025,2022년 9월 1일 03시,목요일,인천광역시 남동구 간석동,경상사고,0,0,3,0,차대차 - 측면충돌,신호위반,건조,맑음,교차로 - 교차로안,이륜,남,25세,경상,승용,남,62세,경상
2022090100100077,2022년 9월 1일 07시,목요일,인천광역시 미추홀구 주안동,중상사고,0,1,0,0,차대사람 - 기타,안전운전불이행,건조,맑음,단일로 - 기타,승합,남,43세,기타불명,보행자,남,48세,중상
2022090100100079,2022년 9월 1일 07시,목요일,인천광역시 서구 시천동,중상사고,0,1,0,0,차대차 - 추돌,안전운전불이행,건조,맑음,기타 - 기타,승용,남,38세,상해없음,자전거,남,41세,중상
2022090100100080,2022년 9월 1일 07시,목요일,인천광역시 서구 가좌동,경상사고,0,0,2,0,차대차 - 측면충돌,안전운전불이행,건조,맑음,교차로 - 교차로안,승용,여,42세,경상,승용,남,35세,경상
2022090100100116,2022년 9월 1일 08시,목요일,인천광역시 중구 항동2가,경상사고,0,0,1,0,차대차 - 측면충돌,안전거리미확보,건조,맑음,단일로 - 지하차도(도로)내,화물,남,53세,상해없음,승용,남,40세,경상
2022090100100117,2022년 9월 1일 08시,목요일,인천광역시 강화군 길상면,중상사고,0,1,0,0,차대차 - 추돌,안전운전불이행,건조,맑음,단일로 - 지하차도(도로)내,화물,남,45세,상해없음,승용,여,62세,중상
2022090100100118,2022년 9월 1일 08시,목요일,인천광역시 부평구 부개동,경상사고,0,0,1,0,차대사람 - 길가장자리구역통행중,안전운전불이행,건조,맑음,단일로 - 기타,승용,여,29세,상해없음,보행자,남,27세,경상
2022090100100119,2022년 9월 1일 08시,목요일,인천광역시 부평구 삼산동,경상사고,0,0,1,0,차대차 - 측면충돌,안전운전불이행,건조,맑음,교차로 - 교차로부근,개인형이동수단(PM),여,43세,상해없음,자전거,남,16세,경상
2022090100100179,2022년 9월 1일 10시,목요일,인천광역시 강화군 강화읍,부상신고사고,0,0,0,1,차대사람 - 길가장자리구역통행중,안전운전불이행,건조,맑음,단일로 - 지하차도(도로)내,승용,남,77세,상해없음,보행자,남,78세,부상신고
2022090100100217,2022년 9월 1일 11시,목요일,인천광역시 남동구 구월동,중상사고,0,1,0,0,차량단독 - 기타,안전운전불이행,건조,맑음,단일로 - 기타,승합,여,58세,상해없음,,,,
2022090100100244,2022년 9월 1일 12시,목요일,인천광역시 미추홀구 관교동,부상신고사고,0,0,0,1,차대사람 - 기타,안전운전불이행,건조,맑음,단일로 - 기타,승용,남,75세,기타불명,보행자,여,65세,부상신고
2022090100100245,2022년 9월 1일 12시,목요일,인천광역시 남동구 서창동,경상사고,0,0,1,0,차대사람 - 횡단중,신호위반,건조,맑음,교차로 - 교차로횡단보도내,승용,여,42세,상해없음,보행자,남,79세,경상
2022090100100296,2022년 9월 1일 13시,목요일,인천광역시 중구 운남동,경상사고,0,0,1,0,차대차 - 추돌,기타,건조,맑음,교차로 - 교차로부근,승용,남,25세,상해없음,승용,남,30세,경상
2022090100100328,2022년 9월 1일 14시,목요일,인천광역시 서구 검암동,경상사고,0,0,1,0,차대사람 - 횡단중,신호위반,건조,맑음,교차로 - 교차로횡단보도내,승용,남,74세,상해없음,보행자,여,75세,경상
2022090100100366,2022년 9월 1일 15시,목요일,인천광역시 부평구 부평동,경상사고,0,0,3,0,차대차 - 추돌,안전운전불이행,건조,맑음,단일로 - 기타,승용,남,65세,상해없음,승용,여,34세,경상
2022090100100418,2022년 9월 1일 16시,목요일,인천광역시 부평구 부평동,경상사고,0,0,1,0,차대사람 - 기타,안전운전불이행,건조,맑음,단일로 - 기타,승용,남,62세,상해없음,보행자,남,44세,경상
2022090100100476,2022년 9월 1일 17시,목요일,인천광역시 서구 왕길동,경상사고,0,0,1,0,차대사람 - 횡단중,보행자보호의무위반,건조,맑음,교차로 - 교차로안,승용,남,66세,상해없음,보행자,남,11세,경상
2022090100100511,2022년 9월 1일 18시,목요일,인천광역시 서구 마전동,경상사고,0,0,1,0,차량단독 - 공작물충돌,안전운전불이행,건조,맑음,단일로 - 기타,승용,남,37세,상해없음,,,,
2022090100100624,2022년 9월 1일 22시,목요일,인천광역시 부평구 부평동,사망사고,1,0,0,0,차대사람 - 횡단중,안전운전불이행,건조,맑음,교차로 - 교차로부근,승합,남,68세,상해없음,보행자,남,42세,사망
2022090200100022,2022년 9월 2일 02시,금요일,인천광역시 서구 마전동,경상사고,0,0,1,0,차대차 - 추돌,신호위반,건조,맑음,교차로 - 교차로안,승용,남,20세,상해없음,승용,남,60세,경상
2022090200100023,2022년 9월 2일 02시,금요일,인천광역시 부평구 일신동,경상사고,0,0,3,0,차대차 - 측면충돌,안전거리미확보,건조,맑음,단일로 - 기타,승용,남,61세,상해없음,승용,남,32세,경상
2022090200100088,2022년 9월 2일 07시,금요일,인천광역시 미추홀구 주안동,경상사고,0,0,1,0,차대차 - 추돌,안전운전불이행,건조,맑음,단일로 - 기타,승용,남,59세,상해없음,승용,남,57세,경상
2022090200100089,2022년 9월 2일 07시,금요일,인천광역시 연수구 동춘동,경상사고,0,0,1,0,차대사람 - 차도통행중,안전운전불이행,건조,맑음,단일로 - 지하차도(도로)내,자전거,여,43세,상해없음,보행자,남,30세,경상
2022090200100138,2022년 9월 2일 08시,금요일,인천광역시 미추홀구 관교동,경상사고,0,0,2,0,차대차 - 추돌,안전운전불이행,건조,맑음,단일로 - 기타,승용,남,59세,상해없음,승용,여,62세,경상
2022090200100139,2022년 9월 2일 08시,금요일,인천광역시 서구 가좌동,경상사고,0,0,1,0,차대차 - 측면충돌,안전운전불이행,건조,맑음,단일로 - 기타,특수,남,56세,상해없음,승용,여,53세,경상
2022090200100183,2022년 9월 2일 09시,금요일,인천광역시 부평구 청천동,경상사고,0,0,1,0,차대차 - 측면충돌,안전운전불이행,건조,맑음,단일로 - 기타,화물,남,67세,상해없음,승용,남,31세,경상
2022090200100184,2022년 9월 2일 09시,금요일,인천광역시 서구 심곡동,경상사고,0,0,1,0,차대차 - 기타,안전운전불이행,건조,맑음,기타 - 기타,승용,남,25세,상해없음,승합,남,61세,상해없음
2022090200100185,2022년 9월 2일 09시,금요일,인천광역시 부평구 부개동,경상사고,0,0,1,0,차대차 - 기타,안전운전불이행,기타,기타,단일로 - 기타,승용,여,40세,기타불명,승용,남,41세,경상
2022090200100215,2022년 9월 2일 10시,금요일,인천광역시 미추홀구 용현동,경상사고,0,0,4,0,차대차 - 추돌,안전운전불이행,건조,맑음,단일로 - 기타,승용,여,50세,기타불명,승용,여,67세,경상
2022090200100254,2022년 9월 2일 11시,금요일,인천광역시 부평구 갈산동,경상사고,0,0,1,0,차대차 - 측면충돌,안전운전불이행,건조,맑음,교차로 - 교차로부근,승용,남,73세,상해없음,승용,남,64세,경상
2022090200100283,2022년 9월 2일 12시,금요일,인천광역시 부평구 산곡동,경상사고,0,0,1,0,차대차 - 측면충돌,안전운전불이행,건조,맑음,교차로 - 교차로부근,승용,여,52세,상해없음,승용,여,43세,경상
2022090200100284,2022년 9월 2일 12시,금요일,인천광역시 서구 신현동,경상사고,0,0,2,0,차대차 - 추돌,안전운전불이행,건조,맑음,단일로 - 기타,화물,남,60세,상해없음,이륜,남,45세,경상
2022090200100362,2022년 9월 2일 14시,금요일,인천광역시 중구 항동7가,경상사고,0,0,1,0,차대차 - 후진중충돌,안전운전불이행,건조,맑음,교차로 - 교차로부근,승용,남,65세,상해없음,기타불명,기타불명,미분류,기타불명
2022090200100363,2022년 9월 2일 14시,금요일,인천광역시 남동구 남촌동,경상사고,0,0,1,0,차대차 - 측면충돌,안전거리미확보,건조,맑음,단일로 - 기타,승용,여,72세,상해없음,특수,남,46세,경상
2022090200100407,2022년 9월 2일 15시,금요일,인천광역시 동구 송림동,중상사고,0,1,0,0,차대차 - 추돌,안전운전불이행,건조,맑음,단일로 - 기타,이륜,남,23세,상해없음,화물,남,58세,상해없음
2022090200100457,2022년 9월 2일 16시,금요일,인천광역시 미추홀구 용현동,경상사고,0,0,1,0,차대차 - 측면충돌,안전거리미확보,건조,맑음,단일로 - 기타,특수,남,54세,상해없음,승용,남,39세,상해없음
2022090200100458,2022년 9월 2일 16시,금요일,인천광역시 계양구 작전동,경상사고,0,0,1,0,차대차 - 측면충돌,안전운전불이행,건조,맑음,단일로 - 기타,승용,남,40세,상해없음,이륜,남,21세,경상
2022090200100508,2022년 9월 2일 17시,금요일,인천광역시 중구 운북동,경상사고,0,0,2,0,차대차 - 추돌,안전운전불이행,건조,맑음,단일로 - 지하차도(도로)내,승용,남,57세,상해없음,승용,남,26세,경상
2022090200100510,2022년 9월 2일 17시,금요일,인천광역시 서구 석남동,경상사고,0,0,2,0,차대차 - 기타,안전운전불이행,건조,맑음,교차로 - 교차로안,승용,여,40세,상해없음,이륜,남,52세,경상
2022090200100511,2022년 9월 2일 17시,금요일,인천광역시 서구 공촌동,경상사고,0,0,1,0,차대차 - 기타,안전운전불이행,건조,맑음,교차로 - 교차로부근,승용,여,56세,상해없음,자전거,남,58세,경상
2022090200100512,2022년 9월 2일 17시,금요일,인천광역시 미추홀구 문학동,경상사고,0,0,1,0,차대차 - 추돌,안전운전불이행,건조,맑음,단일로 - 기타,승용,남,25세,상해없음,승용,남,81세,경상
2022090200100568,2022년 9월 2일 18시,금요일,인천광역시 미추홀구 용현동,경상사고,0,0,1,0,차대차 - 추돌,안전운전불이행,건조,맑음,교차로 - 교차로부근,화물,남,39세,상해없음,이륜,남,21세,경상
2022090200100569,2022년 9월 2일 18시,금요일,인천광역시 서구 가정동,경상사고,0,0,1,0,차대차 - 추돌,안전운전불이행,건조,맑음,교차로 - 교차로부근,승용,여,43세,상해없음,승용,남,36세,경상
2022090200100570,2022년 9월 2일 18시,금요일,인천광역시 서구 검암동,경상사고,0,0,1,0,차대차 - 기타,안전운전불이행,건조,맑음,교차로 - 교차로안,개인형이동수단(PM),남,13세,상해없음,자전거,남,51세,경상
2022090200100571,2022년 9월 2일 18시,금요일,인천광역시 서구 석남동,경상사고,0,0,1,0,차대차 - 기타,기타,건조,맑음,기타 - 기타,이륜,남,26세,상해없음,승용,남,30세,경상
2022090200100616,2022년 9월 2일 19시,금요일,인천광역시 미추홀구 숭의동,경상사고,0,0,1,0,차대차 - 추돌,안전운전불이행,건조,맑음,단일로 - 기타,승용,남,57세,상해없음,승용,남,26세,경상
2022090200100617,2022년 9월 2일 19시,금요일,인천광역시 미추홀구 주안동,경상사고,0,0,2,0,차대차 - 추돌,안전운전불이행,건조,맑음,교차로 - 교차로안,승용,남,46세,상해없음,승용,남,61세,경상
2022090200100618,2022년 9월 2일 19시,금요일,인천광역시 계양구 용종동,경상사고,0,0,1,0,차대차 - 측면충돌,안전운전불이행,건조,맑음,교차로 - 교차로안,특수,남,42세,상해없음,승용,여,29세,경상
2022090200100679,2022년 9월 2일 21시,금요일,인천광역시 연수구 동춘동,경상사고,0,0,1,0,차대사람 - 길가장자리구역통행중,안전운전불이행,건조,맑음,단일로 - 기타,승용,남,74세,상해없음,보행자,남,25세,경상
2022090200100708,2022년 9월 2일 22시,금요일,인천광역시 연수구 청학동,경상사고,0,0,1,0,차대차 - 측면충돌,교차로운행방법위반,건조,맑음,교차로 - 교차로안,승용,여,32세,상해없음,승용,남,65세,경상
2022090200100709,2022년 9월 2일 22시,금요일,인천광역시 부평구 일신동,경상사고,0,0,1,0,차대차 - 추돌,안전거리미확보,건조,맑음,단일로 - 교량,승용,남,57세,상해없음,승용,남,31세,경상
2022090200100729,2022년 9월 2일 23시,금요일,인천광역시 부평구 십정동,경상사고,0,0,1,0,차대차 - 측면충돌,안전운전불이행,건조,맑음,단일로 - 교량,승용,남,45세,상해없음,승용,남,61세,경상
2022090300100029,2022년 9월 3일 01시,토요일,인천광역시 서구 심곡동,경상사고,0,0,1,0,차대차 - 기타,중앙선침범,건조,맑음,기타 - 기타,화물,남,62세,상해없음,승용,남,25세,경상
2022090300100061,2022년 9월 3일 04시,토요일,인천광역시 중구 운서동,중상사고,0,1,0,0,차대사람 - 횡단중,안전운전불이행,건조,맑음,단일로 - 지하차도(도로)내,화물,남,61세,상해없음,보행자,남,63세,중상
2022090300100100,2022년 9월 3일 07시,토요일,인천광역시 서구 원창동,경상사고,0,0,1,0,차대차 - 정면충돌,안전운전불이행,건조,맑음,교차로 - 교차로부근,승용,남,31세,상해없음,자전거,남,16세,경상
2022090300100121,2022년 9월 3일 08시,토요일,인천광역시 서구 가좌동,경상사고,0,0,1,0,차대차 - 정면충돌,안전운전불이행,건조,맑음,교차로 - 교차로안,승용,남,38세,상해없음,화물,남,46세,경상
2022090300100152,2022년 9월 3일 09시,토요일,인천광역시 미추홀구 주안동,경상사고,0,0,1,0,차대차 - 측면충돌,안전거리미확보,건조,맑음,단일로 - 기타,승용,여,66세,상해없음,승용,여,64세,경상
2022090300100153,2022년 9월 3일 09시,토요일,인천광역시 서구 당하동,경상사고,0,0,1,0,차대차 - 정면충돌,안전운전불이행,건조,맑음,단일로 - 기타,승용,남,39세,상해없음,자전거,남,10세,경상
2022090300100185,2022년 9월 3일 10시,토요일,인천광역시 계양구 귤현동,중상사고,0,1,0,0,차대차 - 기타,안전운전불이행,건조,맑음,단일로 - 기타,자전거,남,35세,상해없음,자전거,남,61세,중상
2022090300100232,2022년 9월 3일 11시,토요일,인천광역시 남동구 구월동,경상사고,0,0,2,0,차대차 - 측면충돌,안전운전불이행,건조,맑음,교차로 - 교차로부근,승용,남,34세,경상,승용,여,59세,경상
2022090300100233,2022년 9월 3일 11시,토요일,인천광역시 남동구 논현동,경상사고,0,0,1,0,차대차 - 정면충돌,안전운전불이행,건조,맑음,단일로 - 지하차도(도로)내,승용,여,54세,상해없음,자전거,남,11세,경상
2022090300100315,2022년 9월 3일 13시,토요일,인천광역시 부평구 부개동,경상사고,0,0,1,0,차대차 - 측면충돌,안전거리미확보,건조,맑음,단일로 - 기타,승용,여,49세,상해없음,화물,남,56세,경상
2022090300100393,2022년 9월 3일 15시,토요일,인천광역시 남동구 간석동,경상사고,0,0,2,0,차대차 - 측면충돌,안전운전불이행,건조,맑음,단일로 - 기타,승용,남,55세,기타불명,승용,남,39세,경상
2022090300100394,2022년 9월 3일 15시,토요일,인천광역시 부평구 일신동,경상사고,0,0,1,0,차대사람 - 기타,안전운전불이행,기타,기타,단일로 - 기타,승용,남,37세,기타불명,보행자,여,27세,경상
2022090300100423,2022년 9월 3일 16시,토요일,인천광역시 남동구 간석동,경상사고,0,0,1,0,차대차 - 측면충돌,안전운전불이행,건조,맑음,교차로 - 교차로안,화물,남,48세,상해없음,자전거,남,35세,경상
2022090300100424,2022년 9월 3일 16시,토요일,인천광역시 계양구 작전동,경상사고,0,0,1,0,차대사람 - 기타,안전운전불이행,건조,맑음,단일로 - 기타,승용,남,29세,상해없음,보행자,남,74세,경상
2022090300100502,2022년 9월 3일 18시,토요일,인천광역시 동구 송현동,경상사고,0,0,1,0,차대사람 - 기타,안전운전불이행,기타,맑음,교차로 - 교차로부근,승용,남,53세,상해없음,보행자,남,60세,경상
2022090300100503,2022년 9월 3일 18시,토요일,인천광역시 강화군 강화읍,경상사고,0,0,1,0,차대차 - 후진중충돌,안전운전불이행,건조,맑음,단일로 - 지하차도(도로)내,승합,여,41세,상해없음,이륜,남,23세,경상
2022090300100504,2022년 9월 3일 18시,토요일,인천광역시 남동구 구월동,중상사고,0,1,0,0,차대차 - 측면충돌,안전운전불이행,건조,맑음,단일로 - 기타,승용,여,60세,상해없음,자전거,남,73세,중상
2022090400100049,2022년 9월 4일 04시,일요일,인천광역시 부평구 청천동,경상사고,0,0,1,0,차대차 - 기타,차로위반,건조,맑음,단일로 - 기타,승용,남,34세,상해없음,승용,남,60세,경상
2022090400100055,2022년 9월 4일 05시,일요일,인천광역시 미추홀구 주안동,사망사고,1,0,0,0,차대차 - 측면충돌,신호위반,건조,맑음,교차로 - 교차로안,이륜,남,19세,사망,승합,남,48세,상해없음
2022090400100056,2022년 9월 4일 05시,일요일,인천광역시 계양구 계산동,경상사고,0,0,1,0,차대차 - 추돌,안전운전불이행,건조,흐림,단일로 - 교량,승용,여,49세,경상,승용,남,38세,기타불명
2022090400100112,2022년 9월 4일 10시,일요일,인천광역시 남동구 구월동,경상사고,0,0,2,0,차대차 - 측면충돌,안전운전불이행,건조,맑음,교차로 - 교차로안,승용,여,39세,상해없음,승용,남,25세,경상
2022090400100142,2022년 9월 4일 11시,일요일,인천광역시 부평구 십정동,경상사고,0,0,4,0,차대차 - 후진중충돌,불법유턴,건조,맑음,단일로 - 기타,승용,남,61세,상해없음,승용,남,50세,경상
2022090400100143,2022년 9월 4일 11시,일요일,인천광역시 남동구 논현동,중상사고,0,1,0,0,차대차 - 측면충돌,안전거리미확보,젖음/습기,비,교차로 - 교차로부근,승용,남,74세,상해없음,이륜,남,41세,중상
2022090400100173,2022년 9월 4일 12시,일요일,인천광역시 동구 송림동,경상사고,0,0,1,0,차대차 - 추돌,안전운전불이행,기타,기타,교차로 - 교차로안,승용,남,73세,상해없음,승용,남,38세,경상
2022090400100204,2022년 9월 4일 13시,일요일,인천광역시 부평구 삼산동,경상사고,0,0,1,0,차대차 - 측면충돌,안전거리미확보,젖음/습기,맑음,단일로 - 교량,승용,남,37세,상해없음,승용,남,51세,경상
2022090400100239,2022년 9월 4일 14시,일요일,인천광역시 남동구 장수동,경상사고,0,0,1,0,차대차 - 기타,안전거리미확보,젖음/습기,비,단일로 - 기타,승합,여,54세,상해없음,이륜,남,46세,경상
2022090400100270,2022년 9월 4일 15시,일요일,인천광역시 남동구 간석동,부상신고사고,0,0,0,1,차대차 - 측면충돌,신호위반,건조,맑음,단일로 - 기타,승용,여,61세,부상신고,이륜,남,47세,상해없음
2022090400100308,2022년 9월 4일 16시,일요일,인천광역시 서구 청라동,경상사고,0,0,1,0,차대차 - 기타,교차로운행방법위반,젖음/습기,비,교차로 - 교차로안,승용,남,54세,상해없음,원동기,남,27세,경상
2022090400100338,2022년 9월 4일 17시,일요일,인천광역시 미추홀구 용현동,중상사고,0,1,0,0,차대차 - 측면충돌,신호위반,젖음/습기,비,단일로 - 기타,화물,남,55세,상해없음,이륜,남,19세,중상
2022090400100386,2022년 9월 4일 19시,일요일,인천광역시 미추홀구 용현동,경상사고,0,0,1,0,차대사람 - 횡단중,안전운전불이행,젖음/습기,비,교차로 - 교차로부근,승용,여,57세,상해없음,보행자,남,12세,경상
2022090400100421,2022년 9월 4일 20시,일요일,인천광역시 미추홀구 주안동,중상사고,0,1,0,0,차대사람 - 횡단중,신호위반,젖음/습기,비,단일로 - 지하차도(도로)내,이륜,남,46세,상해없음,보행자,여,45세,중상
2022090400100422,2022년 9월 4일 20시,일요일,인천광역시 부평구 산곡동,경상사고,0,0,1,0,차대차 - 추돌,안전운전불이행,젖음/습기,비,교차로 - 교차로안,이륜,남,22세,경상,화물,남,61세,상해없음
2022090400100456,2022년 9월 4일 21시,일요일,인천광역시 부평구 부평동,사망사고,1,0,0,0,차대차 - 측면충돌,기타,젖음/습기,비,단일로 - 기타,승용,남,67세,상해없음,승합,남,36세,상해없음
2022090400100457,2022년 9월 4일 21시,일요일,인천광역시 계양구 임학동,경상사고,0,0,1,0,차대차 - 측면충돌,안전운전불이행,젖음/습기,비,교차로 - 교차로안,기타불명,기타불명,미분류,기타불명,승용,여,52세,경상
2022090400100472,2022년 9월 4일 22시,일요일,인천광역시 연수구 송도동,중상사고,0,1,0,0,차대사람 - 보도통행중,기타,젖음/습기,비,기타 - 기타,개인형이동수단(PM),남,19세,상해없음,보행자,여,54세,중상
2022090400100490,2022년 9월 4일 23시,일요일,인천광역시 부평구 부평동,사망사고,1,0,0,0,차대사람 - 횡단중,안전운전불이행,젖음/습기,비,기타 - 기타,승용,여,26세,상해없음,보행자,남,62세,사망
2022090400100491,2022년 9월 4일 23시,일요일,인천광역시 남동구 구월동,경상사고,0,0,1,0,차대차 - 추돌,안전거리미확보,젖음/습기,비,교차로 - 교차로횡단보도내,승용,여,22세,상해없음,승용,남,42세,경상
2022090500100008,2022년 9월 5일 00시,월요일,인천광역시 부평구 일신동,중상사고,0,1,1,0,차대차 - 추돌,안전운전불이행,젖음/습기,비,단일로 - 기타,승용,남,49세,상해없음,승용,남,30세,경상
2022090500100026,2022년 9월 5일 03시,월요일,인천광역시 중구 운서동,경상사고,0,0,1,0,차량단독 - 공작물충돌,안전운전불이행,건조,맑음,단일로 - 기타,승용,남,60세,상해없음,,,,
2022090500100032,2022년 9월 5일 04시,월요일,인천광역시 서구 백석동,사망사고,1,0,0,0,차대차 - 추돌,안전운전불이행,젖음/습기,비,단일로 - 기타,화물,남,53세,상해없음,자전거,남,82세,사망
2022090500100040,2022년 9월 5일 05시,월요일,인천광역시 부평구 부평동,경상사고,0,0,1,0,차대사람 - 횡단중,안전운전불이행,젖음/습기,비,교차로 - 교차로부근,이륜,남,67세,기타불명,보행자,남,68세,경상
2022090500100115,2022년 9월 5일 08시,월요일,인천광역시 미추홀구 용현동,경상사고,0,0,3,0,차대차 - 측면충돌,안전운전불이행,젖음/습기,비,기타 - 기타,승용,남,28세,상해없음,승용,여,34세,경상