사고번호,사고일시,요일,시군구,사고내용,사망자수,중상자수,경상자수,부상신고자수,사고유형,법규위반,노면상태,기상상태,도로형태,가해운전자 차종,가해운전자 성별,가해운전자 연령,가해운전자 상해정도,피해운전자 차종,피해운전자 성별,피해운전자 연령,피해운전자 상해정도
2022090500100116,2022년 9월 5일 08시,월요일,인천광역시 부평구 청천동,경상사고,0,0,1,0,차대차 - 추돌,안전운전불이행,건조,맑음,기타 - 기타,건설기계,남,35세,상해없음,승용,남,62세,경상
2022090500100117,2022년 9월 5일 08시,월요일,인천광역시 남동구 간석동,경상사고,0,0,1,0,차대차 - 측면충돌,안전운전불이행,젖음/습기,비,교차로 - 교차로안,승용,남,59세,상해없음,승용,남,35세,경상
2022090500100213,2022년 9월 5일 11시,월요일,인천광역시 중구 선화동,경상사고,0,0,1,0,차대사람 - 차도통행중,안전운전불이행,건조,맑음,기타 - 기타,승용,남,74세,상해없음,보행자,여,60세,경상
2022090500100214,2022년 9월 5일 11시,월요일,인천광역시 서구 원창동,경상사고,0,0,1,0,차대차 - 기타,안전운전불이행,젖음/습기,비,기타 - 기타,승용,남,57세,상해없음,화물,남,49세,경상
2022090500100215,2022년 9월 5일 11시,월요일,인천광역시 부평구 삼산동,경상사고,0,0,1,0,차대차 - 측면충돌,안전운전불이행,젖음/습기,비,교차로 - 교차로부근,승용,여,41세,상해없음,자전거,여,67세,경상
2022090500100243,2022년 9월 5일 12시,월요일,인천광역시 남동구 구월동,경상사고,0,0,1,0,차대차 - 추돌,안전운전불이행,젖음/습기,비,교차로 - 교차로안,승용,여,65세,상해없음,이륜,남,33세,경상
2022090500100272,2022년 9월 5일 13시,월요일,인천광역시 부평구 부평동,경상사고,0,0,1,0,차대사람 - 차도통행중,안전운전불이행,젖음/습기,비,단일로 - 기타,원동기,남,56세,상해없음,보행자,여,49세,경상
2022090500100302,2022년 9월 5일 14시,월요일,인천광역시 연수구 송도동,경상사고,0,0,1,0,차대차 - 추돌,안전운전불이행,젖음/습기,비,교차로 - 교차로안,승용,남,52세,상해없음,승용,남,56세,경상
2022090500100323,2022년 9월 5일 15시,월요일,인천광역시 동구 송림동,경상사고,0,0,1,0,차대차 - 추돌,안전운전불이행,건조,맑음,단일로 - 기타,승용,남,62세,상해없음,화물,남,29세,경상
2022090500100361,2022년 9월 5일 16시,월요일,인천광역시 남동구 만수동,중상사고,0,1,0,0,차대사람 - 보도통행중,기타,젖음/습기,비,교차로 - 교차로안,승용,여,39세,상해없음,보행자,남,70세,중상
2022090500100363,2022년 9월 5일 16시,월요일,인천광역시 남동구 만수동,경상사고,0,0,1,0,차대차 - 측면충돌,안전거리미확보,젖음/습기,비,교차로 - 교차로부근,승용,남,50세,상해없음,승용,남,35세,경상
2022090500100403,2022년 9월 5일 17시,월요일,인천광역시 미추홀구 주안동,중상사고,0,1,0,0,차대사람 - 차도통행중,신호위반,젖음/습기,비,교차로 - 교차로안,승용,남,45세,상해없음,보행자,여,68세,중상
2022090500100404,2022년 9월 5일 17시,월요일,인천광역시 미추홀구 도화동,중상사고,0,1,0,0,차대차 - 정면충돌,신호위반,건조,맑음,단일로 - 기타,승용,남,35세,상해없음,이륜,남,42세,중상
2022090500100405,2022년 9월 5일 17시,월요일,인천광역시 서구 석남동,경상사고,0,0,1,0,차대차 - 후진중충돌,안전운전불이행,젖음/습기,비,단일로 - 기타,승용,여,51세,상해없음,원동기,남,17세,경상
2022090500100406,2022년 9월 5일 17시,월요일,인천광역시 서구 검암동,경상사고,0,0,4,0,차대차 - 측면충돌,교차로운행방법위반,젖음/습기,비,교차로 - 교차로안,승용,여,32세,상해없음,승용,남,28세,경상
2022090500100454,2022년 9월 5일 18시,월요일,인천광역시 미추홀구 용현동,경상사고,0,0,1,0,차대차 - 후진중충돌,안전운전불이행,젖음/습기,비,주차장 - 주차장,승용,여,47세,상해없음,승용,여,25세,경상
2022090500100455,2022년 9월 5일 18시,월요일,인천광역시 서구 청라동,경상사고,0,0,1,0,차대차 - 기타,신호위반,젖음/습기,비,단일로 - 기타,승용,남,61세,상해없음,자전거,남,15세,경상
2022090500100523,2022년 9월 5일 19시,월요일,인천광역시 부평구 부평동,중상사고,0,1,1,0,차대차 - 측면충돌,안전운전불이행,건조,맑음,교차로 - 교차로부근,승합,남,59세,상해없음,승용,여,58세,경상
2022090500100524,2022년 9월 5일 19시,월요일,인천광역시 남동구 구월동,경상사고,0,0,1,0,차대차 - 추돌,안전운전불이행,기타,맑음,주차장 - 주차장,승용,여,70세,상해없음,이륜,남,49세,경상
2022090500100564,2022년 9월 5일 20시,월요일,인천광역시 미추홀구 도화동,경상사고,0,0,1,0,차대사람 - 횡단중,보행자보호의무위반,젖음/습기,비,교차로 - 교차로부근,승용,남,65세,상해없음,보행자,남,41세,경상
2022090500100565,2022년 9월 5일 20시,월요일,인천광역시 남동구 간석동,경상사고,0,0,1,0,차대차 - 측면충돌,안전운전불이행,젖음/습기,비,교차로 - 교차로부근,승합,남,36세,상해없음,승합,남,47세,경상
2022090500100566,2022년 9월 5일 20시,월요일,인천광역시 연수구 옥련동,경상사고,0,0,2,0,차대차 - 측면충돌,안전운전불이행,침수,비,교차로 - 교차로안,승용,남,41세,경상,승용,남,52세,상해없음
2022090500100567,2022년 9월 5일 20시,월요일,인천광역시 부평구 삼산동,부상신고사고,0,0,0,1,차대차 - 측면충돌,안전거리미확보,젖음/습기,비,단일로 - 교량,화물,남,50세,상해없음,승용,여,22세,부상신고
2022090500100605,2022년 9월 5일 21시,월요일,인천광역시 미추홀구 용현동,중상사고,0,1,3,0,차대차 - 측면충돌,안전운전불이행,젖음/습기,비,교차로 - 교차로안,승용,남,64세,상해없음,승용,남,67세,경상
2022090500100606,2022년 9월 5일 21시,월요일,인천광역시 남동구 구월동,경상사고,0,0,1,0,차대차 - 측면충돌,안전운전불이행,젖음/습기,비,교차로 - 교차로부근,승합,남,59세,상해없음,승용,남,41세,경상
2022090500100607,2022년 9월 5일 21시,월요일,인천광역시 서구 청라동,경상사고,0,0,2,0,차대차 - 추돌,안전운전불이행,젖음/습기,비,교차로 - 교차로부근,승용,남,48세,상해없음,승용,여,28세,경상
2022090500100660,2022년 9월 5일 23시,월요일,인천광역시 미추홀구 주안동,경상사고,0,0,1,0,차대차 - 기타,안전운전불이행,젖음/습기,비,기타 - 기타,기타불명,기타불명,미분류,기타불명,승용,여,54세,경상
2022090500100661,2022년 9월 5일 23시,월요일,인천광역시 강화군 강화읍,부상신고사고,0,0,0,1,차대사람 - 기타,교차로운행방법위반,건조,맑음,교차로 - 교차로안,승용,남,60세,상해없음,보행자,남,41세,부상신고
2022090500100662,2022년 9월 5일 23시,월요일,인천광역시 부평구 삼산동,경상사고,0,0,1,0,차대차 - 측면충돌,안전거리미확보,젖음/습기,비,단일로 - 기타,승용,남,59세,상해없음,승용,남,46세,경상
2022090600100015,2022년 9월 6일 00시,화요일,인천광역시 남동구 장수동,경상사고,0,0,2,0,차대차 - 추돌,안전운전불이행,젖음/습기,비,교차로 - 교차로부근,승용,남,37세,상해없음,승용,남,46세,경상
2022090600100016,2022년 9월 6일 00시,화요일,인천광역시 남동구 논현동,경상사고,0,0,1,0,차대차 - 측면충돌,교차로운행방법위반,젖음/습기,비,교차로 - 교차로안,승용,남,46세,기타불명,승용,여,53세,경상
2022090600100029,2022년 9월 6일 01시,화요일,인천광역시 남동구 논현동,경상사고,0,0,2,0,차대차 - 측면충돌,중앙선침범,젖음/습기,비,교차로 - 교차로부근,승용,남,31세,상해없음,승용,남,59세,경상
2022090600100038,2022년 9월 6일 02시,화요일,인천광역시 미추홀구 주안동,경상사고,0,0,1,0,차대차 - 기타,안전운전불이행,건조,맑음,단일로 - 기타,승용,남,30세,기타불명,특수,남,21세,경상
2022090600100039,2022년 9월 6일 02시,화요일,인천광역시 남동구 간석동,중상사고,0,1,0,0,차대차 - 추돌,안전운전불이행,젖음/습기,비,교차로 - 교차로부근,화물,남,41세,상해없음,승용,여,40세,중상
2022090600100057,2022년 9월 6일 06시,화요일,인천광역시 서구 가정동,경상사고,0,0,1,0,차대차 - 추돌,안전운전불이행,건조,맑음,교차로 - 교차로안,화물,남,40세,상해없음,승용,남,40세,경상
2022090600100058,2022년 9월 6일 06시,화요일,인천광역시 남동구 서창동,중상사고,0,1,0,0,차대사람 - 횡단중,보행자보호의무위반,젖음/습기,비,교차로 - 교차로횡단보도내,승합,남,58세,상해없음,보행자,남,39세,중상
2022090600100096,2022년 9월 6일 08시,화요일,인천광역시 미추홀구 주안동,경상사고,0,0,2,0,차대차 - 측면충돌,안전운전불이행,건조,맑음,교차로 - 교차로부근,승용,여,43세,기타불명,승용,여,47세,경상
2022090600100139,2022년 9월 6일 10시,화요일,인천광역시 부평구 일신동,중상사고,0,1,0,0,차대차 - 측면충돌,안전운전불이행,건조,맑음,단일로 - 기타,승용,남,46세,상해없음,승용,여,59세,중상
2022090600100163,2022년 9월 6일 11시,화요일,인천광역시 남동구 구월동,경상사고,0,0,1,0,차대사람 - 기타,안전운전불이행,건조,맑음,단일로 - 기타,승용,여,39세,상해없음,보행자,여,72세,경상
2022090600100164,2022년 9월 6일 11시,화요일,인천광역시 강화군 불은면,경상사고,0,0,1,0,차대차 - 정면충돌,중앙선침범,건조,맑음,단일로 - 지하차도(도로)내,승용,남,44세,상해없음,승용,여,49세,경상
2022090600100199,2022년 9월 6일 12시,화요일,인천광역시 연수구 옥련동,사망사고,1,1,0,0,차대차 - 정면충돌,중앙선침범,건조,맑음,교차로 - 교차로부근,화물,남,75세,사망,화물,남,64세,상해없음
2022090600100231,2022년 9월 6일 13시,화요일,인천광역시 부평구 갈산동,경상사고,0,0,1,0,차대차 - 기타,신호위반,건조,맑음,단일로 - 기타,승용,여,25세,상해없음,승용,남,32세,경상
2022090600100269,2022년 9월 6일 14시,화요일,인천광역시 중구 항동7가,경상사고,0,0,2,0,차대차 - 측면충돌,차로위반,건조,맑음,교차로 - 교차로부근,승용,남,55세,상해없음,승용,여,45세,경상
2022090600100270,2022년 9월 6일 14시,화요일,인천광역시 미추홀구 주안동,경상사고,0,0,1,0,차대차 - 측면충돌,직진우회전진행방해,건조,맑음,교차로 - 교차로안,건설기계,남,60세,상해없음,승용,남,68세,경상
2022090600100271,2022년 9월 6일 14시,화요일,인천광역시 서구 청라동,중상사고,0,1,0,0,차대차 - 정면충돌,신호위반,건조,맑음,교차로 - 교차로안,승용,남,59세,상해없음,승용,남,36세,중상
2022090600100272,2022년 9월 6일 14시,화요일,인천광역시 서구 원창동,경상사고,0,0,2,0,차대차 - 추돌,안전운전불이행,건조,맑음,교차로 - 교차로부근,승용,여,44세,상해없음,승용,남,62세,경상
2022090600100273,2022년 9월 6일 14시,화요일,인천광역시 계양구 계산동,경상사고,0,0,1,0,차대차 - 측면충돌,안전거리미확보,건조,맑음,단일로 - 기타,승용,남,47세,상해없음,승용,여,55세,경상
2022090600100314,2022년 9월 6일 15시,화요일,인천광역시 미추홀구 주안동,경상사고,0,0,1,0,차대차 - 측면충돌,안전운전불이행,건조,맑음,교차로 - 교차로안,승용,여,64세,상해없음,승용,여,54세,경상
2022090600100315,2022년 9월 6일 15시,화요일,인천광역시 계양구 병방동,경상사고,0,0,1,0,차대차 - 추돌,안전운전불이행,건조,맑음,기타 - 기타,승용,남,46세,상해없음,승용,여,29세,경상
2022090600100348,2022년 9월 6일 16시,화요일,인천광역시 서구 가좌동,경상사고,0,0,1,0,차대차 - 측면충돌,교차로운행방법위반,건조,맑음,교차로 - 교차로안,승합,남,61세,상해없음,승용,남,25세,경상
2022090600100460,2022년 9월 6일 18시,화요일,인천광역시 미추홀구 도화동,경상사고,0,0,1,0,차대차 - 측면충돌,신호위반,건조,맑음,교차로 - 교차로안,승용,남,60세,상해없음,이륜,남,35세,경상
2022090600100461,2022년 9월 6일 18시,화요일,인천광역시 서구 신현동,경상사고,0,0,1,0,차대사람 - 기타,안전운전불이행,건조,맑음,기타 - 기타,개인형이동수단(PM),남,12세,상해없음,보행자,여,14세,경상
2022090600100462,2022년 9월 6일 18시,화요일,인천광역시 계양구 귤현동,경상사고,0,0,1,0,차대사람 - 횡단중,보행자보호의무위반,건조,맑음,교차로 - 교차로횡단보도내,기타불명,기타불명,미분류,기타불명,보행자,남,58세,경상
2022090600100501,2022년 9월 6일 19시,화요일,인천광역시 부평구 부평동,경상사고,0,0,1,0,차대차 - 추돌,안전운전불이행,건조,맑음,교차로 - 교차로부근,승용,남,25세,상해없음,승용,여,63세,경상
2022090600100525,2022년 9월 6일 20시,화요일,인천광역시 서구 청라동,경상사고,0,0,1,0,차대사람 - 기타,안전운전불이행,건조,맑음,단일로 - 기타,승용,남,41세,상해없음,보행자,남,32세,경상
2022090600100548,2022년 9월 6일 21시,화요일,인천광역시 남동구 간석동,부상신고사고,0,0,0,1,차대사람 - 기타,안전운전불이행,건조,맑음,기타 - 기타,개인형이동수단(PM),남,17세,상해없음,보행자,남,8세,부상신고
2022090600100578,2022년 9월 6일 22시,화요일,인천광역시 중구 운서동,경상사고,0,0,1,0,차대차 - 추돌,안전운전불이행,건조,맑음,교차로 - 교차로부근,승용,남,28세,상해없음,승용,여,24세,경상
2022090600100579,2022년 9월 6일 22시,화요일,인천광역시 미추홀구 용현동,경상사고,0,0,1,1,차대차 - 측면충돌,안전운전불이행,건조,맑음,교차로 - 교차로부근,이륜,남,58세,부상신고,승용,남,33세,경상
2022090600100580,2022년 9월 6일 22시,화요일,인천광역시 계양구 방축동,경상사고,0,0,1,0,차대사람 - 보도통행중,보행자보호의무위반,건조,맑음,단일로 - 기타,화물,남,61세,상해없음,보행자,남,15세,경상
2022090600100605,2022년 9월 6일 23시,화요일,인천광역시 미추홀구 문학동,경상사고,0,0,2,0,차대차 - 측면충돌,안전거리미확보,건조,맑음,교차로 - 교차로안,승용,남,33세,기타불명,승용,남,66세,경상
2022090700100019,2022년 9월 7일 01시,수요일,인천광역시 동구 송현동,경상사고,0,0,1,0,차대차 - 측면충돌,신호위반,건조,맑음,교차로 - 교차로안,승용,남,21세,상해없음,승용,남,60세,경상
2022090700100038,2022년 9월 7일 03시,수요일,인천광역시 중구 유동,경상사고,0,0,1,0,차대차 - 추돌,안전운전불이행,건조,맑음,교차로 - 교차로횡단보도내,승용,남,35세,상해없음,승용,남,66세,경상
2022090700100099,2022년 9월 7일 07시,수요일,인천광역시 중구 중산동,경상사고,0,0,1,0,차대차 - 측면충돌,안전거리미확보,건조,맑음,단일로 - 기타,승용,남,51세,상해없음,승용,여,52세,경상
2022090700100145,2022년 9월 7일 08시,수요일,인천광역시 미추홀구 주안동,경상사고,0,0,1,0,차대차 - 추돌,안전운전불이행,건조,맑음,단일로 - 기타,승용,여,31세,상해없음,승용,남,41세,경상
2022090700100146,2022년 9월 7일 08시,수요일,인천광역시 미추홀구 문학동,경상사고,0,0,1,0,차대차 - 측면충돌,안전운전불이행,건조,맑음,단일로 - 기타,승용,여,27세,상해없음,승용,남,28세,경상
2022090700100147,2022년 9월 7일 08시,수요일,인천광역시 서구 청라동,경상사고,0,0,1,0,차대차 - 기타,안전운전불이행,건조,맑음,교차로 - 교차로부근,승용,남,60세,상해없음,승용,여,52세,경상
2022090700100205,2022년 9월 7일 09시,수요일,인천광역시 부평구 산곡동,경상사고,0,0,1,0,차대차 - 추돌,안전운전불이행,건조,맑음,교차로 - 교차로부근,승용,여,38세,상해없음,승용,남,46세,경상
2022090700100206,2022년 9월 7일 09시,수요일,인천광역시 남동구 구월동,경상사고,0,0,1,0,차량단독 - 기타,안전운전불이행,건조,맑음,단일로 - 기타,승용,남,68세,상해없음,,,,
2022090700100246,2022년 9월 7일 10시,수요일,인천광역시 부평구 산곡동,경상사고,0,0,1,0,차대차 - 측면충돌,안전운전불이행,건조,맑음,단일로 - 기타,승용,여,27세,상해없음,승용,여,62세,경상
2022090700100283,2022년 9월 7일 11시,수요일,인천광역시 미추홀구 주안동,경상사고,0,0,2,0,차대차 - 측면충돌,교차로운행방법위반,건조,맑음,교차로 - 교차로부근,승용,여,72세,상해없음,승용,남,39세,경상
2022090700100348,2022년 9월 7일 13시,수요일,인천광역시 부평구 구산동,중상사고,0,1,0,0,차대차 - 측면충돌,안전거리미확보,건조,맑음,교차로 - 교차로안,승용,여,42세,상해없음,승용,남,30세,중상
2022090700100384,2022년 9월 7일 14시,수요일,인천광역시 서구 신현동,중상사고,0,1,0,0,차대차 - 기타,안전운전불이행,건조,맑음,기타 - 기타,승용,남,28세,상해없음,건설기계,남,64세,상해없음
2022090700100421,2022년 9월 7일 15시,수요일,인천광역시 미추홀구 주안동,경상사고,0,0,1,0,차대차 - 측면충돌,신호위반,건조,맑음,교차로 - 교차로안,승용,여,44세,상해없음,이륜,남,51세,경상
2022090700100422,2022년 9월 7일 15시,수요일,인천광역시 연수구 송도동,경상사고,0,0,1,0,차대차 - 측면충돌,안전거리미확보,건조,맑음,교차로 - 교차로부근,승용,남,59세,상해없음,승용,남,35세,경상
2022090700100423,2022년 9월 7일 15시,수요일,인천광역시 계양구 노오지동,경상사고,0,0,1,0,차대차 - 기타,안전거리미확보,건조,맑음,단일로 - 기타,승용,남,67세,상해없음,승용,남,48세,경상
2022090700100471,2022년 9월 7일 16시,수요일,인천광역시 남동구 구월동,경상사고,0,0,1,0,차대차 - 측면충돌,안전운전불이행,건조,맑음,단일로 - 기타,승용,남,71세,상해없음,승용,남,26세,경상
2022090700100582,2022년 9월 7일 18시,수요일,인천광역시 미추홀구 숭의동,경상사고,0,0,1,0,차대차 - 측면충돌,신호위반,건조,맑음,교차로 - 교차로안,승용,남,64세,기타불명,승합,남,76세,경상
2022090700100621,2022년 9월 7일 19시,수요일,인천광역시 미추홀구 관교동,경상사고,0,0,1,0,차대차 - 추돌,안전운전불이행,건조,맑음,교차로 - 교차로부근,화물,남,62세,상해없음,승용,남,26세,경상
2022090700100622,2022년 9월 7일 19시,수요일,인천광역시 남동구 간석동,경상사고,0,0,1,0,차대차 - 측면충돌,차로위반,건조,맑음,단일로 - 기타,화물,남,47세,상해없음,승용,남,28세,경상
2022090700100623,2022년 9월 7일 19시,수요일,인천광역시 계양구 귤현동,중상사고,0,1,0,0,차량단독 - 기타,안전운전불이행,건조,맑음,단일로 - 기타,승합,남,60세,상해없음,,,,
2022090700100624,2022년 9월 7일 19시,수요일,인천광역시 남동구 서창동,경상사고,0,0,1,0,차대차 - 정면충돌,안전운전불이행,건조,맑음,교차로 - 교차로부근,승용,남,65세,상해없음,이륜,남,52세,경상
2022090700100654,2022년 9월 7일 20시,수요일,인천광역시 서구 가정동,경상사고,0,0,1,0,차대차 - 후진중충돌,안전운전불이행,건조,맑음,단일로 - 기타,승용,남,27세,상해없음,승용,여,25세,경상
2022090700100655,2022년 9월 7일 20시,수요일,인천광역시 연수구 동춘동,경상사고,0,0,1,0,차대차 - 측면충돌,안전운전불이행,건조,맑음,단일로 - 기타,화물,남,45세,상해없음,승용,남,61세,경상
2022090700100689,2022년 9월 7일 21시,수요일,인천광역시 미추홀구 학익동,경상사고,0,0,2,0,차대차 - 측면충돌,안전거리미확보,건조,맑음,단일로 - 기타,승용,여,26세,경상,승용,남,70세,경상
2022090800100023,2022년 9월 8일 01시,목요일,인천광역시 남동구 구월동,경상사고,0,0,2,0,차대차 - 추돌,안전운전불이행,건조,맑음,단일로 - 기타,승용,여,35세,상해없음,화물,남,50세,경상
2022090800100082,2022년 9월 8일 07시,목요일,인천광역시 서구 가정동,경상사고,0,0,2,0,차대차 - 측면충돌,교차로운행방법위반,건조,맑음,교차로 - 교차로안,승용,여,57세,경상,승용,남,38세,경상
2022090800100206,2022년 9월 8일 10시,목요일,인천광역시 서구 왕길동,경상사고,0,0,1,0,차대차 - 측면충돌,차로위반,건조,맑음,단일로 - 기타,건설기계,남,41세,상해없음,승용,여,53세,경상
2022090800100207,2022년 9월 8일 10시,목요일,인천광역시 부평구 갈산동,경상사고,0,0,1,0,차대차 - 측면충돌,안전운전불이행,건조,맑음,교차로 - 교차로부근,화물,남,56세,상해없음,화물,남,34세,경상
2022090800100288,2022년 9월 8일 12시,목요일,인천광역시 계양구 계산동,경상사고,0,0,2,0,차대차 - 후진중충돌,안전운전불이행,건조,맑음,주차장 - 주차장,승용,여,52세,상해없음,승용,남,63세,경상
2022090800100331,2022년 9월 8일 13시,목요일,인천광역시 연수구 송도동,경상사고,0,0,1,0,차대차 - 측면충돌,안전거리미확보,건조,맑음,단일로 - 기타,승합,남,58세,상해없음,승용,남,23세,경상
2022090800100375,2022년 9월 8일 14시,목요일,인천광역시 미추홀구 주안동,경상사고,0,0,1,0,차대차 - 기타,기타,건조,맑음,단일로 - 기타,화물,남,65세,상해없음,승용,여,49세,경상
2022090800100376,2022년 9월 8일 14시,목요일,인천광역시 연수구 옥련동,경상사고,0,0,1,0,차대차 - 측면충돌,안전운전불이행,건조,맑음,교차로 - 교차로안,승용,남,64세,상해없음,승용,남,65세,경상
2022090800100433,2022년 9월 8일 15시,목요일,인천광역시 미추홀구 주안동,경상사고,0,0,2,0,차대차 - 측면충돌,교차로운행방법위반,건조,맑음,교차로 - 교차로안,이륜,남,28세,경상,승용,여,37세,경상
2022090800100434,2022년 9월 8일 15시,목요일,인천광역시 서구 석남동,경상사고,0,0,1,0,차대사람 - 차도통행중,안전운전불이행,건조,맑음,교차로 - 교차로부근,승용,남,71세,상해없음,보행자,남,52세,경상
2022090800100435,2022년 9월 8일 15시,목요일,인천광역시 서구 검암동,경상사고,0,0,1,0,차대차 - 측면충돌,안전거리미확보,건조,맑음,단일로 - 기타,승용,여,50세,상해없음,승용,남,31세,경상
2022090800100436,2022년 9월 8일 15시,목요일,인천광역시 강화군 삼산면,중상사고,0,1,0,0,차대차 - 측면충돌,안전운전불이행,건조,맑음,단일로 - 지하차도(도로)내,승용,남,52세,상해없음,농기계,남,74세,중상
2022090800100437,2022년 9월 8일 15시,목요일,인천광역시 연수구 송도동,경상사고,0,0,1,0,차대차 - 추돌,안전운전불이행,건조,맑음,단일로 - 교량,이륜,남,32세,상해없음,승용,남,38세,경상
2022090800100509,2022년 9월 8일 16시,목요일,인천광역시 미추홀구 주안동,경상사고,0,0,1,0,차대차 - 측면충돌,안전운전불이행,건조,맑음,단일로 - 기타,승용,남,29세,상해없음,승용,여,46세,경상
2022090800100510,2022년 9월 8일 16시,목요일,인천광역시 서구 왕길동,중상사고,0,1,0,0,차대사람 - 보도통행중,안전운전불이행,건조,맑음,교차로 - 교차로부근,승용,남,21세,상해없음,보행자,남,54세,중상
2022090800100511,2022년 9월 8일 16시,목요일,인천광역시 서구 당하동,경상사고,0,0,1,0,차대차 - 기타,안전운전불이행,건조,맑음,기타 - 기타,승용,여,24세,상해없음,승용,남,55세,경상
2022090800100512,2022년 9월 8일 16시,목요일,인천광역시 계양구 효성동,경상사고,0,0,4,0,차대차 - 정면충돌,신호위반,건조,맑음,교차로 - 교차로안,화물,남,42세,상해없음,승용,남,54세,경상
2022090800100513,2022년 9월 8일 16시,목요일,인천광역시 계양구 계산동,중상사고,0,1,0,0,차대차 - 측면충돌,안전운전불이행,건조,맑음,단일로 - 기타,승용,여,54세,상해없음,승용,여,51세,중상
2022090800100514,2022년 9월 8일 16시,목요일,인천광역시 부평구 갈산동,경상사고,0,0,1,0,차대사람 - 기타,안전운전불이행,건조,맑음,교차로 - 교차로부근,승용,남,36세,상해없음,보행자,여,35세,경상
2022090800100593,2022년 9월 8일 17시,목요일,인천광역시 미추홀구 용현동,부상신고사고,0,0,0,1,차대차 - 기타,안전운전불이행,건조,맑음,기타 - 기타,화물,남,69세,상해없음,승용,남,52세,부상신고
2022090800100594,2022년 9월 8일 17시,목요일,인천광역시 서구 가좌동,경상사고,0,0,1,0,차대차 - 측면충돌,안전운전불이행,건조,맑음,단일로 - 기타,화물,남,75세,상해없음,승용,여,69세,경상
2022090800100595,2022년 9월 8일 17시,목요일,인천광역시 남동구 논현동,중상사고,0,1,1,0,차대차 - 측면충돌,신호위반,건조,맑음,교차로 - 교차로안,이륜,남,22세,중상,승용,남,49세,경상
2022090800100596,2022년 9월 8일 17시,목요일,인천광역시 서구 경서동,경상사고,0,0,3,0,차대차 - 측면충돌,신호위반,건조,맑음,단일로 - 교량,승합,남,53세,상해없음,승용,남,54세,경상
2022090800100659,2022년 9월 8일 18시,목요일,인천광역시 서구 가좌동,중상사고,0,1,0,0,차대사람 - 기타,보행자보호의무위반,건조,맑음,기타 - 기타,승용,여,59세,상해없음,보행자,남,7세,중상
2022090800100660,2022년 9월 8일 18시,목요일,인천광역시 계양구 작전동,경상사고,0,0,1,0,차대차 - 기타,안전운전불이행,건조,맑음,단일로 - 기타,승용,남,52세,상해없음,이륜,남,23세,경상
2022090800100710,2022년 9월 8일 19시,목요일,인천광역시 미추홀구 주안동,경상사고,0,0,1,0,차대차 - 추돌,안전운전불이행,건조,맑음,단일로 - 기타,승용,남,32세,기타불명,승용,여,41세,경상
2022090800100711,2022년 9월 8일 19시,목요일,인천광역시 계양구 작전동,경상사고,0,0,5,0,차대차 - 후진중충돌,안전운전불이행,건조,맑음,교차로 - 교차로안,승용,여,41세,상해없음,승용,남,51세,경상
2022090800100712,2022년 9월 8일 19시,목요일,인천광역시 계양구 작전동,경상사고,0,0,1,0,차대차 - 측면충돌,안전운전불이행,건조,맑음,단일로 - 기타,승용,여,25세,상해없음,승용,여,75세,경상
2022090800100773,2022년 9월 8일 21시,목요일,인천광역시 미추홀구 도화동,중상사고,0,1,0,0,차대차 - 기타,기타,건조,맑음,교차로 - 교차로안,승용,남,59세,기타불명,이륜,남,31세,중상
2022090800100774,2022년 9월 8일 21시,목요일,인천광역시 부평구 부평동,경상사고,0,0,2,0,차대차 - 측면충돌,교차로운행방법위반,건조,맑음,교차로 - 교차로안,승용,남,21세,상해없음,승용,여,49세,경상
2022090800100775,2022년 9월 8일 21시,목요일,인천광역시 부평구 부평동,경상사고,0,0,1,0,차대사람 - 길가장자리구역통행중,안전운전불이행,건조,맑음,교차로 - 교차로부근,승용,여,27세,기타불명,보행자,여,30세,경상
2022090800100808,2022년 9월 8일 22시,목요일,인천광역시 미추홀구 용현동,부상신고사고,0,0,0,1,차대차 - 추돌,안전운전불이행,건조,맑음,단일로 - 기타,승용,남,63세,기타불명,승용,여,41세,부상신고
2022090900100012,2022년 9월 9일 00시,금요일,인천광역시 서구 석남동,경상사고,0,0,2,0,차대차 - 측면충돌,안전운전불이행,건조,맑음,단일로 - 기타,승용,남,26세,상해없음,승용,남,57세,경상
2022090900100013,2022년 9월 9일 00시,금요일,인천광역시 서구 마전동,경상사고,0,0,1,0,차대사람 - 기타,안전운전불이행,건조,기타,단일로 - 기타,승용,여,45세,상해없음,보행자,남,56세,경상
2022090900100087,2022년 9월 9일 07시,금요일,인천광역시 부평구 부평동,사망사고,1,0,0,0,차대사람 - 보도통행중,보행자보호의무위반,건조,맑음,교차로 - 교차로부근,화물,남,60세,상해없음,보행자,여,34세,사망
2022090900100088,2022년 9월 9일 07시,금요일,인천광역시 남동구 간석동,경상사고,0,0,1,0,차대차 - 측면충돌,차로위반,건조,맑음,교차로 - 교차로부근,승용,남,68세,상해없음,이륜,남,63세,경상
2022090900100089,2022년 9월 9일 07시,금요일,인천광역시 서구 마전동,경상사고,0,0,1,1,차대차 - 측면충돌,안전운전불이행,건조,맑음,교차로 - 교차로안,승용,남,50세,상해없음,이륜,남,43세,경상
2022090900100152,2022년 9월 9일 10시,금요일,인천광역시 중구 운북동,경상사고,0,0,2,0,차대차 - 측면충돌,중앙선침범,건조,맑음,단일로 - 기타,승용,남,56세,상해없음,승용,남,43세,경상
2022090900100224,2022년 9월 9일 12시,금요일,인천광역시 남동구 간석동,경상사고,0,0,1,0,차대차 - 기타,교차로운행방법위반,건조,맑음,교차로 - 교차로안,승용,남,65세,상해없음,승용,여,30세,상해없음