사고번호,사고일시,요일,시군구,사고내용,사망자수,중상자수,경상자수,부상신고자수,사고유형,법규위반,노면상태,기상상태,도로형태,가해운전자 차종,가해운전자 성별,가해운전자 연령,가해운전자 상해정도,피해운전자 차종,피해운전자 성별,피해운전자 연령,피해운전자 상해정도
2022090900100261,2022년 9월 9일 13시,금요일,인천광역시 서구 석남동,경상사고,0,0,2,0,차대차 - 후진중충돌,안전운전불이행,건조,맑음,단일로 - 기타,승용,남,27세,상해없음,승용,여,35세,경상
2022090900100296,2022년 9월 9일 14시,금요일,인천광역시 중구 운서동,경상사고,0,0,1,0,차대차 - 측면충돌,신호위반,건조,맑음,교차로 - 교차로안,승합,남,63세,상해없음,자전거,남,68세,경상
2022090900100297,2022년 9월 9일 14시,금요일,인천광역시 미추홀구 용현동,경상사고,0,0,2,0,차대차 - 측면충돌,안전운전불이행,건조,맑음,교차로 - 교차로안,승용,남,32세,상해없음,승용,남,36세,경상
2022090900100298,2022년 9월 9일 14시,금요일,인천광역시 계양구 다남동,경상사고,0,0,1,0,차대차 - 추돌,안전운전불이행,건조,맑음,단일로 - 기타,기타불명,기타불명,미분류,기타불명,자전거,여,17세,경상
2022090900100339,2022년 9월 9일 15시,금요일,인천광역시 강화군 강화읍,경상사고,0,0,1,0,차대차 - 측면충돌,안전운전불이행,건조,맑음,단일로 - 기타,승용,여,32세,상해없음,승용,남,44세,경상
2022090900100340,2022년 9월 9일 15시,금요일,인천광역시 남동구 도림동,경상사고,0,0,2,0,차대차 - 측면충돌,안전거리미확보,건조,맑음,교차로 - 교차로부근,승용,남,47세,상해없음,승용,남,21세,상해없음
2022090900100357,2022년 9월 9일 16시,금요일,인천광역시 계양구 작전동,경상사고,0,0,2,0,차대차 - 정면충돌,안전운전불이행,건조,맑음,단일로 - 기타,승용,남,37세,상해없음,승용,여,39세,경상
2022090900100382,2022년 9월 9일 17시,금요일,인천광역시 중구 신생동,경상사고,0,0,2,0,차대차 - 추돌,안전운전불이행,건조,맑음,단일로 - 기타,승용,여,40세,상해없음,승용,남,56세,경상
2022090900100383,2022년 9월 9일 17시,금요일,인천광역시 미추홀구 주안동,경상사고,0,0,1,0,차대사람 - 차도통행중,안전운전불이행,건조,맑음,교차로 - 교차로안,개인형이동수단(PM),여,24세,기타불명,보행자,여,53세,경상
2022090900100413,2022년 9월 9일 18시,금요일,인천광역시 남동구 구월동,중상사고,0,1,0,0,차대차 - 측면충돌,신호위반,건조,맑음,단일로 - 기타,승용,남,42세,상해없음,자전거,여,57세,중상
2022090900100469,2022년 9월 9일 20시,금요일,인천광역시 서구 심곡동,경상사고,0,0,1,0,차대차 - 후진중충돌,안전운전불이행,건조,맑음,단일로 - 기타,승용,남,53세,상해없음,승용,남,36세,경상
2022090900100503,2022년 9월 9일 22시,금요일,인천광역시 동구 송림동,경상사고,0,0,1,0,차대차 - 추돌,안전운전불이행,건조,맑음,교차로 - 교차로부근,승용,여,40세,상해없음,승용,남,32세,경상
2022090900100504,2022년 9월 9일 22시,금요일,인천광역시 남동구 간석동,사망사고,1,0,0,0,차량단독 - 전도전복 - 전도,안전운전불이행,건조,맑음,단일로 - 지하차도(도로)내,이륜,남,41세,사망,,,,
2022091000100005,2022년 9월 10일 00시,토요일,인천광역시 연수구 연수동,경상사고,0,0,3,0,차대차 - 추돌,안전운전불이행,건조,맑음,교차로 - 교차로안,승용,남,55세,상해없음,승용,남,38세,경상
2022091000100006,2022년 9월 10일 00시,토요일,인천광역시 연수구 선학동,경상사고,0,0,3,0,차대차 - 측면충돌,안전운전불이행,건조,맑음,교차로 - 교차로안,승용,여,54세,경상,승합,남,45세,경상
2022091000100088,2022년 9월 10일 09시,토요일,인천광역시 부평구 부평동,경상사고,0,0,5,0,차대차 - 기타,차로위반,건조,맑음,교차로 - 교차로부근,승용,남,25세,상해없음,승용,남,61세,경상
2022091000100089,2022년 9월 10일 09시,토요일,인천광역시 강화군 내가면,중상사고,0,1,0,0,차량단독 - 공작물충돌,안전운전불이행,건조,맑음,단일로 - 지하차도(도로)내,승용,남,79세,상해없음,,,,
2022091000100136,2022년 9월 10일 11시,토요일,인천광역시 서구 왕길동,경상사고,0,0,4,0,차대차 - 추돌,안전운전불이행,건조,맑음,교차로 - 교차로부근,화물,여,56세,상해없음,승용,남,43세,경상
2022091000100157,2022년 9월 10일 12시,토요일,인천광역시 중구 운서동,경상사고,0,0,3,0,차대차 - 측면충돌,안전거리미확보,건조,맑음,기타 - 기타,승용,여,69세,상해없음,승용,여,54세,경상
2022091000100158,2022년 9월 10일 12시,토요일,인천광역시 중구 운서동,경상사고,0,0,1,0,차대차 - 추돌,안전운전불이행,건조,맑음,단일로 - 기타,승합,남,47세,경상,승용,남,33세,상해없음
2022091000100217,2022년 9월 10일 14시,토요일,인천광역시 서구 가좌동,중상사고,0,1,0,0,차량단독 - 공작물충돌,안전운전불이행,건조,맑음,단일로 - 기타,화물,남,62세,중상,,,,
2022091000100261,2022년 9월 10일 16시,토요일,인천광역시 중구 운서동,경상사고,0,0,4,0,차대차 - 측면충돌,안전거리미확보,건조,맑음,단일로 - 기타,승용,남,81세,상해없음,승용,남,37세,경상
2022091000100262,2022년 9월 10일 16시,토요일,인천광역시 서구 청라동,중상사고,0,3,0,0,차대차 - 측면충돌,안전운전불이행,건조,맑음,교차로 - 교차로부근,승용,여,38세,중상,승용,여,57세,상해없음
2022091000100278,2022년 9월 10일 17시,토요일,인천광역시 강화군 양사면,중상사고,0,1,0,0,차대차 - 추돌,안전운전불이행,건조,맑음,단일로 - 지하차도(도로)내,화물,남,54세,상해없음,원동기,남,61세,중상
2022091000100295,2022년 9월 10일 18시,토요일,인천광역시 강화군 교동면,경상사고,0,0,3,0,차대차 - 측면충돌,안전운전불이행,건조,맑음,교차로 - 교차로안,승용,여,55세,상해없음,이륜,남,50세,경상
2022091000100355,2022년 9월 10일 21시,토요일,인천광역시 부평구 산곡동,중상사고,0,1,0,0,차대사람 - 기타,신호위반,건조,맑음,교차로 - 교차로안,이륜,남,25세,상해없음,보행자,여,13세,중상
2022091000100356,2022년 9월 10일 21시,토요일,인천광역시 남동구 운연동,경상사고,0,0,4,0,차대차 - 측면충돌,안전거리미확보,건조,흐림,단일로 - 기타,승용,여,41세,경상,승용,남,45세,경상
2022091000100382,2022년 9월 10일 23시,토요일,인천광역시 미추홀구 용현동,중상사고,0,1,0,0,차대사람 - 횡단중,안전운전불이행,건조,맑음,단일로 - 기타,승용,남,46세,상해없음,보행자,남,63세,중상
2022091100100018,2022년 9월 11일 01시,일요일,인천광역시 부평구 청천동,중상사고,0,1,0,0,차대차 - 측면충돌,안전운전불이행,건조,맑음,교차로 - 교차로부근,승용,남,63세,상해없음,승용,남,30세,중상
2022091100100101,2022년 9월 11일 11시,일요일,인천광역시 서구 가좌동,경상사고,0,0,1,0,차대차 - 측면충돌,안전운전불이행,건조,맑음,단일로 - 기타,승용,여,49세,상해없음,승용,여,28세,경상
2022091100100129,2022년 9월 11일 12시,일요일,인천광역시 서구 백석동,경상사고,0,0,5,0,차대차 - 추돌,안전운전불이행,건조,맑음,교차로 - 교차로부근,승용,남,61세,상해없음,승용,남,40세,경상
2022091100100211,2022년 9월 11일 15시,일요일,인천광역시 부평구 십정동,중상사고,0,1,0,0,차대사람 - 횡단중,보행자보호의무위반,건조,맑음,교차로 - 교차로부근,승용,여,39세,상해없음,보행자,남,68세,중상
2022091100100236,2022년 9월 11일 16시,일요일,인천광역시 중구 북성동1가,경상사고,0,0,5,1,차대차 - 측면충돌,안전운전불이행,건조,맑음,교차로 - 교차로안,승용,남,34세,상해없음,승용,남,35세,경상
2022091100100286,2022년 9월 11일 18시,일요일,인천광역시 중구 항동7가,중상사고,0,1,3,0,차대차 - 추돌,차로위반,건조,맑음,교차로 - 교차로부근,승용,남,58세,상해없음,승용,여,58세,경상
2022091100100287,2022년 9월 11일 18시,일요일,인천광역시 미추홀구 용현동,경상사고,0,0,1,0,차대차 - 추돌,안전운전불이행,건조,맑음,교차로 - 교차로부근,승합,남,58세,상해없음,화물,남,30세,경상
2022091100100329,2022년 9월 11일 20시,일요일,인천광역시 중구 신흥동3가,경상사고,0,0,1,0,차대차 - 측면충돌,차로위반,건조,맑음,단일로 - 교량,승용,여,53세,상해없음,승용,남,68세,경상
2022091100100367,2022년 9월 11일 22시,일요일,인천광역시 미추홀구 주안동,중상사고,0,1,0,0,차대차 - 측면충돌,신호위반,건조,맑음,교차로 - 교차로안,이륜,남,31세,상해없음,승용,여,29세,중상
2022091100100368,2022년 9월 11일 22시,일요일,인천광역시 서구 원당동,경상사고,0,0,2,0,차대차 - 추돌,안전운전불이행,건조,맑음,단일로 - 기타,승용,남,33세,상해없음,승용,남,41세,경상
2022091100100384,2022년 9월 11일 23시,일요일,인천광역시 남동구 구월동,경상사고,0,0,2,0,차대차 - 추돌,안전운전불이행,건조,맑음,단일로 - 기타,승용,남,32세,상해없음,승용,남,21세,경상
2022091100100385,2022년 9월 11일 23시,일요일,인천광역시 서구 경서동,경상사고,0,0,3,0,차대차 - 측면충돌,안전운전불이행,건조,맑음,교차로 - 교차로부근,승용,남,42세,상해없음,승용,남,36세,경상
2022091100100386,2022년 9월 11일 23시,일요일,인천광역시 연수구 청학동,경상사고,0,0,2,0,차대차 - 측면충돌,안전거리미확보,건조,맑음,단일로 - 기타,승용,남,26세,경상,승용,남,62세,경상
2022091200100012,2022년 9월 12일 00시,월요일,인천광역시 남동구 구월동,중상사고,0,1,0,0,차대사람 - 횡단중,안전운전불이행,건조,맑음,단일로 - 기타,승용,남,34세,상해없음,보행자,여,47세,중상
2022091200100013,2022년 9월 12일 00시,월요일,인천광역시 부평구 부평동,경상사고,0,0,1,0,차대사람 - 기타,안전운전불이행,기타,기타,단일로 - 기타,승용,남,44세,상해없음,보행자,남,45세,경상
2022091200100028,2022년 9월 12일 01시,월요일,인천광역시 남동구 만수동,경상사고,0,0,3,0,차대차 - 추돌,안전운전불이행,건조,맑음,교차로 - 교차로부근,승용,남,33세,상해없음,승용,남,57세,경상
2022091200100041,2022년 9월 12일 02시,월요일,인천광역시 부평구 십정동,경상사고,0,0,1,0,차대차 - 측면충돌,안전운전불이행,건조,맑음,교차로 - 교차로안,승용,여,26세,상해없음,승용,남,33세,경상
2022091200100055,2022년 9월 12일 04시,월요일,인천광역시 중구 사동,경상사고,0,0,1,0,차대차 - 추돌,안전거리미확보,기타,맑음,교차로 - 교차로부근,이륜,남,53세,상해없음,승용,남,53세,상해없음
2022091200100056,2022년 9월 12일 04시,월요일,인천광역시 부평구 청천동,경상사고,0,0,1,0,차대차 - 측면충돌,안전운전불이행,건조,맑음,교차로 - 교차로부근,승용,여,55세,상해없음,승용,남,66세,상해없음
2022091200100083,2022년 9월 12일 08시,월요일,인천광역시 미추홀구 용현동,경상사고,0,0,2,0,차대차 - 정면충돌,중앙선침범,건조,맑음,교차로 - 교차로안,승용,남,54세,상해없음,승용,여,55세,경상
2022091200100084,2022년 9월 12일 08시,월요일,인천광역시 서구 검암동,경상사고,0,0,1,0,차대차 - 추돌,안전운전불이행,건조,맑음,단일로 - 교량,이륜,남,49세,상해없음,승용,여,51세,경상
2022091200100103,2022년 9월 12일 10시,월요일,인천광역시 강화군 선원면,경상사고,0,0,1,0,차대차 - 측면충돌,안전운전불이행,건조,맑음,단일로 - 지하차도(도로)내,이륜,남,59세,상해없음,승용,여,40세,경상
2022091200100149,2022년 9월 12일 12시,월요일,인천광역시 중구 항동7가,경상사고,0,0,3,0,차대차 - 측면충돌,안전거리미확보,건조,맑음,단일로 - 기타,승용,남,73세,상해없음,승용,남,52세,경상
2022091200100150,2022년 9월 12일 12시,월요일,인천광역시 서구 석남동,중상사고,0,1,0,0,차대차 - 후진중충돌,안전운전불이행,건조,맑음,단일로 - 기타,승용,남,60세,상해없음,이륜,남,36세,중상
2022091200100176,2022년 9월 12일 13시,월요일,인천광역시 서구 연희동,경상사고,0,0,1,0,차대차 - 후진중충돌,안전운전불이행,건조,맑음,단일로 - 기타,화물,남,51세,상해없음,이륜,남,44세,경상
2022091200100177,2022년 9월 12일 13시,월요일,인천광역시 계양구 계산동,경상사고,0,0,1,0,차대차 - 추돌,안전운전불이행,건조,맑음,단일로 - 기타,화물,남,52세,상해없음,승용,남,24세,경상
2022091200100206,2022년 9월 12일 14시,월요일,인천광역시 미추홀구 도화동,중상사고,0,1,0,0,차대사람 - 횡단중,신호위반,건조,맑음,교차로 - 교차로횡단보도내,이륜,남,26세,상해없음,보행자,남,12세,중상
2022091200100235,2022년 9월 12일 15시,월요일,인천광역시 부평구 청천동,중상사고,0,1,2,0,차대차 - 측면충돌,안전운전불이행,건조,맑음,주차장 - 주차장,승용,남,46세,경상,승용,여,31세,경상
2022091200100276,2022년 9월 12일 17시,월요일,인천광역시 서구 불로동,경상사고,0,0,2,0,차량단독 - 기타,안전운전불이행,건조,맑음,단일로 - 기타,승합,남,64세,상해없음,,,,
2022091200100277,2022년 9월 12일 17시,월요일,인천광역시 서구 왕길동,경상사고,0,0,1,0,차대차 - 기타,안전운전불이행,건조,맑음,교차로 - 교차로안,승용,남,32세,상해없음,승용,남,30세,경상
2022091200100278,2022년 9월 12일 17시,월요일,인천광역시 강화군 강화읍,경상사고,0,0,1,0,차대차 - 측면충돌,안전운전불이행,건조,맑음,교차로 - 교차로안,이륜,남,17세,상해없음,승용,남,34세,경상
2022091200100279,2022년 9월 12일 17시,월요일,인천광역시 강화군 강화읍,경상사고,0,0,1,0,차대차 - 정면충돌,중앙선침범,건조,맑음,단일로 - 지하차도(도로)내,승용,남,55세,상해없음,승용,남,58세,경상
2022091200100280,2022년 9월 12일 17시,월요일,인천광역시 계양구 서운동,경상사고,0,0,2,0,차대차 - 측면충돌,안전거리미확보,건조,맑음,단일로 - 기타,승용,남,75세,상해없음,승용,여,23세,경상
2022091200100341,2022년 9월 12일 19시,월요일,인천광역시 부평구 부평동,부상신고사고,0,0,0,1,차대사람 - 차도통행중,안전운전불이행,건조,맑음,단일로 - 기타,화물,여,59세,상해없음,보행자,남,39세,부상신고
2022091200100360,2022년 9월 12일 20시,월요일,인천광역시 미추홀구 도화동,경상사고,0,0,1,0,차대차 - 측면충돌,안전운전불이행,건조,맑음,단일로 - 기타,승용,남,62세,상해없음,승용,남,31세,경상
2022091200100361,2022년 9월 12일 20시,월요일,인천광역시 서구 청라동,경상사고,0,0,1,0,차대차 - 기타,신호위반,건조,맑음,교차로 - 교차로안,승용,남,28세,상해없음,이륜,여,31세,경상
2022091200100362,2022년 9월 12일 20시,월요일,인천광역시 남동구 만수동,경상사고,0,0,1,0,차대차 - 측면충돌,안전운전불이행,건조,맑음,단일로 - 기타,승용,남,69세,상해없음,승용,여,55세,경상
2022091200100381,2022년 9월 12일 21시,월요일,인천광역시 미추홀구 용현동,경상사고,0,0,2,0,차대차 - 측면충돌,안전운전불이행,건조,맑음,단일로 - 기타,승용,남,25세,기타불명,승용,남,59세,경상
2022091200100393,2022년 9월 12일 22시,월요일,인천광역시 서구 불로동,경상사고,0,0,2,0,차대차 - 추돌,안전운전불이행,건조,맑음,교차로 - 교차로부근,승용,남,25세,상해없음,승용,남,59세,경상
2022091200100394,2022년 9월 12일 22시,월요일,인천광역시 연수구 옥련동,경상사고,0,0,4,0,차대차 - 측면충돌,중앙선침범,건조,맑음,단일로 - 지하차도(도로)내,승용,남,42세,상해없음,승용,남,28세,경상
2022091200100409,2022년 9월 12일 23시,월요일,인천광역시 남동구 고잔동,중상사고,0,1,0,0,차대차 - 측면충돌,신호위반,건조,맑음,교차로 - 교차로안,승합,남,64세,상해없음,이륜,남,46세,중상
2022091300100013,2022년 9월 13일 02시,화요일,인천광역시 서구 가정동,경상사고,0,0,1,0,차대사람 - 차도통행중,안전운전불이행,건조,맑음,단일로 - 기타,승용,여,28세,상해없음,보행자,남,45세,경상
2022091300100029,2022년 9월 13일 05시,화요일,인천광역시 미추홀구 도화동,경상사고,0,0,1,0,차대사람 - 횡단중,신호위반,건조,맑음,교차로 - 교차로횡단보도내,승용,여,59세,상해없음,보행자,여,62세,경상
2022091300100039,2022년 9월 13일 06시,화요일,인천광역시 부평구 구산동,경상사고,0,0,1,0,차대차 - 후진중충돌,안전운전불이행,건조,맑음,교차로 - 교차로부근,승용,남,69세,상해없음,승용,남,59세,경상
2022091300100057,2022년 9월 13일 07시,화요일,인천광역시 서구 석남동,경상사고,0,0,1,0,차대차 - 기타,안전운전불이행,건조,맑음,기타 - 기타,승용,여,63세,상해없음,이륜,남,44세,경상
2022091300100091,2022년 9월 13일 08시,화요일,인천광역시 미추홀구 관교동,경상사고,0,0,1,0,차대차 - 측면충돌,안전거리미확보,건조,맑음,단일로 - 기타,승합,여,50세,상해없음,개인형이동수단(PM),여,48세,경상
2022091300100092,2022년 9월 13일 08시,화요일,인천광역시 부평구 십정동,경상사고,0,0,1,0,차량단독 - 공작물충돌,안전운전불이행,건조,맑음,교차로 - 교차로부근,승합,남,53세,상해없음,,,,
2022091300100093,2022년 9월 13일 08시,화요일,인천광역시 부평구 청천동,경상사고,0,0,2,0,차대차 - 추돌,안전운전불이행,건조,맑음,단일로 - 기타,승합,남,50세,상해없음,승용,남,33세,경상
2022091300100125,2022년 9월 13일 09시,화요일,인천광역시 미추홀구 숭의동,중상사고,0,1,1,0,차대차 - 측면충돌,신호위반,건조,맑음,교차로 - 교차로안,승용,남,70세,상해없음,승합,남,52세,경상
2022091300100126,2022년 9월 13일 09시,화요일,인천광역시 미추홀구 주안동,경상사고,0,0,1,0,차대차 - 추돌,안전운전불이행,건조,맑음,교차로 - 교차로안,승용,남,68세,상해없음,승용,남,36세,경상
2022091300100127,2022년 9월 13일 09시,화요일,인천광역시 서구 마전동,경상사고,0,0,2,0,차대차 - 기타,안전거리미확보,건조,맑음,기타 - 기타,화물,남,64세,상해없음,승용,여,35세,경상
2022091300100128,2022년 9월 13일 09시,화요일,인천광역시 남동구 논현동,중상사고,0,1,1,0,차대차 - 측면충돌,신호위반,건조,맑음,교차로 - 교차로안,승용,여,53세,상해없음,승용,남,53세,중상
2022091300100145,2022년 9월 13일 10시,화요일,인천광역시 서구 마전동,부상신고사고,0,0,0,1,차대사람 - 기타,기타,건조,맑음,단일로 - 기타,기타불명,기타불명,미분류,기타불명,보행자,여,28세,부상신고
2022091300100146,2022년 9월 13일 10시,화요일,인천광역시 계양구 계산동,경상사고,0,0,1,0,차대차 - 측면충돌,안전운전불이행,건조,맑음,단일로 - 기타,화물,남,62세,상해없음,화물,남,26세,경상
2022091300100178,2022년 9월 13일 11시,화요일,인천광역시 서구 가좌동,경상사고,0,0,1,0,차대사람 - 기타,안전운전불이행,건조,맑음,기타 - 기타,승용,남,46세,상해없음,보행자,여,67세,경상
2022091300100179,2022년 9월 13일 11시,화요일,인천광역시 서구 가좌동,경상사고,0,0,1,0,차대사람 - 기타,안전운전불이행,건조,맑음,단일로 - 기타,승용,여,56세,상해없음,보행자,여,25세,경상
2022091300100205,2022년 9월 13일 12시,화요일,인천광역시 중구 운서동,경상사고,0,0,2,0,차대차 - 측면충돌,안전거리미확보,건조,흐림,교차로 - 교차로부근,화물,남,51세,상해없음,승용,남,29세,경상
2022091300100206,2022년 9월 13일 12시,화요일,인천광역시 중구 운서동,경상사고,0,0,1,0,차대차 - 측면충돌,안전운전불이행,건조,맑음,교차로 - 교차로안,기타불명,기타불명,미분류,기타불명,자전거,남,25세,경상
2022091300100235,2022년 9월 13일 13시,화요일,인천광역시 남동구 간석동,부상신고사고,0,0,0,1,차대사람 - 보도통행중,기타,건조,맑음,단일로 - 기타,승용,남,61세,상해없음,보행자,남,20세,부상신고
2022091300100338,2022년 9월 13일 16시,화요일,인천광역시 미추홀구 주안동,경상사고,0,0,1,0,차대차 - 측면충돌,교차로운행방법위반,건조,맑음,교차로 - 교차로안,승용,남,61세,상해없음,이륜,남,43세,경상
2022091300100339,2022년 9월 13일 16시,화요일,인천광역시 계양구 작전동,경상사고,0,0,3,0,차대차 - 측면충돌,교차로운행방법위반,건조,흐림,교차로 - 교차로안,승용,여,63세,기타불명,승용,여,43세,경상
2022091300100340,2022년 9월 13일 16시,화요일,인천광역시 연수구 선학동,경상사고,0,0,1,0,차대차 - 추돌,안전운전불이행,건조,맑음,단일로 - 기타,승용,여,54세,상해없음,승용,남,27세,경상
2022091300100370,2022년 9월 13일 17시,화요일,인천광역시 연수구 송도동,경상사고,0,0,2,0,차대차 - 측면충돌,신호위반,건조,맑음,교차로 - 교차로안,이륜,남,33세,기타불명,승용,남,25세,경상
2022091300100371,2022년 9월 13일 17시,화요일,인천광역시 연수구 송도동,경상사고,0,0,2,0,차대차 - 추돌,안전운전불이행,건조,맑음,단일로 - 고가도로위,승용,남,35세,상해없음,승용,여,34세,경상
2022091300100403,2022년 9월 13일 18시,화요일,인천광역시 남동구 도림동,중상사고,0,1,4,0,차대차 - 측면충돌,교차로운행방법위반,건조,맑음,교차로 - 교차로안,승용,여,62세,경상,승용,남,54세,경상
2022091300100440,2022년 9월 13일 19시,화요일,인천광역시 미추홀구 주안동,부상신고사고,0,0,0,1,차대차 - 측면충돌,안전운전불이행,건조,맑음,교차로 - 교차로부근,승용,남,57세,상해없음,승용,남,22세,부상신고
2022091300100441,2022년 9월 13일 19시,화요일,인천광역시 미추홀구 주안동,경상사고,0,0,1,0,차대차 - 정면충돌,신호위반,건조,맑음,교차로 - 교차로안,승용,여,61세,상해없음,원동기,남,57세,경상
2022091300100507,2022년 9월 13일 22시,화요일,인천광역시 남동구 구월동,부상신고사고,0,0,0,1,차대차 - 측면충돌,안전운전불이행,젖음/습기,맑음,교차로 - 교차로안,승용,남,52세,상해없음,승용,남,28세,부상신고
2022091300100508,2022년 9월 13일 22시,화요일,인천광역시 부평구 부평동,경상사고,0,0,3,0,차대차 - 기타,안전운전불이행,건조,맑음,기타 - 기타,승용,남,52세,상해없음,자전거,남,15세,상해없음
2022091400100008,2022년 9월 14일 01시,수요일,인천광역시 강화군 하점면,사망사고,1,0,0,0,차대사람 - 기타,안전운전불이행,기타,흐림,단일로 - 기타,승용,남,35세,상해없음,보행자,남,76세,사망
2022091400100014,2022년 9월 14일 02시,수요일,인천광역시 중구 항동7가,경상사고,0,0,1,0,차대차 - 측면충돌,안전운전불이행,건조,맑음,단일로 - 기타,승합,남,48세,기타불명,화물,남,37세,경상
2022091400100028,2022년 9월 14일 05시,수요일,인천광역시 남동구 구월동,경상사고,0,0,1,0,차대사람 - 횡단중,신호위반,건조,맑음,단일로 - 지하차도(도로)내,이륜,남,30세,상해없음,보행자,남,53세,경상
2022091400100058,2022년 9월 14일 07시,수요일,인천광역시 연수구 연수동,경상사고,0,0,1,0,차대차 - 추돌,안전운전불이행,건조,기타,단일로 - 기타,승용,남,30세,상해없음,승용,남,61세,상해없음
2022091400100107,2022년 9월 14일 08시,수요일,인천광역시 서구 가정동,경상사고,0,0,1,0,차대차 - 측면충돌,신호위반,건조,맑음,교차로 - 교차로횡단보도내,승용,남,22세,상해없음,자전거,남,68세,경상
2022091400100108,2022년 9월 14일 08시,수요일,인천광역시 연수구 연수동,중상사고,0,1,0,0,차대사람 - 기타,기타,건조,맑음,교차로 - 교차로부근,승합,남,57세,상해없음,보행자,여,59세,중상
2022091400100109,2022년 9월 14일 08시,수요일,인천광역시 연수구 동춘동,경상사고,0,0,1,0,차대차 - 측면충돌,안전운전불이행,건조,맑음,단일로 - 기타,승용,여,59세,상해없음,승용,남,37세,경상
2022091400100144,2022년 9월 14일 09시,수요일,인천광역시 서구 마전동,경상사고,0,0,1,0,차대차 - 추돌,안전운전불이행,건조,맑음,교차로 - 교차로부근,승용,남,55세,상해없음,승용,남,41세,경상
2022091400100145,2022년 9월 14일 09시,수요일,인천광역시 남동구 논현동,부상신고사고,0,0,0,1,차대차 - 기타,신호위반,건조,맑음,교차로 - 교차로부근,승용,남,68세,상해없음,자전거,남,28세,부상신고
2022091400100146,2022년 9월 14일 09시,수요일,인천광역시 부평구 삼산동,경상사고,0,0,1,0,차대차 - 추돌,안전운전불이행,건조,맑음,단일로 - 기타,승용,남,40세,상해없음,승용,남,37세,경상
2022091400100236,2022년 9월 14일 12시,수요일,인천광역시 중구 운남동,경상사고,0,0,2,0,차대차 - 측면충돌,안전운전불이행,건조,맑음,단일로 - 기타,승용,여,51세,경상,승용,남,60세,경상
2022091400100259,2022년 9월 14일 13시,수요일,인천광역시 미추홀구 용현동,경상사고,0,0,1,0,차대차 - 측면충돌,직진우회전진행방해,건조,맑음,교차로 - 교차로안,승합,남,60세,기타불명,이륜,남,65세,경상
2022091400100260,2022년 9월 14일 13시,수요일,인천광역시 부평구 갈산동,경상사고,0,0,1,0,차대차 - 측면충돌,차로위반,건조,맑음,기타 - 기타,승용,남,57세,상해없음,화물,남,24세,경상
2022091400100261,2022년 9월 14일 13시,수요일,인천광역시 서구 가좌동,경상사고,0,0,1,0,차대차 - 측면충돌,안전운전불이행,건조,맑음,단일로 - 기타,승용,남,21세,상해없음,승용,여,35세,경상
2022091400100262,2022년 9월 14일 13시,수요일,인천광역시 계양구 효성동,경상사고,0,0,1,0,차대차 - 추돌,안전운전불이행,건조,맑음,교차로 - 교차로안,승용,여,77세,상해없음,승용,여,58세,경상
2022091400100264,2022년 9월 14일 13시,수요일,인천광역시 연수구 송도동,경상사고,0,0,2,0,차대차 - 추돌,안전운전불이행,건조,맑음,주차장 - 주차장,승용,여,21세,경상,승용,여,25세,경상
2022091400100317,2022년 9월 14일 15시,수요일,인천광역시 서구 당하동,경상사고,0,0,1,0,차대차 - 후진중충돌,안전운전불이행,건조,맑음,단일로 - 기타,승합,남,44세,상해없음,승용,남,25세,경상
2022091400100346,2022년 9월 14일 16시,수요일,인천광역시 미추홀구 도화동,경상사고,0,0,1,0,차대차 - 측면충돌,안전운전불이행,건조,맑음,단일로 - 기타,승용,여,26세,상해없음,승용,남,31세,경상
2022091400100385,2022년 9월 14일 17시,수요일,인천광역시 서구 당하동,경상사고,0,0,1,0,차대차 - 측면충돌,안전운전불이행,건조,맑음,교차로 - 교차로부근,승용,남,67세,상해없음,승용,남,42세,경상
2022091400100429,2022년 9월 14일 18시,수요일,인천광역시 미추홀구 도화동,중상사고,0,1,0,0,차량단독 - 기타,안전거리미확보,건조,맑음,교차로 - 교차로안,승합,남,53세,상해없음,,,,
2022091400100430,2022년 9월 14일 18시,수요일,인천광역시 서구 마전동,경상사고,0,0,1,0,차대차 - 측면충돌,안전운전불이행,건조,맑음,단일로 - 기타,승용,여,67세,상해없음,승용,여,69세,경상
2022091400100431,2022년 9월 14일 18시,수요일,인천광역시 계양구 효성동,경상사고,0,0,1,0,차대차 - 추돌,신호위반,건조,맑음,교차로 - 교차로안,승용,여,45세,상해없음,이륜,남,32세,경상
2022091400100463,2022년 9월 14일 19시,수요일,인천광역시 부평구 부평동,부상신고사고,0,0,0,1,차대사람 - 길가장자리구역통행중,안전운전불이행,건조,맑음,교차로 - 교차로부근,승용,남,51세,상해없음,보행자,남,25세,부상신고
2022091400100512,2022년 9월 14일 21시,수요일,인천광역시 미추홀구 문학동,경상사고,0,0,1,0,차대차 - 측면충돌,안전운전불이행,건조,맑음,기타 - 기타,승용,여,50세,상해없음,승용,여,31세,경상
2022091400100513,2022년 9월 14일 21시,수요일,인천광역시 미추홀구 주안동,부상신고사고,0,0,0,1,차대차 - 기타,안전운전불이행,건조,맑음,단일로 - 기타,승용,남,51세,상해없음,자전거,여,44세,부상신고