사고번호,사고일시,요일,시군구,사고내용,사망자수,중상자수,경상자수,부상신고자수,사고유형,법규위반,노면상태,기상상태,도로형태,가해운전자 차종,가해운전자 성별,가해운전자 연령,가해운전자 상해정도,피해운전자 차종,피해운전자 성별,피해운전자 연령,피해운전자 상해정도
2022091400100522,2022년 9월 14일 22시,수요일,인천광역시 미추홀구 도화동,부상신고사고,0,0,0,1,차대사람 - 횡단중,안전운전불이행,건조,맑음,단일로 - 기타,기타불명,기타불명,미분류,기타불명,보행자,여,20세,부상신고
2022091500100029,2022년 9월 15일 03시,목요일,인천광역시 미추홀구 도화동,경상사고,0,0,1,0,차대차 - 측면충돌,안전운전불이행,건조,맑음,기타 - 기타,승용,남,61세,상해없음,승용,여,59세,경상
2022091500100042,2022년 9월 15일 05시,목요일,인천광역시 강화군 양도면,경상사고,0,0,1,0,차대차 - 정면충돌,중앙선침범,건조,흐림,단일로 - 지하차도(도로)내,승용,남,27세,상해없음,승용,남,59세,경상
2022091500100043,2022년 9월 15일 05시,목요일,인천광역시 연수구 연수동,경상사고,0,0,2,0,차대차 - 측면충돌,안전운전불이행,건조,맑음,교차로 - 교차로안,승용,남,65세,경상,승용,남,74세,경상
2022091500100052,2022년 9월 15일 06시,목요일,인천광역시 부평구 부평동,경상사고,0,0,1,0,차대차 - 추돌,안전운전불이행,건조,맑음,교차로 - 교차로안,승용,남,23세,상해없음,승용,남,67세,경상
2022091500100105,2022년 9월 15일 08시,목요일,인천광역시 남동구 간석동,경상사고,0,0,1,0,차대차 - 기타,안전운전불이행,건조,맑음,단일로 - 기타,승용,남,52세,기타불명,승용,여,37세,경상
2022091500100106,2022년 9월 15일 08시,목요일,인천광역시 남동구 남촌동,경상사고,0,0,1,0,차대차 - 측면충돌,교차로운행방법위반,건조,맑음,교차로 - 교차로안,승용,여,35세,상해없음,자전거,남,34세,경상
2022091500100108,2022년 9월 15일 08시,목요일,인천광역시 서구 시천동,경상사고,0,0,1,0,차대차 - 추돌,안전거리미확보,건조,맑음,단일로 - 기타,승용,여,28세,상해없음,승용,여,42세,경상
2022091500100162,2022년 9월 15일 10시,목요일,인천광역시 부평구 십정동,경상사고,0,0,2,0,차대차 - 측면충돌,안전운전불이행,건조,맑음,교차로 - 교차로부근,승용,남,36세,기타불명,승용,남,68세,경상
2022091500100163,2022년 9월 15일 10시,목요일,인천광역시 서구 원창동,경상사고,0,0,2,0,차대차 - 측면충돌,안전운전불이행,건조,맑음,단일로 - 기타,화물,남,54세,상해없음,화물,여,51세,경상
2022091500100164,2022년 9월 15일 10시,목요일,인천광역시 부평구 삼산동,경상사고,0,0,3,0,차대차 - 추돌,안전운전불이행,건조,맑음,단일로 - 기타,승용,여,19세,상해없음,승용,남,23세,경상
2022091500100241,2022년 9월 15일 13시,목요일,인천광역시 부평구 십정동,중상사고,0,1,0,0,차대사람 - 보도통행중,기타,건조,맑음,기타 - 기타,화물,남,54세,상해없음,보행자,여,69세,중상
2022091500100337,2022년 9월 15일 16시,목요일,인천광역시 중구 송학동2가,중상사고,0,1,0,0,차대차 - 기타,안전운전불이행,건조,맑음,단일로 - 기타,승용,남,49세,상해없음,승용,여,44세,중상
2022091500100338,2022년 9월 15일 16시,목요일,인천광역시 미추홀구 주안동,경상사고,0,0,4,0,차대차 - 측면충돌,안전운전불이행,건조,맑음,교차로 - 교차로부근,승용,여,77세,상해없음,승용,남,34세,경상
2022091500100372,2022년 9월 15일 17시,목요일,인천광역시 동구 송림동,경상사고,0,0,1,0,차대차 - 측면충돌,교차로운행방법위반,건조,맑음,교차로 - 교차로안,승용,남,68세,기타불명,승용,남,39세,경상
2022091500100406,2022년 9월 15일 18시,목요일,인천광역시 서구 경서동,경상사고,0,0,1,0,차대차 - 측면충돌,안전운전불이행,건조,맑음,교차로 - 교차로안,승용,남,58세,상해없음,승용,남,63세,경상
2022091500100407,2022년 9월 15일 18시,목요일,인천광역시 계양구 계산동,경상사고,0,0,3,0,차대차 - 측면충돌,안전운전불이행,건조,맑음,단일로 - 기타,승용,여,47세,경상,승용,여,53세,경상
2022091500100408,2022년 9월 15일 18시,목요일,인천광역시 부평구 갈산동,중상사고,0,1,0,0,차대사람 - 길가장자리구역통행중,안전운전불이행,건조,맑음,교차로 - 교차로부근,승용,여,56세,기타불명,보행자,남,76세,중상
2022091500100448,2022년 9월 15일 19시,목요일,인천광역시 서구 청라동,경상사고,0,0,4,0,차대차 - 정면충돌,안전운전불이행,건조,맑음,교차로 - 교차로안,승용,여,28세,경상,승용,여,39세,경상
2022091500100449,2022년 9월 15일 19시,목요일,인천광역시 계양구 작전동,중상사고,0,1,0,0,차대차 - 측면충돌,신호위반,건조,맑음,교차로 - 교차로안,승용,남,36세,상해없음,이륜,남,16세,중상
2022091500100480,2022년 9월 15일 20시,목요일,인천광역시 중구 운서동,사망사고,1,0,0,0,차대사람 - 횡단중,보행자보호의무위반,건조,맑음,교차로 - 교차로횡단보도내,승용,남,47세,상해없음,보행자,여,67세,사망
2022091500100481,2022년 9월 15일 20시,목요일,인천광역시 서구 경서동,경상사고,0,0,1,0,차대차 - 측면충돌,기타,건조,맑음,교차로 - 교차로부근,승용,남,33세,상해없음,이륜,남,57세,경상
2022091500100482,2022년 9월 15일 20시,목요일,인천광역시 계양구 작전동,중상사고,0,1,0,0,차대사람 - 횡단중,신호위반,건조,맑음,단일로 - 기타,승용,여,62세,상해없음,보행자,남,31세,중상
2022091600100009,2022년 9월 16일 00시,금요일,인천광역시 서구 청라동,경상사고,0,0,1,0,차량단독 - 공작물충돌,안전운전불이행,건조,맑음,교차로 - 교차로부근,승용,남,24세,경상,,,,
2022091600100051,2022년 9월 16일 05시,금요일,인천광역시 남동구 만수동,경상사고,0,0,1,0,차대차 - 추돌,안전운전불이행,건조,맑음,단일로 - 기타,승용,남,34세,상해없음,승용,남,43세,경상
2022091600100085,2022년 9월 16일 07시,금요일,인천광역시 서구 백석동,중상사고,0,1,0,0,차대차 - 측면충돌,안전운전불이행,건조,맑음,단일로 - 기타,승용,남,47세,상해없음,자전거,남,59세,중상
2022091600100086,2022년 9월 16일 07시,금요일,인천광역시 서구 오류동,경상사고,0,0,1,0,차대차 - 측면충돌,안전운전불이행,건조,맑음,교차로 - 교차로부근,승용,남,54세,상해없음,화물,남,56세,경상
2022091600100130,2022년 9월 16일 08시,금요일,인천광역시 중구 운서동,경상사고,0,0,1,0,차대차 - 추돌,안전운전불이행,기타,맑음,단일로 - 기타,승용,여,21세,상해없음,승용,남,29세,상해없음
2022091600100163,2022년 9월 16일 09시,금요일,인천광역시 미추홀구 도화동,경상사고,0,0,1,0,차대차 - 측면충돌,교차로운행방법위반,건조,맑음,교차로 - 교차로안,건설기계,남,73세,상해없음,승용,남,35세,경상
2022091600100189,2022년 9월 16일 10시,금요일,인천광역시 남동구 수산동,경상사고,0,0,1,0,차대차 - 측면충돌,안전운전불이행,건조,맑음,단일로 - 지하차도(도로)내,승용,남,67세,상해없음,이륜,남,44세,경상
2022091600100219,2022년 9월 16일 11시,금요일,인천광역시 남동구 간석동,경상사고,0,0,1,0,차대차 - 측면충돌,신호위반,건조,맑음,교차로 - 교차로안,이륜,남,62세,상해없음,승용,여,59세,경상
2022091600100220,2022년 9월 16일 11시,금요일,인천광역시 서구 가정동,중상사고,0,1,0,0,차대차 - 추돌,안전운전불이행,건조,맑음,단일로 - 기타,이륜,남,48세,상해없음,자전거,남,63세,중상
2022091600100251,2022년 9월 16일 12시,금요일,인천광역시 서구 마전동,경상사고,0,0,1,0,차대사람 - 횡단중,보행자보호의무위반,건조,맑음,단일로 - 기타,승용,남,64세,상해없음,보행자,여,83세,경상
2022091600100285,2022년 9월 16일 13시,금요일,인천광역시 미추홀구 숭의동,경상사고,0,0,1,0,차대차 - 측면충돌,안전운전불이행,건조,맑음,교차로 - 교차로안,승용,남,58세,상해없음,승용,남,26세,경상
2022091600100312,2022년 9월 16일 14시,금요일,인천광역시 부평구 구산동,경상사고,0,0,1,0,차대차 - 측면충돌,안전운전불이행,건조,맑음,단일로 - 교량,화물,남,49세,기타불명,승용,남,23세,경상
2022091600100352,2022년 9월 16일 15시,금요일,인천광역시 미추홀구 학익동,중상사고,0,1,0,0,차대사람 - 기타,안전운전불이행,건조,맑음,단일로 - 기타,승용,남,70세,상해없음,보행자,여,79세,중상
2022091600100448,2022년 9월 16일 17시,금요일,인천광역시 중구 인현동,부상신고사고,0,0,0,1,차대사람 - 기타,안전운전불이행,건조,맑음,단일로 - 기타,승합,남,58세,기타불명,보행자,남,76세,부상신고
2022091600100449,2022년 9월 16일 17시,금요일,인천광역시 미추홀구 숭의동,경상사고,0,0,1,0,차대차 - 정면충돌,안전운전불이행,건조,맑음,단일로 - 기타,승합,남,54세,상해없음,승용,남,30세,경상
2022091600100450,2022년 9월 16일 17시,금요일,인천광역시 부평구 부평동,경상사고,0,0,1,0,차대차 - 측면충돌,안전운전불이행,건조,맑음,교차로 - 교차로부근,승용,남,68세,기타불명,승용,남,34세,경상
2022091600100451,2022년 9월 16일 17시,금요일,인천광역시 서구 가좌동,경상사고,0,0,1,0,차대차 - 기타,안전운전불이행,건조,맑음,교차로 - 교차로안,승용,남,70세,상해없음,승용,남,55세,경상
2022091600100573,2022년 9월 16일 19시,금요일,인천광역시 서구 경서동,경상사고,0,0,2,0,차대차 - 측면충돌,안전운전불이행,건조,맑음,교차로 - 교차로부근,승용,여,23세,경상,승용,남,28세,경상
2022091600100574,2022년 9월 16일 19시,금요일,인천광역시 부평구 갈산동,경상사고,0,0,1,0,차대차 - 정면충돌,신호위반,건조,흐림,교차로 - 교차로안,승합,남,59세,상해없음,이륜,남,59세,경상
2022091600100617,2022년 9월 16일 20시,금요일,인천광역시 계양구 계산동,경상사고,0,0,2,0,차대차 - 측면충돌,신호위반,건조,맑음,교차로 - 교차로안,이륜,남,24세,상해없음,승용,여,27세,경상
2022091600100644,2022년 9월 16일 21시,금요일,인천광역시 남동구 간석동,경상사고,0,0,3,0,차대차 - 정면충돌,신호위반,건조,맑음,교차로 - 교차로안,승용,남,59세,상해없음,승용,남,58세,경상
2022091600100645,2022년 9월 16일 21시,금요일,인천광역시 남동구 구월동,경상사고,0,0,1,0,차대차 - 추돌,안전운전불이행,젖음/습기,흐림,단일로 - 기타,승용,여,26세,상해없음,승용,남,53세,경상
2022091600100666,2022년 9월 16일 22시,금요일,인천광역시 미추홀구 학익동,중상사고,0,1,0,0,차대사람 - 차도통행중,안전운전불이행,젖음/습기,비,교차로 - 교차로부근,승용,남,56세,상해없음,보행자,남,48세,중상
2022091600100667,2022년 9월 16일 22시,금요일,인천광역시 서구 심곡동,경상사고,0,0,1,0,차대사람 - 차도통행중,안전운전불이행,젖음/습기,비,교차로 - 교차로안,승용,여,41세,상해없음,보행자,여,61세,경상
2022091600100698,2022년 9월 16일 23시,금요일,인천광역시 부평구 십정동,중상사고,0,1,1,0,차대사람 - 기타,안전운전불이행,건조,맑음,단일로 - 기타,승용,남,48세,상해없음,보행자,여,40세,중상
2022091600100699,2022년 9월 16일 23시,금요일,인천광역시 서구 불로동,경상사고,0,0,1,0,차대차 - 측면충돌,안전운전불이행,젖음/습기,흐림,단일로 - 기타,승용,남,65세,상해없음,승용,남,45세,경상
2022091600100700,2022년 9월 16일 23시,금요일,인천광역시 강화군 강화읍,중상사고,0,1,0,0,차대사람 - 횡단중,안전운전불이행,젖음/습기,흐림,교차로 - 교차로안,승용,남,66세,상해없음,보행자,남,56세,중상
2022091700100022,2022년 9월 17일 00시,토요일,인천광역시 연수구 청학동,부상신고사고,0,0,0,1,차대차 - 측면충돌,안전운전불이행,젖음/습기,비,교차로 - 교차로안,원동기,남,24세,상해없음,자전거,남,73세,부상신고
2022091700100033,2022년 9월 17일 01시,토요일,인천광역시 남동구 간석동,경상사고,0,0,1,0,차대사람 - 길가장자리구역통행중,안전운전불이행,건조,맑음,단일로 - 기타,승용,남,33세,상해없음,보행자,여,41세,경상
2022091700100059,2022년 9월 17일 03시,토요일,인천광역시 연수구 옥련동,경상사고,0,0,1,0,차대차 - 측면충돌,안전운전불이행,건조,맑음,단일로 - 고가도로위,승용,남,31세,상해없음,승용,남,38세,경상
2022091700100090,2022년 9월 17일 06시,토요일,인천광역시 미추홀구 주안동,경상사고,0,0,1,0,차대차 - 측면충돌,안전운전불이행,건조,맑음,교차로 - 교차로안,화물,남,70세,상해없음,화물,남,58세,경상
2022091700100091,2022년 9월 17일 06시,토요일,인천광역시 서구 청라동,경상사고,0,0,3,0,차대차 - 추돌,안전운전불이행,건조,맑음,단일로 - 지하차도(도로)내,승용,남,30세,상해없음,화물,남,61세,경상
2022091700100107,2022년 9월 17일 07시,토요일,인천광역시 미추홀구 도화동,경상사고,0,0,1,0,차대차 - 측면충돌,안전운전불이행,건조,맑음,교차로 - 교차로부근,승용,남,26세,상해없음,승용,남,36세,경상
2022091700100182,2022년 9월 17일 10시,토요일,인천광역시 미추홀구 용현동,경상사고,0,0,1,0,차대사람 - 횡단중,교차로운행방법위반,건조,맑음,단일로 - 기타,승용,여,55세,상해없음,보행자,여,66세,경상
2022091700100183,2022년 9월 17일 10시,토요일,인천광역시 남동구 간석동,경상사고,0,0,1,0,차대차 - 측면충돌,안전운전불이행,건조,맑음,교차로 - 교차로부근,화물,남,76세,상해없음,승용,남,47세,경상
2022091700100223,2022년 9월 17일 11시,토요일,인천광역시 중구 항동7가,경상사고,0,0,1,0,차대사람 - 횡단중,안전운전불이행,건조,맑음,단일로 - 기타,승용,여,48세,상해없음,보행자,여,60세,경상
2022091700100224,2022년 9월 17일 11시,토요일,인천광역시 중구 덕교동,경상사고,0,0,1,1,차대사람 - 차도통행중,안전운전불이행,건조,맑음,단일로 - 기타,자전거,남,40세,부상신고,보행자,남,12세,경상
2022091700100225,2022년 9월 17일 11시,토요일,인천광역시 계양구 계산동,경상사고,0,0,1,0,차량단독 - 기타,안전운전불이행,건조,맑음,단일로 - 기타,승합,남,63세,상해없음,,,,
2022091700100260,2022년 9월 17일 12시,토요일,인천광역시 중구 항동7가,경상사고,0,0,2,0,차대차 - 측면충돌,교차로운행방법위반,건조,맑음,교차로 - 교차로부근,화물,남,52세,상해없음,승용,여,54세,경상
2022091700100261,2022년 9월 17일 12시,토요일,인천광역시 남동구 논현동,중상사고,0,1,0,0,차대차 - 측면충돌,안전운전불이행,건조,맑음,교차로 - 교차로부근,승용,여,41세,상해없음,이륜,남,76세,중상
2022091700100290,2022년 9월 17일 13시,토요일,인천광역시 남동구 간석동,경상사고,0,0,1,0,차대차 - 측면충돌,안전거리미확보,건조,맑음,교차로 - 교차로부근,승용,남,25세,상해없음,승용,남,62세,경상
2022091700100291,2022년 9월 17일 13시,토요일,인천광역시 서구 불로동,경상사고,0,0,4,0,차대차 - 측면충돌,교차로운행방법위반,건조,맑음,교차로 - 교차로안,승용,남,19세,상해없음,승용,여,66세,경상
2022091700100329,2022년 9월 17일 14시,토요일,인천광역시 강화군 길상면,경상사고,0,0,2,0,차대차 - 추돌,안전운전불이행,건조,맑음,단일로 - 지하차도(도로)내,승용,남,62세,상해없음,승용,여,53세,경상
2022091700100330,2022년 9월 17일 14시,토요일,인천광역시 강화군 하점면,사망사고,1,0,0,0,차대차 - 기타,신호위반,건조,맑음,교차로 - 교차로횡단보도내,승용,남,59세,상해없음,자전거,남,82세,사망
2022091700100331,2022년 9월 17일 14시,토요일,인천광역시 연수구 송도동,경상사고,0,0,1,0,차대차 - 측면충돌,안전운전불이행,건조,맑음,단일로 - 기타,승용,여,66세,기타불명,승용,여,44세,경상
2022091700100446,2022년 9월 17일 17시,토요일,인천광역시 부평구 부평동,경상사고,0,0,1,0,차대차 - 기타,안전운전불이행,건조,맑음,교차로 - 교차로안,승용,여,57세,상해없음,승용,남,66세,경상
2022091700100447,2022년 9월 17일 17시,토요일,인천광역시 남동구 구월동,경상사고,0,0,2,0,차대차 - 추돌,안전운전불이행,건조,맑음,교차로 - 교차로부근,승용,기타불명,미분류,기타불명,승용,여,43세,경상
2022091700100448,2022년 9월 17일 17시,토요일,인천광역시 남동구 간석동,경상사고,0,0,1,0,차대차 - 추돌,안전거리미확보,건조,맑음,교차로 - 교차로부근,승용,남,50세,상해없음,승용,남,32세,경상
2022091700100490,2022년 9월 17일 18시,토요일,인천광역시 남동구 도림동,경상사고,0,0,1,0,차대차 - 추돌,안전거리미확보,건조,맑음,단일로 - 기타,승용,남,19세,상해없음,승용,남,59세,경상
2022091700100525,2022년 9월 17일 19시,토요일,인천광역시 중구 용동,경상사고,0,0,2,0,차대차 - 추돌,안전운전불이행,건조,맑음,단일로 - 기타,승용,남,59세,상해없음,승용,여,58세,경상
2022091700100526,2022년 9월 17일 19시,토요일,인천광역시 남동구 구월동,중상사고,0,1,0,0,차대사람 - 횡단중,안전운전불이행,건조,맑음,단일로 - 기타,이륜,남,32세,상해없음,보행자,여,62세,중상
2022091700100527,2022년 9월 17일 19시,토요일,인천광역시 연수구 옥련동,경상사고,0,0,2,0,차대차 - 추돌,안전운전불이행,건조,맑음,단일로 - 기타,승용,남,34세,상해없음,승용,남,33세,경상
2022091700100528,2022년 9월 17일 19시,토요일,인천광역시 남동구 만수동,경상사고,0,0,1,0,차대사람 - 횡단중,보행자보호의무위반,건조,맑음,교차로 - 교차로안,승용,남,29세,상해없음,보행자,남,52세,경상
2022091700100565,2022년 9월 17일 20시,토요일,인천광역시 미추홀구 학익동,경상사고,0,0,2,0,차대차 - 추돌,안전운전불이행,건조,맑음,단일로 - 기타,승용,남,41세,상해없음,승합,남,59세,경상
2022091700100586,2022년 9월 17일 21시,토요일,인천광역시 서구 가정동,경상사고,0,0,1,0,차대사람 - 보도통행중,기타,건조,맑음,단일로 - 기타,자전거,남,61세,상해없음,보행자,남,51세,경상
2022091800100010,2022년 9월 18일 01시,일요일,인천광역시 서구 가좌동,사망사고,1,0,0,0,차대차 - 추돌,기타,건조,맑음,교차로 - 교차로횡단보도내,승용,남,22세,상해없음,자전거,남,70세,사망
2022091800100025,2022년 9월 18일 03시,일요일,인천광역시 서구 당하동,경상사고,0,0,1,0,차대차 - 추돌,안전거리미확보,건조,맑음,교차로 - 교차로안,승용,남,57세,상해없음,승용,남,63세,경상
2022091800100038,2022년 9월 18일 05시,일요일,인천광역시 남동구 간석동,경상사고,0,0,2,0,차대차 - 측면충돌,안전운전불이행,건조,맑음,교차로 - 교차로부근,기타불명,기타불명,미분류,기타불명,승용,여,29세,경상
2022091800100056,2022년 9월 18일 08시,일요일,인천광역시 동구 송림동,중상사고,0,1,0,0,차대사람 - 기타,안전운전불이행,기타,맑음,단일로 - 기타,승합,남,63세,상해없음,보행자,여,83세,중상
2022091800100114,2022년 9월 18일 11시,일요일,인천광역시 남동구 구월동,경상사고,0,0,1,0,차대차 - 기타,신호위반,건조,맑음,교차로 - 교차로안,승용,남,45세,상해없음,승용,남,36세,경상
2022091800100115,2022년 9월 18일 11시,일요일,인천광역시 부평구 부평동,경상사고,0,0,1,0,차대차 - 추돌,안전운전불이행,건조,맑음,교차로 - 교차로부근,승용,여,53세,상해없음,승용,남,47세,경상
2022091800100152,2022년 9월 18일 12시,일요일,인천광역시 미추홀구 숭의동,경상사고,0,0,1,0,차대차 - 측면충돌,안전운전불이행,건조,맑음,교차로 - 교차로안,이륜,남,38세,상해없음,화물,남,25세,경상
2022091800100172,2022년 9월 18일 13시,일요일,인천광역시 미추홀구 문학동,경상사고,0,0,1,0,차대사람 - 기타,안전운전불이행,건조,맑음,단일로 - 기타,승용,남,40세,상해없음,보행자,남,55세,경상
2022091800100173,2022년 9월 18일 13시,일요일,인천광역시 미추홀구 주안동,경상사고,0,0,1,0,차대차 - 측면충돌,신호위반,건조,맑음,교차로 - 교차로부근,원동기,여,52세,상해없음,승용,여,46세,경상
2022091800100174,2022년 9월 18일 13시,일요일,인천광역시 남동구 간석동,경상사고,0,0,4,0,차대차 - 후진중충돌,안전운전불이행,건조,맑음,주차장 - 주차장,승용,남,58세,상해없음,승용,남,48세,경상
2022091800100175,2022년 9월 18일 13시,일요일,인천광역시 서구 왕길동,경상사고,0,0,4,0,차대차 - 추돌,안전운전불이행,건조,맑음,단일로 - 기타,승용,기타불명,미분류,기타불명,승용,남,40세,경상
2022091800100256,2022년 9월 18일 16시,일요일,인천광역시 남동구 서창동,경상사고,0,0,1,0,차대차 - 측면충돌,안전운전불이행,건조,맑음,교차로 - 교차로부근,승용,여,70세,상해없음,승용,남,64세,경상
2022091800100257,2022년 9월 18일 16시,일요일,인천광역시 남동구 장수동,경상사고,0,0,1,0,차대차 - 추돌,안전운전불이행,건조,맑음,단일로 - 교량,승용,남,58세,상해없음,승용,여,53세,경상
2022091800100289,2022년 9월 18일 17시,일요일,인천광역시 중구 운서동,경상사고,0,0,1,0,차대차 - 측면충돌,안전운전불이행,건조,맑음,교차로 - 교차로횡단보도내,기타불명,기타불명,미분류,기타불명,자전거,남,43세,경상
2022091800100290,2022년 9월 18일 17시,일요일,인천광역시 서구 가정동,경상사고,0,0,2,0,차대차 - 추돌,안전운전불이행,건조,맑음,단일로 - 기타,승용,남,60세,상해없음,승용,남,40세,경상
2022091800100291,2022년 9월 18일 17시,일요일,인천광역시 서구 원당동,중상사고,0,1,0,0,차대차 - 측면충돌,안전운전불이행,건조,맑음,단일로 - 기타,승용,여,50세,상해없음,이륜,남,49세,중상
2022091800100292,2022년 9월 18일 17시,일요일,인천광역시 남동구 남촌동,경상사고,0,0,2,0,차대차 - 추돌,안전운전불이행,건조,맑음,단일로 - 기타,승용,남,56세,상해없음,승용,남,73세,경상
2022091800100326,2022년 9월 18일 18시,일요일,인천광역시 부평구 부평동,경상사고,0,0,1,0,차대차 - 추돌,안전운전불이행,건조,맑음,단일로 - 기타,승용,여,60세,상해없음,승용,남,36세,경상
2022091800100353,2022년 9월 18일 19시,일요일,인천광역시 중구 전동,중상사고,0,1,0,0,차대사람 - 길가장자리구역통행중,안전운전불이행,건조,맑음,단일로 - 교량,승용,남,51세,상해없음,보행자,여,57세,중상
2022091800100354,2022년 9월 18일 19시,일요일,인천광역시 미추홀구 주안동,경상사고,0,0,1,0,차대차 - 측면충돌,안전운전불이행,건조,맑음,단일로 - 기타,승용,여,61세,상해없음,승용,남,62세,경상
2022091800100389,2022년 9월 18일 20시,일요일,인천광역시 연수구 송도동,경상사고,0,0,1,0,차대차 - 측면충돌,안전운전불이행,건조,맑음,교차로 - 교차로안,승용,남,42세,상해없음,자전거,남,5세,경상
2022091800100429,2022년 9월 18일 22시,일요일,인천광역시 남동구 논현동,경상사고,0,0,2,0,차대차 - 후진중충돌,안전운전불이행,건조,맑음,단일로 - 기타,승용,여,28세,상해없음,승용,여,29세,경상
2022091800100439,2022년 9월 18일 23시,일요일,인천광역시 계양구 계산동,경상사고,0,0,2,0,차대차 - 추돌,안전거리미확보,건조,맑음,단일로 - 기타,승용,남,28세,상해없음,승용,여,57세,경상
2022091900100020,2022년 9월 19일 02시,월요일,인천광역시 미추홀구 관교동,경상사고,0,0,4,0,차대차 - 측면충돌,안전운전불이행,건조,맑음,교차로 - 교차로부근,승용,남,41세,상해없음,승용,남,64세,경상
2022091900100022,2022년 9월 19일 03시,월요일,인천광역시 서구 청라동,경상사고,0,0,3,0,차대차 - 기타,안전운전불이행,건조,맑음,기타 - 기타,승용,남,43세,상해없음,화물,남,36세,경상
2022091900100064,2022년 9월 19일 07시,월요일,인천광역시 미추홀구 주안동,경상사고,0,0,1,0,차대차 - 측면충돌,신호위반,건조,맑음,단일로 - 고가도로위,화물,남,44세,상해없음,승용,남,21세,경상
2022091900100100,2022년 9월 19일 08시,월요일,인천광역시 미추홀구 숭의동,경상사고,0,0,1,0,차대사람 - 기타,안전운전불이행,건조,맑음,교차로 - 교차로안,승용,남,51세,기타불명,보행자,여,51세,경상
2022091900100161,2022년 9월 19일 10시,월요일,인천광역시 미추홀구 주안동,경상사고,0,0,1,0,차대차 - 측면충돌,교차로운행방법위반,건조,맑음,교차로 - 교차로안,승용,남,26세,상해없음,승용,여,58세,경상
2022091900100311,2022년 9월 19일 15시,월요일,인천광역시 남동구 간석동,경상사고,0,0,1,0,차대차 - 후진중충돌,안전운전불이행,건조,맑음,단일로 - 기타,승용,여,61세,상해없음,승용,남,31세,경상
2022091900100353,2022년 9월 19일 16시,월요일,인천광역시 미추홀구 용현동,경상사고,0,0,1,0,차대차 - 기타,안전거리미확보,건조,맑음,교차로 - 교차로부근,승용,남,65세,상해없음,이륜,남,20세,경상
2022091900100354,2022년 9월 19일 16시,월요일,인천광역시 미추홀구 숭의동,중상사고,0,1,0,0,차대사람 - 보도통행중,기타,건조,맑음,단일로 - 기타,승용,여,50세,상해없음,보행자,여,43세,중상
2022091900100355,2022년 9월 19일 16시,월요일,인천광역시 남동구 논현동,경상사고,0,0,1,0,차대차 - 추돌,안전운전불이행,건조,맑음,교차로 - 교차로부근,승용,여,55세,상해없음,승용,남,32세,경상
2022091900100442,2022년 9월 19일 18시,월요일,인천광역시 계양구 계산동,경상사고,0,0,1,0,차대차 - 측면충돌,안전운전불이행,건조,맑음,단일로 - 기타,승용,남,27세,상해없음,이륜,남,41세,경상
2022091900100443,2022년 9월 19일 18시,월요일,인천광역시 남동구 논현동,경상사고,0,0,1,0,차대차 - 측면충돌,신호위반,건조,맑음,교차로 - 교차로횡단보도내,이륜,남,19세,상해없음,자전거,남,9세,경상
2022091900100476,2022년 9월 19일 19시,월요일,인천광역시 부평구 십정동,경상사고,0,0,1,0,차대차 - 기타,안전운전불이행,건조,맑음,교차로 - 교차로부근,이륜,남,44세,상해없음,승용,남,50세,경상
2022091900100477,2022년 9월 19일 19시,월요일,인천광역시 서구 석남동,중상사고,0,1,0,0,차대차 - 측면충돌,안전운전불이행,건조,맑음,단일로 - 기타,승용,여,27세,상해없음,자전거,남,57세,중상
2022091900100478,2022년 9월 19일 19시,월요일,인천광역시 서구 청라동,경상사고,0,0,1,0,차대차 - 측면충돌,안전거리미확보,건조,맑음,단일로 - 기타,화물,여,61세,상해없음,승용,여,44세,경상
2022091900100510,2022년 9월 19일 20시,월요일,인천광역시 부평구 삼산동,경상사고,0,0,1,0,차대사람 - 횡단중,신호위반,건조,맑음,교차로 - 교차로횡단보도내,승용,남,43세,상해없음,보행자,여,25세,경상
2022092000100009,2022년 9월 20일 00시,화요일,인천광역시 서구 가정동,경상사고,0,0,2,0,차대차 - 추돌,안전운전불이행,건조,맑음,교차로 - 교차로부근,승용,남,31세,상해없음,승용,남,69세,경상
2022092000100028,2022년 9월 20일 03시,화요일,인천광역시 서구 경서동,경상사고,0,0,2,0,차대차 - 측면충돌,안전거리미확보,건조,맑음,단일로 - 기타,승용,남,26세,상해없음,승용,남,58세,경상
2022092000100059,2022년 9월 20일 06시,화요일,인천광역시 연수구 동춘동,경상사고,0,0,1,0,차대차 - 측면충돌,교차로운행방법위반,건조,맑음,교차로 - 교차로안,승용,남,60세,상해없음,화물,남,62세,경상
2022092000100077,2022년 9월 20일 07시,화요일,인천광역시 부평구 부평동,경상사고,0,0,1,0,차대차 - 추돌,안전운전불이행,건조,맑음,교차로 - 교차로부근,승합,남,26세,상해없음,승용,여,51세,경상
2022092000100078,2022년 9월 20일 07시,화요일,인천광역시 부평구 부평동,경상사고,0,0,1,0,차대차 - 정면충돌,안전운전불이행,건조,맑음,단일로 - 기타,승용,남,17세,상해없음,승용,남,25세,기타불명
2022092000100121,2022년 9월 20일 08시,화요일,인천광역시 남동구 만수동,경상사고,0,0,1,0,차대차 - 측면충돌,안전운전불이행,건조,맑음,단일로 - 기타,승용,여,47세,상해없음,화물,남,55세,경상