사고번호,사고일시,요일,시군구,사고내용,사망자수,중상자수,경상자수,부상신고자수,사고유형,법규위반,노면상태,기상상태,도로형태,가해운전자 차종,가해운전자 성별,가해운전자 연령,가해운전자 상해정도,피해운전자 차종,피해운전자 성별,피해운전자 연령,피해운전자 상해정도
2022092000100122,2022년 9월 20일 08시,화요일,인천광역시 서구 원창동,경상사고,0,0,1,0,차대차 - 측면충돌,안전운전불이행,건조,맑음,단일로 - 기타,화물,남,67세,상해없음,승용,여,43세,경상
2022092000100123,2022년 9월 20일 08시,화요일,인천광역시 서구 석남동,경상사고,0,0,2,0,차대차 - 추돌,안전운전불이행,건조,맑음,단일로 - 기타,승용,남,25세,상해없음,승용,여,49세,경상
2022092000100124,2022년 9월 20일 08시,화요일,인천광역시 연수구 송도동,중상사고,0,1,0,0,차대차 - 측면충돌,기타,건조,맑음,교차로 - 교차로안,승용,여,45세,상해없음,자전거,여,16세,중상
2022092000100125,2022년 9월 20일 08시,화요일,인천광역시 부평구 삼산동,부상신고사고,0,0,0,1,차대사람 - 보도통행중,안전운전불이행,건조,맑음,단일로 - 기타,기타불명,기타불명,미분류,기타불명,보행자,여,53세,부상신고
2022092000100251,2022년 9월 20일 12시,화요일,인천광역시 남동구 간석동,경상사고,0,0,1,0,차대차 - 측면충돌,안전운전불이행,건조,맑음,교차로 - 교차로안,승용,남,59세,상해없음,승용,남,23세,경상
2022092000100288,2022년 9월 20일 13시,화요일,인천광역시 미추홀구 주안동,경상사고,0,0,1,0,차대차 - 후진중충돌,안전운전불이행,건조,맑음,단일로 - 기타,승용,남,64세,상해없음,이륜,남,33세,경상
2022092000100289,2022년 9월 20일 13시,화요일,인천광역시 부평구 부평동,부상신고사고,0,0,0,1,차대사람 - 기타,안전운전불이행,건조,맑음,기타 - 기타,승용,남,43세,상해없음,보행자,여,7세,부상신고
2022092000100363,2022년 9월 20일 15시,화요일,인천광역시 연수구 송도동,경상사고,0,0,1,0,차대사람 - 횡단중,안전운전불이행,건조,맑음,교차로 - 교차로부근,승합,남,70세,상해없음,보행자,여,8세,경상
2022092000100411,2022년 9월 20일 16시,화요일,인천광역시 부평구 십정동,경상사고,0,0,2,0,차대차 - 측면충돌,안전운전불이행,건조,맑음,교차로 - 교차로부근,화물,남,70세,상해없음,승용,여,29세,경상
2022092000100452,2022년 9월 20일 17시,화요일,인천광역시 부평구 부평동,경상사고,0,0,1,0,차대차 - 측면충돌,안전운전불이행,건조,맑음,교차로 - 교차로부근,승용,남,35세,상해없음,승용,남,37세,경상
2022092000100453,2022년 9월 20일 17시,화요일,인천광역시 남동구 간석동,경상사고,0,0,3,0,차대차 - 추돌,안전운전불이행,건조,맑음,기타 - 기타,승용,여,44세,상해없음,승용,여,54세,경상
2022092000100454,2022년 9월 20일 17시,화요일,인천광역시 남동구 만수동,경상사고,0,0,2,0,차대차 - 측면충돌,교차로운행방법위반,건조,맑음,단일로 - 기타,승용,여,49세,경상,승용,남,29세,경상
2022092000100502,2022년 9월 20일 18시,화요일,인천광역시 부평구 청천동,경상사고,0,0,1,0,차대차 - 추돌,안전운전불이행,건조,맑음,교차로 - 교차로부근,승용,남,30세,상해없음,승용,남,61세,경상
2022092000100541,2022년 9월 20일 19시,화요일,인천광역시 중구 운남동,중상사고,0,1,8,1,차대차 - 기타,신호위반,건조,맑음,교차로 - 교차로안,승용,남,29세,상해없음,승합,남,35세,상해없음
2022092000100573,2022년 9월 20일 20시,화요일,인천광역시 남동구 구월동,경상사고,0,0,2,0,차대차 - 정면충돌,신호위반,건조,맑음,교차로 - 교차로안,이륜,남,36세,경상,승합,남,41세,경상
2022092000100606,2022년 9월 20일 21시,화요일,인천광역시 남동구 논현동,경상사고,0,0,1,0,차대사람 - 횡단중,보행자보호의무위반,건조,맑음,교차로 - 교차로부근,기타불명,기타불명,미분류,기타불명,보행자,남,28세,경상
2022092100100015,2022년 9월 21일 02시,수요일,인천광역시 부평구 십정동,경상사고,0,0,2,0,차대차 - 측면충돌,안전운전불이행,건조,맑음,교차로 - 교차로부근,승용,남,37세,상해없음,승합,남,50세,경상
2022092100100111,2022년 9월 21일 08시,수요일,인천광역시 부평구 부평동,중상사고,0,1,0,0,차대차 - 측면충돌,안전운전불이행,건조,맑음,교차로 - 교차로부근,승용,여,50세,상해없음,자전거,남,26세,중상
2022092100100112,2022년 9월 21일 08시,수요일,인천광역시 서구 금곡동,경상사고,0,0,3,0,차대차 - 측면충돌,안전거리미확보,건조,맑음,단일로 - 기타,승합,남,57세,상해없음,승합,남,48세,상해없음
2022092100100113,2022년 9월 21일 08시,수요일,인천광역시 연수구 연수동,경상사고,0,0,1,0,차대사람 - 기타,안전운전불이행,건조,맑음,교차로 - 교차로부근,화물,남,57세,상해없음,보행자,여,26세,경상
2022092100100157,2022년 9월 21일 09시,수요일,인천광역시 부평구 청천동,중상사고,0,1,0,0,차대차 - 측면충돌,안전운전불이행,건조,맑음,교차로 - 교차로안,승용,남,59세,상해없음,이륜,남,31세,중상
2022092100100158,2022년 9월 21일 09시,수요일,인천광역시 서구 석남동,경상사고,0,0,1,0,차대차 - 기타,안전운전불이행,건조,맑음,기타 - 기타,화물,남,56세,상해없음,승용,남,25세,경상
2022092100100197,2022년 9월 21일 10시,수요일,인천광역시 미추홀구 숭의동,경상사고,0,0,1,0,차대사람 - 기타,안전운전불이행,건조,맑음,단일로 - 기타,승용,남,58세,상해없음,보행자,남,40세,경상
2022092100100198,2022년 9월 21일 10시,수요일,인천광역시 서구 석남동,경상사고,0,0,1,0,차대사람 - 기타,기타,건조,맑음,단일로 - 기타,승용,남,60세,상해없음,보행자,남,36세,경상
2022092100100267,2022년 9월 21일 12시,수요일,인천광역시 서구 원창동,경상사고,0,0,1,0,차대차 - 측면충돌,중앙선침범,건조,맑음,교차로 - 교차로부근,승용,남,28세,상해없음,이륜,남,47세,경상
2022092100100299,2022년 9월 21일 13시,수요일,인천광역시 중구 신흥동3가,경상사고,0,0,1,0,차대차 - 측면충돌,차로위반,건조,맑음,교차로 - 교차로부근,화물,남,60세,상해없음,승용,남,70세,경상
2022092100100337,2022년 9월 21일 14시,수요일,인천광역시 부평구 청천동,경상사고,0,0,1,0,차대차 - 측면충돌,안전운전불이행,건조,맑음,기타 - 기타,화물,남,25세,상해없음,승용,남,37세,경상
2022092100100422,2022년 9월 21일 16시,수요일,인천광역시 미추홀구 학익동,경상사고,0,0,1,0,차대차 - 측면충돌,교차로운행방법위반,건조,맑음,교차로 - 교차로안,승용,남,46세,상해없음,자전거,남,54세,경상
2022092100100423,2022년 9월 21일 16시,수요일,인천광역시 남동구 구월동,경상사고,0,0,1,0,차대차 - 측면충돌,교차로운행방법위반,건조,맑음,교차로 - 교차로안,화물,남,61세,상해없음,승용,남,56세,경상
2022092100100424,2022년 9월 21일 16시,수요일,인천광역시 계양구 효성동,중상사고,0,1,0,0,차대차 - 측면충돌,안전운전불이행,건조,맑음,교차로 - 교차로안,승용,여,59세,상해없음,자전거,남,54세,중상
2022092100100425,2022년 9월 21일 16시,수요일,인천광역시 강화군 화도면,중상사고,0,1,0,0,차대차 - 측면충돌,기타,건조,맑음,단일로 - 지하차도(도로)내,승용,남,58세,중상,승용,남,72세,상해없음
2022092100100426,2022년 9월 21일 16시,수요일,인천광역시 남동구 고잔동,경상사고,0,0,2,0,차대차 - 측면충돌,안전거리미확보,건조,맑음,단일로 - 지하차도(도로)내,화물,남,42세,상해없음,승용,남,29세,경상
2022092100100537,2022년 9월 21일 18시,수요일,인천광역시 미추홀구 주안동,경상사고,0,0,2,0,차대차 - 측면충돌,안전운전불이행,건조,맑음,기타 - 기타,승용,남,34세,상해없음,승용,남,35세,경상
2022092100100576,2022년 9월 21일 19시,수요일,인천광역시 미추홀구 숭의동,경상사고,0,0,2,0,차대차 - 측면충돌,교차로운행방법위반,건조,맑음,교차로 - 교차로안,승용,여,42세,경상,승합,남,60세,경상
2022092100100577,2022년 9월 21일 19시,수요일,인천광역시 서구 청라동,경상사고,0,0,1,0,차대차 - 정면충돌,안전운전불이행,건조,맑음,교차로 - 교차로횡단보도내,이륜,남,28세,상해없음,자전거,남,13세,경상
2022092100100611,2022년 9월 21일 20시,수요일,인천광역시 남동구 운연동,경상사고,0,0,1,0,차대차 - 측면충돌,신호위반,건조,맑음,교차로 - 교차로안,승용,여,20세,상해없음,승용,남,29세,경상
2022092100100642,2022년 9월 21일 21시,수요일,인천광역시 미추홀구 주안동,중상사고,0,2,0,0,차대사람 - 기타,안전운전불이행,건조,맑음,기타 - 기타,승용,여,57세,상해없음,보행자,남,27세,중상
2022092100100643,2022년 9월 21일 21시,수요일,인천광역시 서구 시천동,경상사고,0,0,1,0,차대차 - 추돌,안전운전불이행,건조,맑음,단일로 - 기타,기타불명,기타불명,미분류,기타불명,자전거,남,40세,경상
2022092200100009,2022년 9월 22일 00시,목요일,인천광역시 연수구 옥련동,경상사고,0,0,1,0,차대사람 - 차도통행중,안전운전불이행,건조,맑음,교차로 - 교차로안,승용,여,25세,상해없음,보행자,남,53세,경상
2022092200100016,2022년 9월 22일 01시,목요일,인천광역시 미추홀구 숭의동,부상신고사고,0,0,0,1,차대차 - 기타,안전운전불이행,건조,맑음,단일로 - 기타,승용,남,36세,기타불명,승용,남,53세,부상신고
2022092200100059,2022년 9월 22일 06시,목요일,인천광역시 남동구 서창동,중상사고,0,1,0,0,차대차 - 측면충돌,교차로운행방법위반,건조,맑음,교차로 - 교차로안,특수,남,41세,상해없음,승용,남,64세,중상
2022092200100136,2022년 9월 22일 08시,목요일,인천광역시 서구 청라동,중상사고,0,3,0,0,차대차 - 추돌,안전운전불이행,건조,맑음,교차로 - 교차로횡단보도내,승용,남,27세,상해없음,승용,남,44세,중상
2022092200100137,2022년 9월 22일 08시,목요일,인천광역시 서구 가정동,경상사고,0,0,2,0,차대차 - 추돌,기타,건조,맑음,교차로 - 교차로부근,승용,여,35세,경상,승용,남,56세,경상
2022092200100138,2022년 9월 22일 08시,목요일,인천광역시 남동구 장수동,경상사고,0,0,1,0,차대차 - 추돌,안전운전불이행,건조,맑음,단일로 - 지하차도(도로)내,승용,남,31세,상해없음,승용,남,45세,경상
2022092200100174,2022년 9월 22일 09시,목요일,인천광역시 중구 유동,부상신고사고,0,0,0,1,차대사람 - 차도통행중,안전운전불이행,건조,맑음,단일로 - 기타,승용,남,63세,상해없음,보행자,여,82세,부상신고
2022092200100175,2022년 9월 22일 09시,목요일,인천광역시 서구 마전동,경상사고,0,0,1,0,차대차 - 측면충돌,안전거리미확보,건조,맑음,단일로 - 기타,승용,남,63세,상해없음,승용,여,24세,경상
2022092200100176,2022년 9월 22일 09시,목요일,인천광역시 남동구 서창동,경상사고,0,0,1,0,차대차 - 측면충돌,교차로운행방법위반,건조,맑음,교차로 - 교차로안,승용,여,37세,상해없음,승용,여,37세,경상
2022092200100214,2022년 9월 22일 10시,목요일,인천광역시 계양구 효성동,경상사고,0,0,1,0,차대사람 - 보도통행중,보행자보호의무위반,건조,맑음,교차로 - 교차로횡단보도내,승용,여,61세,상해없음,보행자,남,73세,경상
2022092200100240,2022년 9월 22일 11시,목요일,인천광역시 연수구 송도동,경상사고,0,0,1,0,차대차 - 측면충돌,신호위반,건조,맑음,교차로 - 교차로부근,승용,남,33세,상해없음,개인형이동수단(PM),여,22세,경상
2022092200100276,2022년 9월 22일 12시,목요일,인천광역시 부평구 부평동,경상사고,0,0,1,0,차대차 - 기타,안전운전불이행,기타,기타,단일로 - 기타,승용,남,78세,기타불명,화물,남,26세,경상
2022092200100310,2022년 9월 22일 13시,목요일,인천광역시 동구 송현동,중상사고,0,1,0,0,차대사람 - 차도통행중,안전운전불이행,건조,맑음,교차로 - 교차로부근,승합,남,64세,상해없음,보행자,남,63세,중상
2022092200100311,2022년 9월 22일 13시,목요일,인천광역시 남동구 만수동,경상사고,0,0,1,0,차대차 - 추돌,안전운전불이행,건조,맑음,교차로 - 교차로부근,화물,남,58세,상해없음,화물,남,55세,경상
2022092200100370,2022년 9월 22일 15시,목요일,인천광역시 서구 청라동,경상사고,0,0,1,0,차대차 - 기타,안전운전불이행,건조,맑음,기타 - 기타,승용,남,40세,상해없음,승용,남,34세,경상
2022092200100405,2022년 9월 22일 16시,목요일,인천광역시 서구 마전동,경상사고,0,0,1,0,차대차 - 측면충돌,신호위반,건조,맑음,교차로 - 교차로부근,승용,남,53세,상해없음,이륜,여,33세,경상
2022092200100450,2022년 9월 22일 17시,목요일,인천광역시 부평구 부평동,경상사고,0,0,1,0,차대차 - 측면충돌,안전운전불이행,건조,맑음,교차로 - 교차로안,승용,남,63세,상해없음,승용,남,43세,경상
2022092200100451,2022년 9월 22일 17시,목요일,인천광역시 서구 가좌동,경상사고,0,0,1,0,차대차 - 기타,안전거리미확보,건조,맑음,기타 - 기타,승용,여,48세,상해없음,승용,남,46세,경상
2022092200100452,2022년 9월 22일 17시,목요일,인천광역시 남동구 서창동,부상신고사고,0,0,0,1,차대사람 - 차도통행중,안전운전불이행,건조,맑음,교차로 - 교차로부근,승용,남,39세,상해없음,보행자,남,43세,부상신고
2022092200100453,2022년 9월 22일 17시,목요일,인천광역시 남동구 논현동,경상사고,0,0,1,0,차대차 - 측면충돌,신호위반,건조,맑음,교차로 - 교차로안,화물,남,62세,상해없음,화물,남,60세,경상
2022092200100489,2022년 9월 22일 18시,목요일,인천광역시 서구 심곡동,경상사고,0,0,1,0,차대차 - 기타,안전운전불이행,건조,맑음,기타 - 기타,승용,남,21세,상해없음,승용,남,39세,경상
2022092200100548,2022년 9월 22일 19시,목요일,인천광역시 미추홀구 도화동,경상사고,0,0,3,0,차대차 - 측면충돌,교차로운행방법위반,건조,맑음,교차로 - 교차로안,승합,남,70세,상해없음,승용,남,30세,경상
2022092200100574,2022년 9월 22일 20시,목요일,인천광역시 서구 청라동,경상사고,0,0,2,0,차대차 - 추돌,안전운전불이행,건조,맑음,단일로 - 기타,이륜,남,18세,상해없음,승용,남,25세,경상
2022092200100624,2022년 9월 22일 22시,목요일,인천광역시 미추홀구 용현동,부상신고사고,0,0,0,1,차대사람 - 기타,안전운전불이행,건조,맑음,단일로 - 기타,기타불명,기타불명,미분류,기타불명,보행자,남,39세,부상신고
2022092300100007,2022년 9월 23일 00시,금요일,인천광역시 미추홀구 숭의동,경상사고,0,0,1,0,차대사람 - 횡단중,신호위반,건조,맑음,교차로 - 교차로횡단보도내,개인형이동수단(PM),여,25세,상해없음,보행자,남,26세,경상
2022092300100008,2022년 9월 23일 00시,금요일,인천광역시 서구 가정동,경상사고,0,0,1,0,차대차 - 기타,안전운전불이행,건조,맑음,기타 - 기타,승용,남,52세,상해없음,이륜,남,55세,경상
2022092300100039,2022년 9월 23일 05시,금요일,인천광역시 서구 금곡동,경상사고,0,0,4,0,차대차 - 정면충돌,안전운전불이행,건조,맑음,단일로 - 기타,승용,남,66세,상해없음,승용,남,62세,경상
2022092300100072,2022년 9월 23일 07시,금요일,인천광역시 미추홀구 주안동,경상사고,0,0,1,0,차대차 - 측면충돌,안전거리미확보,건조,맑음,단일로 - 기타,화물,남,57세,상해없음,승용,남,47세,경상
2022092300100073,2022년 9월 23일 07시,금요일,인천광역시 서구 당하동,경상사고,0,0,1,0,차대차 - 측면충돌,신호위반,건조,맑음,단일로 - 교량,화물,남,68세,상해없음,승용,여,26세,경상
2022092300100074,2022년 9월 23일 07시,금요일,인천광역시 부평구 부평동,경상사고,0,0,1,0,차대차 - 기타,안전운전불이행,건조,맑음,단일로 - 기타,승합,남,61세,상해없음,승용,남,36세,경상
2022092300100105,2022년 9월 23일 08시,금요일,인천광역시 남동구 간석동,중상사고,0,1,0,0,차대사람 - 횡단중,안전운전불이행,건조,맑음,단일로 - 기타,승용,남,60세,상해없음,보행자,여,61세,중상
2022092300100142,2022년 9월 23일 09시,금요일,인천광역시 옹진군 영흥면,중상사고,0,1,1,0,차대차 - 정면충돌,중앙선침범,건조,맑음,단일로 - 교량,승용,남,33세,상해없음,승용,남,61세,중상
2022092300100182,2022년 9월 23일 10시,금요일,인천광역시 미추홀구 숭의동,경상사고,0,0,1,0,차대차 - 기타,신호위반,젖음/습기,비,교차로 - 교차로안,승용,남,60세,상해없음,승용,남,44세,경상
2022092300100249,2022년 9월 23일 12시,금요일,인천광역시 미추홀구 학익동,중상사고,0,2,0,0,차대차 - 정면충돌,중앙선침범,건조,맑음,단일로 - 기타,화물,남,45세,상해없음,승합,남,52세,중상
2022092300100337,2022년 9월 23일 14시,금요일,인천광역시 서구 청라동,경상사고,0,0,1,0,차대사람 - 보도통행중,기타,건조,맑음,단일로 - 기타,자전거,여,54세,상해없음,보행자,여,11세,경상
2022092300100338,2022년 9월 23일 14시,금요일,인천광역시 남동구 고잔동,경상사고,0,0,1,0,차량단독 - 기타,기타,건조,맑음,기타 - 기타,승합,남,48세,상해없음,,,,
2022092300100373,2022년 9월 23일 15시,금요일,인천광역시 부평구 부평동,경상사고,0,0,1,0,차대사람 - 횡단중,신호위반,건조,맑음,교차로 - 교차로안,원동기,남,60세,상해없음,보행자,여,64세,경상
2022092300100374,2022년 9월 23일 15시,금요일,인천광역시 강화군 길상면,경상사고,0,0,3,0,차대차 - 기타,중앙선침범,건조,맑음,단일로 - 지하차도(도로)내,승용,여,30세,상해없음,승용,남,57세,경상
2022092300100421,2022년 9월 23일 16시,금요일,인천광역시 연수구 송도동,경상사고,0,0,1,0,차대차 - 추돌,안전운전불이행,건조,맑음,교차로 - 교차로부근,승용,남,50세,상해없음,승용,여,40세,경상
2022092300100422,2022년 9월 23일 16시,금요일,인천광역시 남동구 서창동,경상사고,0,0,3,0,차대차 - 추돌,안전거리미확보,건조,맑음,교차로 - 교차로부근,승용,남,35세,상해없음,승용,남,47세,경상
2022092300100469,2022년 9월 23일 17시,금요일,인천광역시 계양구 용종동,경상사고,0,0,1,0,차대차 - 기타,안전운전불이행,건조,맑음,교차로 - 교차로안,승용,여,57세,상해없음,이륜,남,26세,경상
2022092300100519,2022년 9월 23일 18시,금요일,인천광역시 남동구 구월동,부상신고사고,0,0,0,1,차대차 - 측면충돌,안전운전불이행,건조,맑음,교차로 - 교차로부근,승용,남,37세,기타불명,승용,남,38세,부상신고
2022092300100520,2022년 9월 23일 18시,금요일,인천광역시 미추홀구 문학동,경상사고,0,0,1,0,차대차 - 측면충돌,안전운전불이행,건조,맑음,단일로 - 기타,화물,남,60세,상해없음,승용,남,61세,경상
2022092300100608,2022년 9월 23일 20시,금요일,인천광역시 계양구 작전동,경상사고,0,0,1,0,차대사람 - 기타,안전운전불이행,건조,맑음,기타 - 기타,기타불명,기타불명,미분류,기타불명,보행자,여,22세,경상
2022092300100627,2022년 9월 23일 21시,금요일,인천광역시 부평구 부평동,중상사고,0,1,1,0,차대차 - 기타,신호위반,건조,맑음,교차로 - 교차로부근,승용,남,44세,경상,이륜,남,38세,중상
2022092300100628,2022년 9월 23일 21시,금요일,인천광역시 남동구 간석동,경상사고,0,0,2,0,차대차 - 후진중충돌,안전운전불이행,건조,맑음,기타 - 기타,승용,여,56세,경상,승용,남,57세,경상
2022092300100678,2022년 9월 23일 23시,금요일,인천광역시 미추홀구 숭의동,경상사고,0,0,1,0,차대차 - 측면충돌,교차로운행방법위반,건조,맑음,교차로 - 교차로안,승용,여,51세,상해없음,승용,남,27세,경상
2022092400100023,2022년 9월 24일 01시,토요일,인천광역시 남동구 구월동,경상사고,0,0,1,0,차대사람 - 길가장자리구역통행중,안전운전불이행,건조,맑음,단일로 - 지하차도(도로)내,이륜,남,18세,상해없음,보행자,남,37세,경상
2022092400100036,2022년 9월 24일 03시,토요일,인천광역시 남동구 구월동,경상사고,0,0,1,0,차대차 - 측면충돌,안전운전불이행,건조,맑음,교차로 - 교차로부근,화물,남,70세,상해없음,승용,남,28세,경상
2022092400100099,2022년 9월 24일 08시,토요일,인천광역시 미추홀구 숭의동,경상사고,0,0,1,0,차대차 - 추돌,안전운전불이행,건조,맑음,교차로 - 교차로부근,승용,남,74세,상해없음,승용,남,32세,경상
2022092400100213,2022년 9월 24일 11시,토요일,인천광역시 미추홀구 숭의동,경상사고,0,0,2,0,차대차 - 기타,안전운전불이행,건조,맑음,기타 - 기타,승용,남,34세,상해없음,승용,남,49세,경상
2022092400100253,2022년 9월 24일 12시,토요일,인천광역시 서구 마전동,경상사고,0,0,1,0,차대차 - 추돌,안전운전불이행,건조,맑음,단일로 - 기타,이륜,남,41세,상해없음,승용,남,57세,경상
2022092400100254,2022년 9월 24일 12시,토요일,인천광역시 연수구 송도동,경상사고,0,0,1,0,차대차 - 측면충돌,신호위반,건조,맑음,교차로 - 교차로부근,승용,여,41세,상해없음,이륜,남,23세,경상
2022092400100313,2022년 9월 24일 13시,토요일,인천광역시 계양구 작전동,경상사고,0,0,1,0,차대차 - 기타,차로위반,건조,맑음,단일로 - 기타,승용,여,70세,상해없음,승용,남,58세,경상
2022092400100354,2022년 9월 24일 14시,토요일,인천광역시 미추홀구 문학동,경상사고,0,0,2,0,차대차 - 후진중충돌,안전운전불이행,건조,맑음,단일로 - 기타,승용,남,61세,상해없음,승용,여,35세,경상
2022092400100356,2022년 9월 24일 14시,토요일,인천광역시 서구 가정동,경상사고,0,0,3,0,차대차 - 추돌,안전운전불이행,건조,맑음,교차로 - 교차로안,승용,남,39세,상해없음,승용,여,43세,경상
2022092400100357,2022년 9월 24일 14시,토요일,인천광역시 서구 경서동,경상사고,0,0,2,0,차대차 - 측면충돌,안전운전불이행,건조,맑음,단일로 - 기타,승용,여,63세,상해없음,승합,남,69세,경상
2022092400100358,2022년 9월 24일 14시,토요일,인천광역시 부평구 부평동,경상사고,0,0,1,0,차대차 - 추돌,안전운전불이행,건조,맑음,교차로 - 교차로부근,원동기,남,67세,상해없음,승용,여,24세,경상
2022092400100399,2022년 9월 24일 15시,토요일,인천광역시 남동구 만수동,중상사고,0,1,0,0,차대차 - 측면충돌,안전거리미확보,건조,맑음,단일로 - 기타,이륜,남,40세,중상,승용,남,27세,상해없음
2022092400100400,2022년 9월 24일 15시,토요일,인천광역시 남동구 남촌동,경상사고,0,0,5,0,차대차 - 추돌,안전운전불이행,건조,맑음,단일로 - 교량,화물,남,56세,상해없음,승용,남,42세,경상
2022092400100439,2022년 9월 24일 16시,토요일,인천광역시 미추홀구 용현동,경상사고,0,0,2,0,차대차 - 추돌,안전운전불이행,건조,맑음,교차로 - 교차로부근,이륜,남,22세,상해없음,승용,남,29세,경상
2022092400100440,2022년 9월 24일 16시,토요일,인천광역시 계양구 서운동,경상사고,0,0,3,0,차대차 - 측면충돌,차로위반,건조,맑음,교차로 - 교차로부근,승용,남,56세,상해없음,승용,여,35세,경상
2022092400100441,2022년 9월 24일 16시,토요일,인천광역시 남동구 논현동,경상사고,0,0,1,0,차대차 - 측면충돌,신호위반,건조,맑음,교차로 - 교차로안,승용,남,56세,상해없음,화물,남,49세,경상
2022092400100442,2022년 9월 24일 16시,토요일,인천광역시 남동구 논현동,경상사고,0,0,3,0,차대차 - 측면충돌,신호위반,건조,맑음,교차로 - 교차로안,승용,남,27세,상해없음,승용,남,61세,경상
2022092400100472,2022년 9월 24일 17시,토요일,인천광역시 부평구 청천동,경상사고,0,0,1,0,차대사람 - 기타,안전운전불이행,건조,맑음,단일로 - 기타,자전거,남,55세,상해없음,보행자,여,65세,경상
2022092400100473,2022년 9월 24일 17시,토요일,인천광역시 남동구 구월동,경상사고,0,0,2,0,차대차 - 측면충돌,차로위반,건조,맑음,교차로 - 교차로부근,승용,여,52세,상해없음,승용,남,24세,경상
2022092400100517,2022년 9월 24일 18시,토요일,인천광역시 서구 가정동,중상사고,0,1,1,0,차대차 - 측면충돌,안전운전불이행,건조,맑음,기타 - 기타,승용,여,27세,상해없음,승용,남,62세,경상
2022092400100518,2022년 9월 24일 18시,토요일,인천광역시 계양구 작전동,경상사고,0,0,1,0,차대차 - 추돌,안전운전불이행,건조,맑음,단일로 - 기타,승용,남,41세,상해없음,이륜,남,40세,경상
2022092400100519,2022년 9월 24일 18시,토요일,인천광역시 부평구 삼산동,경상사고,0,0,2,0,차대차 - 측면충돌,안전거리미확보,건조,맑음,단일로 - 기타,승용,남,69세,상해없음,승용,남,27세,경상
2022092400100558,2022년 9월 24일 19시,토요일,인천광역시 중구 신흥동2가,중상사고,0,1,0,0,차대사람 - 횡단중,안전운전불이행,건조,맑음,교차로 - 교차로부근,화물,남,60세,기타불명,보행자,여,63세,중상
2022092400100585,2022년 9월 24일 20시,토요일,인천광역시 중구 을왕동,경상사고,0,0,4,0,차대차 - 기타,안전운전불이행,건조,맑음,교차로 - 교차로안,승용,여,36세,상해없음,승용,여,32세,경상
2022092400100586,2022년 9월 24일 20시,토요일,인천광역시 부평구 부개동,경상사고,0,0,1,0,차대차 - 정면충돌,신호위반,건조,흐림,교차로 - 교차로안,승용,남,62세,상해없음,이륜,남,36세,경상
2022092400100607,2022년 9월 24일 21시,토요일,인천광역시 서구 불로동,중상사고,0,1,0,0,차대사람 - 기타,안전운전불이행,건조,맑음,단일로 - 기타,승용,남,60세,상해없음,보행자,남,60세,중상
2022092400100608,2022년 9월 24일 21시,토요일,인천광역시 연수구 송도동,중상사고,0,1,0,0,차대사람 - 횡단중,신호위반,건조,맑음,교차로 - 교차로부근,승용,여,57세,상해없음,보행자,여,9세,중상
2022092400100620,2022년 9월 24일 22시,토요일,인천광역시 연수구 송도동,중상사고,0,1,0,0,차대차 - 측면충돌,안전운전불이행,건조,맑음,단일로 - 고가도로위,기타불명,기타불명,미분류,기타불명,개인형이동수단(PM),남,29세,중상
2022092400100644,2022년 9월 24일 23시,토요일,인천광역시 미추홀구 도화동,경상사고,0,0,1,0,차대차 - 측면충돌,안전운전불이행,건조,맑음,단일로 - 기타,승용,남,51세,상해없음,승용,남,62세,경상
2022092500100036,2022년 9월 25일 02시,일요일,인천광역시 남동구 간석동,경상사고,0,0,1,0,차대사람 - 기타,안전운전불이행,건조,맑음,단일로 - 기타,승용,남,55세,상해없음,보행자,남,51세,경상
2022092500100037,2022년 9월 25일 02시,일요일,인천광역시 부평구 부평동,경상사고,0,0,1,0,차대사람 - 기타,안전운전불이행,건조,맑음,교차로 - 교차로부근,승용,남,60세,경상,보행자,남,58세,상해없음
2022092500100059,2022년 9월 25일 06시,일요일,인천광역시 중구 운서동,경상사고,0,0,1,0,차대차 - 측면충돌,안전운전불이행,건조,맑음,교차로 - 교차로안,승용,남,51세,상해없음,승용,남,46세,경상
2022092500100064,2022년 9월 25일 07시,일요일,인천광역시 미추홀구 용현동,중상사고,0,3,2,0,차대차 - 추돌,안전운전불이행,건조,맑음,교차로 - 교차로부근,승용,남,52세,기타불명,승용,여,58세,중상
2022092500100099,2022년 9월 25일 09시,일요일,인천광역시 연수구 청학동,경상사고,0,0,1,0,차대차 - 추돌,기타,건조,맑음,교차로 - 교차로부근,승용,남,30세,상해없음,승용,남,53세,경상
2022092500100170,2022년 9월 25일 12시,일요일,인천광역시 중구 운남동,경상사고,0,0,1,0,차대사람 - 횡단중,안전운전불이행,건조,맑음,교차로 - 교차로안,승용,남,47세,상해없음,보행자,남,27세,경상
2022092500100225,2022년 9월 25일 14시,일요일,인천광역시 남동구 논현동,경상사고,0,0,1,0,차대차 - 후진중충돌,불법유턴,건조,맑음,교차로 - 교차로부근,승용,남,67세,상해없음,승용,남,55세,경상
2022092500100263,2022년 9월 25일 15시,일요일,인천광역시 중구 운서동,경상사고,0,0,4,0,차대차 - 측면충돌,안전운전불이행,건조,맑음,교차로 - 교차로부근,승용,남,47세,상해없음,승용,여,61세,경상