사고번호,사고일시,요일,시군구,사고내용,사망자수,중상자수,경상자수,부상신고자수,사고유형,법규위반,노면상태,기상상태,도로형태,가해운전자 차종,가해운전자 성별,가해운전자 연령,가해운전자 상해정도,피해운전자 차종,피해운전자 성별,피해운전자 연령,피해운전자 상해정도
2022092500100294,2022년 9월 25일 16시,일요일,인천광역시 강화군 불은면,경상사고,0,0,3,0,차대차 - 측면충돌,안전운전불이행,건조,맑음,단일로 - 지하차도(도로)내,승용,남,52세,상해없음,승용,남,29세,경상
2022092500100350,2022년 9월 25일 18시,일요일,인천광역시 서구 검암동,경상사고,0,0,1,0,차대차 - 측면충돌,안전운전불이행,건조,맑음,교차로 - 교차로부근,승용,남,66세,상해없음,이륜,남,24세,경상
2022092500100351,2022년 9월 25일 18시,일요일,인천광역시 서구 경서동,경상사고,0,0,1,0,차대차 - 기타,안전운전불이행,건조,맑음,단일로 - 기타,승용,남,50세,상해없음,승용,남,50세,경상
2022092500100392,2022년 9월 25일 19시,일요일,인천광역시 남동구 구월동,경상사고,0,0,1,0,차대사람 - 횡단중,신호위반,건조,맑음,교차로 - 교차로부근,이륜,남,22세,상해없음,보행자,여,70세,경상
2022092500100419,2022년 9월 25일 20시,일요일,인천광역시 연수구 송도동,경상사고,0,0,3,0,차대차 - 측면충돌,안전운전불이행,건조,맑음,교차로 - 교차로횡단보도내,승용,여,54세,상해없음,승용,여,38세,경상
2022092500100438,2022년 9월 25일 21시,일요일,인천광역시 부평구 청천동,경상사고,0,0,1,0,차대사람 - 횡단중,신호위반,건조,맑음,교차로 - 교차로부근,승합,남,63세,상해없음,보행자,남,49세,경상
2022092500100458,2022년 9월 25일 22시,일요일,인천광역시 서구 가좌동,경상사고,0,0,1,0,차대차 - 측면충돌,신호위반,건조,맑음,교차로 - 교차로안,승용,남,63세,상해없음,이륜,남,31세,경상
2022092600100029,2022년 9월 26일 05시,월요일,인천광역시 중구 항동7가,경상사고,0,0,1,0,차대사람 - 길가장자리구역통행중,중앙선침범,건조,맑음,교차로 - 교차로부근,화물,남,68세,상해없음,보행자,남,26세,경상
2022092600100165,2022년 9월 26일 09시,월요일,인천광역시 계양구 계산동,경상사고,0,0,1,0,차대사람 - 보도통행중,보행자보호의무위반,건조,맑음,단일로 - 기타,화물,남,65세,상해없음,보행자,여,21세,경상
2022092600100166,2022년 9월 26일 09시,월요일,인천광역시 서구 경서동,경상사고,0,0,1,0,차대차 - 기타,안전운전불이행,건조,맑음,단일로 - 교량,승용,여,59세,상해없음,승용,남,42세,경상
2022092600100167,2022년 9월 26일 09시,월요일,인천광역시 남동구 장수동,경상사고,0,0,1,0,차대차 - 기타,차로위반,건조,맑음,단일로 - 기타,기타불명,기타불명,미분류,기타불명,승용,남,49세,상해없음
2022092600100194,2022년 9월 26일 10시,월요일,인천광역시 남동구 구월동,경상사고,0,0,1,0,차대차 - 기타,안전운전불이행,건조,맑음,주차장 - 주차장,승용,남,29세,상해없음,승용,남,36세,경상
2022092600100195,2022년 9월 26일 10시,월요일,인천광역시 서구 원창동,경상사고,0,0,1,0,차대차 - 후진중충돌,안전운전불이행,건조,맑음,단일로 - 기타,기타불명,기타불명,미분류,기타불명,화물,남,40세,경상
2022092600100314,2022년 9월 26일 14시,월요일,인천광역시 미추홀구 도화동,경상사고,0,0,1,0,차대차 - 측면충돌,안전운전불이행,건조,맑음,단일로 - 기타,화물,남,49세,상해없음,승용,남,30세,경상
2022092600100315,2022년 9월 26일 14시,월요일,인천광역시 연수구 송도동,경상사고,0,0,1,0,차대차 - 측면충돌,안전거리미확보,건조,맑음,단일로 - 기타,건설기계,남,53세,상해없음,이륜,남,37세,경상
2022092600100353,2022년 9월 26일 15시,월요일,인천광역시 서구 가정동,중상사고,0,1,2,0,차대차 - 추돌,안전운전불이행,건조,맑음,단일로 - 기타,승용,남,65세,상해없음,승용,여,58세,경상
2022092600100423,2022년 9월 26일 17시,월요일,인천광역시 미추홀구 주안동,경상사고,0,0,1,0,차대차 - 기타,안전운전불이행,건조,맑음,단일로 - 기타,승용,여,28세,상해없음,승합,남,49세,상해없음
2022092600100424,2022년 9월 26일 17시,월요일,인천광역시 서구 석남동,경상사고,0,0,1,0,차대차 - 기타,안전운전불이행,건조,맑음,교차로 - 교차로안,승용,남,27세,상해없음,자전거,남,50세,경상
2022092600100425,2022년 9월 26일 17시,월요일,인천광역시 계양구 상야동,경상사고,0,0,1,0,차대차 - 추돌,안전운전불이행,건조,맑음,단일로 - 기타,화물,남,66세,상해없음,화물,남,46세,경상
2022092600100426,2022년 9월 26일 17시,월요일,인천광역시 연수구 연수동,중상사고,0,1,0,0,차대차 - 기타,교차로운행방법위반,건조,맑음,교차로 - 교차로안,승용,남,52세,상해없음,이륜,남,35세,중상
2022092600100472,2022년 9월 26일 18시,월요일,인천광역시 중구 운서동,중상사고,0,1,2,0,차대차 - 정면충돌,안전운전불이행,건조,맑음,교차로 - 교차로부근,화물,남,47세,상해없음,승용,남,47세,중상
2022092600100473,2022년 9월 26일 18시,월요일,인천광역시 동구 송림동,경상사고,0,0,1,0,차대사람 - 횡단중,보행자보호의무위반,건조,맑음,교차로 - 교차로횡단보도내,기타불명,기타불명,미분류,기타불명,보행자,여,27세,경상
2022092600100474,2022년 9월 26일 18시,월요일,인천광역시 서구 마전동,경상사고,0,0,1,0,차대차 - 측면충돌,안전운전불이행,건조,맑음,교차로 - 교차로부근,승용,남,65세,상해없음,승용,남,38세,경상
2022092600100514,2022년 9월 26일 19시,월요일,인천광역시 동구 송림동,경상사고,0,0,1,0,차대차 - 추돌,안전운전불이행,건조,맑음,교차로 - 교차로안,승용,여,35세,상해없음,승용,남,36세,경상
2022092600100515,2022년 9월 26일 19시,월요일,인천광역시 미추홀구 용현동,경상사고,0,0,1,0,차대차 - 측면충돌,안전운전불이행,건조,맑음,교차로 - 교차로안,승용,여,58세,상해없음,승용,남,31세,경상
2022092600100516,2022년 9월 26일 19시,월요일,인천광역시 부평구 청천동,경상사고,0,0,2,0,차대차 - 측면충돌,안전운전불이행,건조,맑음,단일로 - 기타,승용,남,33세,상해없음,승용,남,26세,경상
2022092600100517,2022년 9월 26일 19시,월요일,인천광역시 강화군 화도면,경상사고,0,0,1,0,차대차 - 추돌,안전운전불이행,건조,흐림,단일로 - 지하차도(도로)내,원동기,남,61세,경상,화물,남,61세,상해없음
2022092600100518,2022년 9월 26일 19시,월요일,인천광역시 남동구 장수동,경상사고,0,0,1,0,차대차 - 측면충돌,차로위반,건조,맑음,단일로 - 고가도로위,화물,남,39세,기타불명,승용,남,43세,경상
2022092600100546,2022년 9월 26일 20시,월요일,인천광역시 중구 신흥동2가,경상사고,0,0,3,0,차대차 - 측면충돌,안전운전불이행,건조,맑음,교차로 - 교차로안,승용,남,37세,상해없음,승용,남,36세,경상
2022092600100547,2022년 9월 26일 20시,월요일,인천광역시 남동구 간석동,경상사고,0,0,1,0,차대사람 - 횡단중,보행자보호의무위반,건조,맑음,교차로 - 교차로횡단보도내,승용,여,28세,기타불명,보행자,남,49세,경상
2022092600100592,2022년 9월 26일 22시,월요일,인천광역시 서구 가정동,경상사고,0,0,1,0,차대차 - 기타,안전거리미확보,건조,맑음,기타 - 기타,승용,남,64세,상해없음,승합,남,64세,상해없음
2022092600100611,2022년 9월 26일 23시,월요일,인천광역시 부평구 부평동,경상사고,0,0,1,0,차대사람 - 길가장자리구역통행중,안전운전불이행,건조,맑음,단일로 - 기타,승용,남,20세,상해없음,보행자,남,37세,경상
2022092700100047,2022년 9월 27일 06시,화요일,인천광역시 중구 운서동,경상사고,0,0,2,0,차대차 - 추돌,안전운전불이행,건조,맑음,교차로 - 교차로부근,승용,남,34세,상해없음,승용,남,32세,경상
2022092700100114,2022년 9월 27일 08시,화요일,인천광역시 남동구 수산동,경상사고,0,0,2,0,차대차 - 측면충돌,안전거리미확보,건조,맑음,단일로 - 지하차도(도로)내,승용,남,28세,상해없음,승용,여,48세,경상
2022092700100115,2022년 9월 27일 08시,화요일,인천광역시 남동구 만수동,경상사고,0,0,1,0,차대차 - 추돌,안전운전불이행,건조,맑음,교차로 - 교차로부근,화물,남,54세,상해없음,승용,여,54세,경상
2022092700100150,2022년 9월 27일 09시,화요일,인천광역시 서구 가정동,경상사고,0,0,1,0,차대차 - 추돌,안전운전불이행,건조,맑음,기타 - 기타,승용,여,35세,상해없음,승용,남,30세,경상
2022092700100151,2022년 9월 27일 09시,화요일,인천광역시 남동구 고잔동,경상사고,0,0,3,0,차대차 - 측면충돌,신호위반,건조,맑음,교차로 - 교차로안,승용,남,69세,경상,승용,남,69세,경상
2022092700100152,2022년 9월 27일 09시,화요일,인천광역시 부평구 삼산동,경상사고,0,0,1,0,차대차 - 측면충돌,안전거리미확보,건조,맑음,단일로 - 기타,승용,여,52세,상해없음,승용,남,41세,경상
2022092700100243,2022년 9월 27일 12시,화요일,인천광역시 부평구 부개동,경상사고,0,0,2,0,차대차 - 정면충돌,중앙선침범,건조,맑음,교차로 - 교차로횡단보도내,승용,남,59세,상해없음,승용,남,67세,경상
2022092700100334,2022년 9월 27일 15시,화요일,인천광역시 서구 심곡동,중상사고,0,1,0,0,차대사람 - 횡단중,안전운전불이행,건조,맑음,단일로 - 기타,승용,남,71세,상해없음,보행자,여,84세,중상
2022092700100372,2022년 9월 27일 16시,화요일,인천광역시 미추홀구 도화동,부상신고사고,0,0,0,1,차대차 - 측면충돌,안전운전불이행,건조,맑음,교차로 - 교차로부근,자전거,남,12세,부상신고,승용,남,42세,상해없음
2022092700100439,2022년 9월 27일 17시,화요일,인천광역시 서구 청라동,경상사고,0,0,2,0,차대차 - 측면충돌,안전거리미확보,건조,맑음,교차로 - 교차로부근,승용,여,39세,상해없음,승용,여,62세,경상
2022092700100496,2022년 9월 27일 18시,화요일,인천광역시 남동구 구월동,경상사고,0,0,1,0,차대차 - 정면충돌,안전운전불이행,건조,맑음,단일로 - 터널,승용,여,62세,상해없음,승용,여,63세,경상
2022092700100497,2022년 9월 27일 18시,화요일,인천광역시 서구 가좌동,중상사고,0,2,0,0,차대차 - 추돌,안전운전불이행,건조,흐림,단일로 - 기타,승용,남,64세,상해없음,승용,남,43세,중상
2022092700100542,2022년 9월 27일 19시,화요일,인천광역시 미추홀구 주안동,경상사고,0,0,1,0,차대사람 - 횡단중,안전운전불이행,건조,맑음,교차로 - 교차로안,승용,여,53세,상해없음,보행자,여,67세,경상
2022092700100589,2022년 9월 27일 20시,화요일,인천광역시 남동구 간석동,중상사고,0,1,1,0,차대차 - 측면충돌,안전운전불이행,건조,맑음,교차로 - 교차로부근,승용,여,55세,기타불명,화물,여,47세,경상
2022092700100590,2022년 9월 27일 20시,화요일,인천광역시 서구 마전동,경상사고,0,0,1,0,차대차 - 추돌,안전운전불이행,건조,맑음,교차로 - 교차로부근,승용,남,54세,상해없음,승용,남,47세,경상
2022092700100591,2022년 9월 27일 20시,화요일,인천광역시 연수구 동춘동,경상사고,0,0,1,0,차대차 - 추돌,안전운전불이행,건조,맑음,단일로 - 기타,승용,남,50세,상해없음,승용,남,32세,경상
2022092800100013,2022년 9월 28일 00시,수요일,인천광역시 부평구 부평동,경상사고,0,0,1,0,차대차 - 후진중충돌,안전운전불이행,건조,맑음,단일로 - 기타,승용,남,40세,상해없음,이륜,기타불명,미분류,기타불명
2022092800100022,2022년 9월 28일 02시,수요일,인천광역시 부평구 부평동,경상사고,0,0,2,0,차대사람 - 보도통행중,안전운전불이행,기타,기타,단일로 - 기타,승용,남,64세,상해없음,보행자,여,27세,경상
2022092800100076,2022년 9월 28일 07시,수요일,인천광역시 미추홀구 학익동,경상사고,0,0,1,0,차대차 - 추돌,안전운전불이행,건조,맑음,단일로 - 기타,화물,남,58세,상해없음,승용,남,43세,경상
2022092800100123,2022년 9월 28일 08시,수요일,인천광역시 미추홀구 관교동,경상사고,0,0,3,0,차대사람 - 기타,안전운전불이행,건조,맑음,교차로 - 교차로안,승합,여,27세,기타불명,보행자,여,15세,경상
2022092800100124,2022년 9월 28일 08시,수요일,인천광역시 남동구 만수동,경상사고,0,0,1,0,차대차 - 측면충돌,교차로운행방법위반,건조,맑음,단일로 - 기타,승용,남,46세,상해없음,승용,남,78세,경상
2022092800100180,2022년 9월 28일 10시,수요일,인천광역시 남동구 구월동,경상사고,0,0,1,0,차대차 - 기타,안전거리미확보,건조,맑음,단일로 - 기타,승용,여,26세,상해없음,승용,여,27세,경상
2022092800100236,2022년 9월 28일 12시,수요일,인천광역시 미추홀구 용현동,부상신고사고,0,0,0,1,차대사람 - 기타,안전운전불이행,건조,맑음,단일로 - 기타,개인형이동수단(PM),여,20세,기타불명,보행자,남,24세,부상신고
2022092800100237,2022년 9월 28일 12시,수요일,인천광역시 남동구 간석동,부상신고사고,0,0,0,1,차대차 - 기타,안전운전불이행,건조,맑음,단일로 - 기타,승용,남,86세,상해없음,화물,여,66세,부상신고
2022092800100266,2022년 9월 28일 13시,수요일,인천광역시 동구 송림동,부상신고사고,0,0,0,1,차대사람 - 차도통행중,안전운전불이행,건조,맑음,단일로 - 기타,화물,남,65세,상해없음,보행자,여,78세,부상신고
2022092800100267,2022년 9월 28일 13시,수요일,인천광역시 미추홀구 학익동,경상사고,0,0,2,0,차대차 - 측면충돌,신호위반,건조,맑음,교차로 - 교차로안,승용,여,56세,기타불명,승용,남,63세,경상
2022092800100268,2022년 9월 28일 13시,수요일,인천광역시 계양구 임학동,경상사고,0,0,2,0,차대차 - 기타,안전운전불이행,건조,맑음,단일로 - 기타,승용,여,58세,상해없음,승합,남,61세,경상
2022092800100340,2022년 9월 28일 15시,수요일,인천광역시 남동구 고잔동,경상사고,0,0,1,0,차대차 - 측면충돌,안전거리미확보,건조,맑음,단일로 - 기타,특수,남,70세,상해없음,화물,남,36세,경상
2022092800100383,2022년 9월 28일 16시,수요일,인천광역시 서구 신현동,경상사고,0,0,1,0,차대사람 - 길가장자리구역통행중,안전운전불이행,건조,맑음,단일로 - 기타,승용,남,64세,상해없음,보행자,여,16세,경상
2022092800100428,2022년 9월 28일 17시,수요일,인천광역시 미추홀구 용현동,경상사고,0,0,2,0,차대차 - 추돌,안전운전불이행,건조,맑음,교차로 - 교차로부근,승용,남,77세,상해없음,화물,남,36세,경상
2022092800100515,2022년 9월 28일 19시,수요일,인천광역시 중구 신흥동3가,경상사고,0,0,1,0,차대차 - 추돌,안전운전불이행,기타,비,교차로 - 교차로부근,승용,남,54세,상해없음,승용,남,36세,경상
2022092800100516,2022년 9월 28일 19시,수요일,인천광역시 미추홀구 문학동,중상사고,0,1,0,0,차대차 - 추돌,안전운전불이행,건조,맑음,단일로 - 기타,승용,여,38세,상해없음,승용,남,49세,중상
2022092800100517,2022년 9월 28일 19시,수요일,인천광역시 남동구 구월동,경상사고,0,0,1,0,차대사람 - 횡단중,안전운전불이행,건조,맑음,단일로 - 기타,승용,남,59세,상해없음,보행자,여,23세,경상
2022092800100518,2022년 9월 28일 19시,수요일,인천광역시 남동구 만수동,부상신고사고,0,0,0,1,차대사람 - 길가장자리구역통행중,안전운전불이행,건조,맑음,단일로 - 기타,승용,남,74세,상해없음,보행자,남,32세,부상신고
2022092800100519,2022년 9월 28일 19시,수요일,인천광역시 계양구 작전동,경상사고,0,0,2,0,차대차 - 측면충돌,교차로운행방법위반,건조,맑음,교차로 - 교차로안,승용,남,49세,상해없음,승용,남,29세,경상
2022092800100545,2022년 9월 28일 20시,수요일,인천광역시 강화군 강화읍,중상사고,0,1,0,0,차대사람 - 횡단중,보행자보호의무위반,건조,맑음,교차로 - 교차로부근,화물,남,70세,상해없음,보행자,여,72세,중상
2022092800100546,2022년 9월 28일 20시,수요일,인천광역시 남동구 도림동,경상사고,0,0,2,0,차대차 - 추돌,안전운전불이행,건조,맑음,단일로 - 기타,승용,남,35세,상해없음,승용,여,44세,경상
2022092900100041,2022년 9월 29일 05시,목요일,인천광역시 부평구 일신동,경상사고,0,0,1,0,차대차 - 추돌,안전거리미확보,건조,맑음,단일로 - 기타,화물,남,65세,상해없음,화물,남,41세,경상
2022092900100042,2022년 9월 29일 05시,목요일,인천광역시 남동구 남촌동,부상신고사고,0,0,0,10,차대차 - 추돌,안전운전불이행,건조,맑음,단일로 - 기타,승용,남,45세,상해없음,승합,남,62세,부상신고
2022092900100079,2022년 9월 29일 07시,목요일,인천광역시 서구 오류동,경상사고,0,0,1,0,차대차 - 추돌,안전운전불이행,건조,맑음,단일로 - 기타,승용,남,29세,상해없음,승용,여,32세,경상
2022092900100121,2022년 9월 29일 08시,목요일,인천광역시 연수구 옥련동,경상사고,0,0,1,0,차대차 - 측면충돌,안전운전불이행,건조,맑음,교차로 - 교차로안,건설기계,남,37세,상해없음,승용,여,37세,경상
2022092900100160,2022년 9월 29일 09시,목요일,인천광역시 중구 신흥동3가,경상사고,0,0,1,0,차대차 - 정면충돌,안전운전불이행,건조,맑음,교차로 - 교차로안,승합,남,55세,상해없음,승용,남,27세,경상
2022092900100222,2022년 9월 29일 11시,목요일,인천광역시 서구 경서동,경상사고,0,0,1,0,차대차 - 기타,신호위반,건조,맑음,기타 - 기타,승용,남,55세,상해없음,승용,남,50세,경상
2022092900100223,2022년 9월 29일 11시,목요일,인천광역시 연수구 청학동,경상사고,0,0,1,0,차대차 - 측면충돌,안전운전불이행,건조,맑음,단일로 - 기타,승용,여,47세,상해없음,이륜,남,28세,경상
2022092900100287,2022년 9월 29일 13시,목요일,인천광역시 중구 항동7가,경상사고,0,0,1,0,차대차 - 측면충돌,신호위반,건조,맑음,교차로 - 교차로안,특수,남,58세,상해없음,승용,남,44세,경상
2022092900100327,2022년 9월 29일 14시,목요일,인천광역시 미추홀구 용현동,경상사고,0,0,1,0,차대차 - 후진중충돌,안전운전불이행,건조,맑음,주차장 - 주차장,승용,여,40세,상해없음,승용,남,39세,경상
2022092900100328,2022년 9월 29일 14시,목요일,인천광역시 남동구 구월동,부상신고사고,0,0,0,1,차대차 - 기타,안전운전불이행,건조,맑음,교차로 - 교차로안,승용,남,63세,상해없음,승용,남,61세,상해없음
2022092900100329,2022년 9월 29일 14시,목요일,인천광역시 남동구 논현동,경상사고,0,0,1,0,차대차 - 기타,안전운전불이행,건조,맑음,교차로 - 교차로안,승용,여,45세,상해없음,승용,남,40세,경상
2022092900100375,2022년 9월 29일 15시,목요일,인천광역시 남동구 간석동,경상사고,0,0,1,0,차대차 - 측면충돌,안전운전불이행,건조,맑음,교차로 - 교차로부근,승용,남,27세,기타불명,이륜,남,29세,경상
2022092900100376,2022년 9월 29일 15시,목요일,인천광역시 연수구 송도동,경상사고,0,0,1,0,차대사람 - 차도통행중,안전운전불이행,건조,맑음,단일로 - 지하차도(도로)내,승용,남,25세,상해없음,보행자,남,41세,경상
2022092900100419,2022년 9월 29일 16시,목요일,인천광역시 남동구 간석동,경상사고,0,0,1,0,차대차 - 측면충돌,안전거리미확보,건조,맑음,단일로 - 기타,승용,남,51세,상해없음,승용,남,30세,경상
2022092900100463,2022년 9월 29일 17시,목요일,인천광역시 서구 신현동,부상신고사고,0,0,0,1,차대사람 - 길가장자리구역통행중,안전운전불이행,건조,맑음,단일로 - 기타,승용,남,40세,상해없음,보행자,여,10세,부상신고
2022092900100464,2022년 9월 29일 17시,목요일,인천광역시 중구 중산동,경상사고,0,0,1,0,차대차 - 추돌,안전운전불이행,건조,맑음,단일로 - 기타,승용,남,47세,상해없음,화물,남,63세,경상
2022092900100543,2022년 9월 29일 19시,목요일,인천광역시 중구 을왕동,중상사고,0,1,0,0,차대차 - 추돌,안전운전불이행,건조,맑음,교차로 - 교차로부근,승용,남,31세,상해없음,이륜,남,37세,중상
2022092900100595,2022년 9월 29일 21시,목요일,인천광역시 서구 불로동,경상사고,0,0,1,0,차대차 - 추돌,안전운전불이행,건조,맑음,교차로 - 교차로부근,승용,남,21세,상해없음,승용,여,43세,경상
2022092900100596,2022년 9월 29일 21시,목요일,인천광역시 남동구 논현동,경상사고,0,0,1,0,차대사람 - 기타,안전운전불이행,건조,맑음,단일로 - 기타,자전거,남,51세,상해없음,보행자,여,60세,경상
2022092900100631,2022년 9월 29일 23시,목요일,인천광역시 남동구 남촌동,중상사고,0,1,1,0,차대차 - 추돌,기타,건조,흐림,교차로 - 교차로부근,이륜,남,39세,중상,승용,남,68세,경상
2022093000100045,2022년 9월 30일 03시,금요일,인천광역시 서구 가정동,중상사고,0,1,1,0,차대차 - 기타,안전운전불이행,건조,맑음,단일로 - 지하차도(도로)내,승용,남,59세,상해없음,이륜,남,20세,중상
2022093000100129,2022년 9월 30일 08시,금요일,인천광역시 연수구 송도동,경상사고,0,0,1,0,차대차 - 측면충돌,신호위반,건조,맑음,교차로 - 교차로안,승용,여,35세,상해없음,승용,여,47세,경상
2022093000100222,2022년 9월 30일 11시,금요일,인천광역시 서구 왕길동,중상사고,0,1,0,0,차대차 - 측면충돌,신호위반,건조,맑음,교차로 - 교차로안,이륜,남,45세,중상,승용,남,59세,상해없음
2022093000100223,2022년 9월 30일 11시,금요일,인천광역시 서구 가좌동,경상사고,0,0,1,0,차대차 - 추돌,안전거리미확보,건조,맑음,교차로 - 교차로부근,승용,남,59세,기타불명,승용,남,63세,경상
2022093000100256,2022년 9월 30일 12시,금요일,인천광역시 미추홀구 주안동,중상사고,0,1,0,0,차대사람 - 횡단중,보행자보호의무위반,건조,맑음,교차로 - 교차로횡단보도내,승용,여,50세,상해없음,보행자,여,85세,중상
2022093000100257,2022년 9월 30일 12시,금요일,인천광역시 서구 청라동,중상사고,0,1,0,0,차대차 - 기타,안전운전불이행,건조,맑음,교차로 - 교차로횡단보도내,승용,남,44세,상해없음,자전거,여,65세,중상
2022093000100327,2022년 9월 30일 14시,금요일,인천광역시 미추홀구 용현동,경상사고,0,0,1,0,차대차 - 측면충돌,신호위반,건조,맑음,단일로 - 기타,승용,여,26세,기타불명,승용,남,61세,경상
2022093000100365,2022년 9월 30일 15시,금요일,인천광역시 미추홀구 도화동,경상사고,0,0,2,0,차대차 - 측면충돌,안전운전불이행,건조,맑음,교차로 - 교차로안,승용,남,66세,상해없음,승용,여,43세,경상
2022093000100412,2022년 9월 30일 16시,금요일,인천광역시 남동구 논현동,경상사고,0,0,1,0,차대사람 - 횡단중,안전운전불이행,건조,맑음,단일로 - 기타,승용,여,42세,상해없음,보행자,남,3세,경상
2022093000100480,2022년 9월 30일 17시,금요일,인천광역시 미추홀구 도화동,부상신고사고,0,0,0,1,차대사람 - 횡단중,안전운전불이행,건조,맑음,단일로 - 기타,개인형이동수단(PM),여,13세,상해없음,보행자,여,2세,부상신고
2022093000100481,2022년 9월 30일 17시,금요일,인천광역시 미추홀구 주안동,중상사고,0,1,0,0,차량단독 - 기타,안전운전불이행,건조,맑음,단일로 - 기타,승합,남,64세,기타불명,,,,
2022093000100482,2022년 9월 30일 17시,금요일,인천광역시 미추홀구 문학동,경상사고,0,0,1,0,차대차 - 측면충돌,안전운전불이행,건조,맑음,교차로 - 교차로부근,승용,여,54세,상해없음,승용,남,43세,경상
2022093000100543,2022년 9월 30일 18시,금요일,인천광역시 동구 송림동,경상사고,0,0,1,0,차대차 - 측면충돌,안전운전불이행,건조,맑음,단일로 - 기타,승용,여,48세,상해없음,승용,남,46세,경상
2022093000100544,2022년 9월 30일 18시,금요일,인천광역시 서구 가좌동,경상사고,0,0,1,0,차대차 - 측면충돌,안전거리미확보,건조,맑음,교차로 - 교차로안,화물,남,44세,상해없음,승용,남,35세,경상
2022093000100545,2022년 9월 30일 18시,금요일,인천광역시 부평구 부평동,경상사고,0,0,1,0,차대차 - 측면충돌,안전운전불이행,건조,맑음,교차로 - 교차로안,승용,여,39세,상해없음,승용,여,43세,경상
2022093000100626,2022년 9월 30일 20시,금요일,인천광역시 중구 운서동,경상사고,0,0,1,0,차대차 - 정면충돌,안전운전불이행,건조,맑음,단일로 - 기타,이륜,남,39세,상해없음,자전거,남,38세,경상
2022093000100627,2022년 9월 30일 20시,금요일,인천광역시 서구 가정동,경상사고,0,0,1,0,차대차 - 정면충돌,신호위반,건조,맑음,교차로 - 교차로안,승용,남,81세,상해없음,승용,여,33세,경상
2022093000100628,2022년 9월 30일 20시,금요일,인천광역시 서구 청라동,경상사고,0,0,3,0,차대차 - 기타,안전운전불이행,건조,맑음,교차로 - 교차로안,승용,여,50세,경상,이륜,남,63세,경상
2022093000100629,2022년 9월 30일 20시,금요일,인천광역시 연수구 연수동,중상사고,0,1,0,0,차대차 - 측면충돌,중앙선침범,건조,맑음,단일로 - 기타,승용,남,41세,상해없음,이륜,남,39세,중상
2022093000100630,2022년 9월 30일 20시,금요일,인천광역시 부평구 삼산동,경상사고,0,0,1,0,차대차 - 측면충돌,안전거리미확보,건조,맑음,단일로 - 기타,화물,남,44세,상해없음,화물,남,37세,경상
2022093000100650,2022년 9월 30일 21시,금요일,인천광역시 연수구 송도동,경상사고,0,0,1,0,차대차 - 측면충돌,신호위반,건조,흐림,교차로 - 교차로부근,승용,남,47세,상해없음,승용,여,31세,경상
2022093000100651,2022년 9월 30일 21시,금요일,인천광역시 남동구 남촌동,경상사고,0,0,1,0,차대차 - 측면충돌,교차로운행방법위반,건조,흐림,교차로 - 교차로안,화물,남,66세,상해없음,승용,여,51세,경상
2022093000100697,2022년 9월 30일 23시,금요일,인천광역시 동구 송현동,경상사고,0,0,2,0,차대차 - 측면충돌,안전거리미확보,건조,맑음,교차로 - 교차로부근,화물,남,50세,기타불명,승용,남,51세,경상
2022093000100698,2022년 9월 30일 23시,금요일,인천광역시 연수구 옥련동,경상사고,0,0,2,0,차대차 - 추돌,안전운전불이행,건조,맑음,교차로 - 교차로부근,화물,남,28세,상해없음,승용,남,83세,경상
2022100100100013,2022년 10월 1일 00시,토요일,인천광역시 서구 청라동,경상사고,0,0,1,0,차량단독 - 기타,안전운전불이행,건조,맑음,기타 - 기타,승용,여,28세,상해없음,,,,
2022100100100029,2022년 10월 1일 01시,토요일,인천광역시 부평구 부평동,경상사고,0,0,1,0,차대차 - 추돌,안전운전불이행,건조,맑음,교차로 - 교차로부근,승용,남,38세,상해없음,승용,남,59세,상해없음
2022100100100030,2022년 10월 1일 01시,토요일,인천광역시 남동구 논현동,경상사고,0,0,1,0,차대차 - 기타,중앙선침범,건조,맑음,교차로 - 교차로안,화물,남,57세,상해없음,승용,남,57세,경상
2022100100100042,2022년 10월 1일 02시,토요일,인천광역시 남동구 구월동,부상신고사고,0,0,0,1,차량단독 - 기타,안전운전불이행,건조,맑음,교차로 - 교차로안,개인형이동수단(PM),남,40세,부상신고,,,,
2022100100100112,2022년 10월 1일 07시,토요일,인천광역시 미추홀구 숭의동,경상사고,0,0,1,0,차대차 - 측면충돌,중앙선침범,건조,맑음,단일로 - 기타,승용,남,73세,상해없음,화물,남,62세,경상
2022100100100113,2022년 10월 1일 07시,토요일,인천광역시 서구 가좌동,경상사고,0,0,1,0,차대사람 - 횡단중,보행자보호의무위반,건조,맑음,교차로 - 교차로횡단보도내,승용,남,34세,상해없음,보행자,여,26세,경상
2022100100100114,2022년 10월 1일 07시,토요일,인천광역시 연수구 송도동,경상사고,0,0,1,0,차대차 - 추돌,안전운전불이행,건조,맑음,주차장 - 주차장,승용,여,55세,상해없음,승용,남,54세,경상
2022100100100161,2022년 10월 1일 09시,토요일,인천광역시 강화군 강화읍,경상사고,0,0,1,0,차대사람 - 기타,안전운전불이행,건조,맑음,단일로 - 기타,승용,여,52세,상해없음,보행자,여,74세,경상
2022100100100199,2022년 10월 1일 10시,토요일,인천광역시 남동구 간석동,경상사고,0,0,1,0,차대차 - 기타,안전운전불이행,건조,맑음,단일로 - 기타,기타불명,기타불명,미분류,기타불명,자전거,남,13세,경상