사고번호,사고일시,요일,시군구,사고내용,사망자수,중상자수,경상자수,부상신고자수,사고유형,법규위반,노면상태,기상상태,도로형태,가해운전자 차종,가해운전자 성별,가해운전자 연령,가해운전자 상해정도,피해운전자 차종,피해운전자 성별,피해운전자 연령,피해운전자 상해정도
2022101700100594,2022년 10월 17일 18시,월요일,인천광역시 서구 가정동,중상사고,0,1,0,0,차대사람 - 차도통행중,기타,건조,맑음,단일로 - 기타,승용,남,73세,상해없음,보행자,남,50세,중상
2022101700100595,2022년 10월 17일 18시,월요일,인천광역시 서구 왕길동,부상신고사고,0,0,0,1,차량단독 - 기타,기타,건조,맑음,단일로 - 기타,승합,남,61세,상해없음,,,,
2022101700100596,2022년 10월 17일 18시,월요일,인천광역시 연수구 선학동,중상사고,0,1,0,0,차대차 - 기타,안전운전불이행,건조,흐림,교차로 - 교차로횡단보도내,기타불명,기타불명,미분류,기타불명,자전거,남,64세,중상
2022101700100597,2022년 10월 17일 18시,월요일,인천광역시 부평구 부평동,경상사고,0,0,1,0,차대차 - 기타,안전운전불이행,기타,기타,단일로 - 기타,승합,남,63세,상해없음,승용,남,37세,경상
2022101700100633,2022년 10월 17일 19시,월요일,인천광역시 강화군 강화읍,경상사고,0,0,2,0,차대차 - 측면충돌,안전거리미확보,건조,맑음,교차로 - 교차로안,승합,남,66세,상해없음,승용,남,23세,경상
2022101700100663,2022년 10월 17일 20시,월요일,인천광역시 부평구 구산동,중상사고,0,1,0,0,차대차 - 정면충돌,신호위반,건조,맑음,단일로 - 기타,화물,남,55세,상해없음,이륜,남,47세,중상
2022101700100684,2022년 10월 17일 21시,월요일,인천광역시 미추홀구 용현동,경상사고,0,0,1,0,차대차 - 측면충돌,안전운전불이행,건조,맑음,교차로 - 교차로부근,승용,남,30세,상해없음,승용,남,42세,경상
2022101700100707,2022년 10월 17일 22시,월요일,인천광역시 미추홀구 문학동,경상사고,0,0,3,0,차대차 - 추돌,안전운전불이행,건조,맑음,단일로 - 기타,승용,남,39세,상해없음,승용,남,39세,경상
2022101800100018,2022년 10월 18일 02시,화요일,인천광역시 남동구 간석동,경상사고,0,0,1,0,차대차 - 정면충돌,신호위반,건조,맑음,교차로 - 교차로안,승용,남,32세,상해없음,승용,여,39세,경상
2022101800100019,2022년 10월 18일 02시,화요일,인천광역시 연수구 선학동,중상사고,0,1,0,0,차대차 - 측면충돌,신호위반,건조,맑음,교차로 - 교차로안,승합,남,56세,기타불명,승합,남,69세,중상
2022101800100044,2022년 10월 18일 06시,화요일,인천광역시 서구 오류동,경상사고,0,0,1,0,차대차 - 측면충돌,교차로운행방법위반,건조,맑음,교차로 - 교차로부근,화물,남,47세,상해없음,승용,여,43세,경상
2022101800100045,2022년 10월 18일 06시,화요일,인천광역시 남동구 수산동,경상사고,0,0,1,0,차대차 - 추돌,안전운전불이행,건조,맑음,교차로 - 교차로부근,승용,남,27세,상해없음,승용,남,37세,경상
2022101800100121,2022년 10월 18일 08시,화요일,인천광역시 남동구 간석동,경상사고,0,0,2,0,차대차 - 측면충돌,안전거리미확보,건조,맑음,교차로 - 교차로안,승용,남,55세,경상,화물,남,39세,경상
2022101800100122,2022년 10월 18일 08시,화요일,인천광역시 서구 연희동,경상사고,0,0,1,0,차대사람 - 차도통행중,안전운전불이행,건조,맑음,교차로 - 교차로안,승용,여,61세,상해없음,보행자,여,16세,경상
2022101800100123,2022년 10월 18일 08시,화요일,인천광역시 강화군 강화읍,경상사고,0,0,6,0,차대차 - 측면충돌,안전운전불이행,건조,맑음,단일로 - 지하차도(도로)내,승용,여,48세,상해없음,승용,여,46세,경상
2022101800100164,2022년 10월 18일 09시,화요일,인천광역시 부평구 부평동,경상사고,0,0,1,0,차대차 - 측면충돌,신호위반,건조,맑음,교차로 - 교차로횡단보도내,승용,여,42세,상해없음,자전거,남,74세,경상
2022101800100165,2022년 10월 18일 09시,화요일,인천광역시 연수구 동춘동,중상사고,0,1,1,0,차대차 - 측면충돌,안전거리미확보,건조,맑음,교차로 - 교차로부근,승용,남,57세,경상,특수,남,61세,중상
2022101800100166,2022년 10월 18일 09시,화요일,인천광역시 남동구 고잔동,경상사고,0,0,1,0,차대차 - 후진중충돌,안전운전불이행,건조,맑음,단일로 - 기타,승용,남,60세,상해없음,화물,남,32세,경상
2022101800100187,2022년 10월 18일 10시,화요일,인천광역시 남동구 구월동,경상사고,0,0,2,0,차대차 - 측면충돌,안전운전불이행,건조,맑음,교차로 - 교차로안,승용,여,51세,경상,승용,남,45세,경상
2022101800100188,2022년 10월 18일 10시,화요일,인천광역시 서구 원당동,경상사고,0,0,1,0,차대차 - 측면충돌,기타,건조,맑음,단일로 - 기타,건설기계,남,49세,상해없음,승용,여,34세,경상
2022101800100189,2022년 10월 18일 10시,화요일,인천광역시 강화군 화도면,경상사고,0,0,1,0,차대차 - 측면충돌,교차로운행방법위반,건조,맑음,교차로 - 교차로안,승용,남,60세,상해없음,승용,남,79세,경상
2022101800100216,2022년 10월 18일 11시,화요일,인천광역시 연수구 동춘동,경상사고,0,0,1,0,차대차 - 추돌,안전운전불이행,건조,맑음,교차로 - 교차로부근,승용,여,41세,상해없음,이륜,남,21세,경상
2022101800100300,2022년 10월 18일 13시,화요일,인천광역시 남동구 구월동,경상사고,0,0,1,0,차대사람 - 차도통행중,안전운전불이행,건조,맑음,단일로 - 기타,승용,남,57세,상해없음,보행자,여,34세,경상
2022101800100349,2022년 10월 18일 14시,화요일,인천광역시 미추홀구 주안동,경상사고,0,0,1,0,차대차 - 기타,기타,건조,맑음,단일로 - 기타,승용,남,52세,상해없음,이륜,남,36세,경상
2022101800100350,2022년 10월 18일 14시,화요일,인천광역시 부평구 부평동,경상사고,0,0,1,0,차대차 - 추돌,안전운전불이행,건조,맑음,교차로 - 교차로부근,승용,남,66세,상해없음,승용,남,39세,경상
2022101800100396,2022년 10월 18일 15시,화요일,인천광역시 부평구 부평동,경상사고,0,0,2,0,차대차 - 기타,안전운전불이행,건조,맑음,교차로 - 교차로부근,승용,남,68세,상해없음,승용,남,62세,경상
2022101800100446,2022년 10월 18일 16시,화요일,인천광역시 부평구 청천동,경상사고,0,0,1,0,차대차 - 기타,안전운전불이행,건조,맑음,교차로 - 교차로안,승용,남,52세,상해없음,이륜,남,31세,경상
2022101800100485,2022년 10월 18일 17시,화요일,인천광역시 연수구 송도동,경상사고,0,0,1,0,차대차 - 측면충돌,안전거리미확보,건조,맑음,단일로 - 기타,승용,남,67세,기타불명,승용,여,52세,경상
2022101800100538,2022년 10월 18일 18시,화요일,인천광역시 남동구 간석동,경상사고,0,0,1,0,차대사람 - 횡단중,안전운전불이행,건조,맑음,교차로 - 교차로안,승용,여,70세,상해없음,보행자,여,10세,경상
2022101800100539,2022년 10월 18일 18시,화요일,인천광역시 남동구 구월동,경상사고,0,0,5,0,차대차 - 후진중충돌,안전운전불이행,건조,맑음,단일로 - 기타,승용,남,56세,경상,승용,남,79세,경상
2022101800100540,2022년 10월 18일 18시,화요일,인천광역시 남동구 장수동,경상사고,0,0,3,0,차대차 - 측면충돌,안전거리미확보,건조,맑음,단일로 - 지하차도(도로)내,승용,남,38세,상해없음,승합,남,56세,경상
2022101800100586,2022년 10월 18일 19시,화요일,인천광역시 중구 신흥동3가,경상사고,0,0,1,0,차대차 - 측면충돌,안전운전불이행,건조,맑음,단일로 - 기타,화물,남,59세,상해없음,승용,남,36세,경상
2022101800100587,2022년 10월 18일 19시,화요일,인천광역시 남동구 간석동,중상사고,0,1,1,0,차대차 - 측면충돌,안전운전불이행,건조,맑음,교차로 - 교차로안,자전거,남,61세,경상,원동기,남,45세,중상
2022101900100014,2022년 10월 19일 01시,수요일,인천광역시 서구 가좌동,경상사고,0,0,1,0,차대차 - 기타,안전운전불이행,건조,맑음,기타 - 기타,승용,남,39세,상해없음,화물,남,31세,경상
2022101900100021,2022년 10월 19일 04시,수요일,인천광역시 서구 석남동,경상사고,0,0,1,0,차대차 - 정면충돌,안전운전불이행,건조,맑음,교차로 - 교차로부근,승용,남,24세,상해없음,승용,여,59세,경상
2022101900100029,2022년 10월 19일 05시,수요일,인천광역시 서구 마전동,경상사고,0,0,1,0,차량단독 - 공작물충돌,안전운전불이행,건조,맑음,단일로 - 기타,승용,남,61세,상해없음,,,,
2022101900100044,2022년 10월 19일 06시,수요일,인천광역시 강화군 하점면,경상사고,0,0,1,0,차대사람 - 기타,안전운전불이행,건조,흐림,단일로 - 기타,승용,남,75세,상해없음,보행자,여,58세,경상
2022101900100045,2022년 10월 19일 06시,수요일,인천광역시 계양구 귤현동,중상사고,0,1,0,0,차대차 - 기타,안전거리미확보,건조,맑음,단일로 - 기타,승용,남,57세,상해없음,승용,여,34세,중상
2022101900100127,2022년 10월 19일 08시,수요일,인천광역시 중구 운남동,경상사고,0,0,1,0,차대차 - 정면충돌,중앙선침범,건조,맑음,단일로 - 지하차도(도로)내,자전거,남,13세,상해없음,승용,여,45세,경상
2022101900100163,2022년 10월 19일 09시,수요일,인천광역시 미추홀구 주안동,중상사고,0,1,0,0,차대차 - 추돌,안전운전불이행,건조,맑음,교차로 - 교차로부근,승용,남,56세,상해없음,승용,남,47세,중상
2022101900100164,2022년 10월 19일 09시,수요일,인천광역시 부평구 부평동,경상사고,0,0,2,0,차대차 - 측면충돌,안전운전불이행,건조,맑음,단일로 - 기타,승용,남,65세,상해없음,승용,남,24세,경상
2022101900100165,2022년 10월 19일 09시,수요일,인천광역시 남동구 수산동,경상사고,0,0,1,0,차대차 - 추돌,안전거리미확보,건조,맑음,단일로 - 교량,화물,남,53세,상해없음,승용,남,45세,경상
2022101900100233,2022년 10월 19일 11시,수요일,인천광역시 미추홀구 주안동,경상사고,0,0,1,0,차대차 - 측면충돌,직진우회전진행방해,건조,맑음,단일로 - 기타,승용,남,63세,상해없음,이륜,남,37세,경상
2022101900100266,2022년 10월 19일 12시,수요일,인천광역시 부평구 청천동,중상사고,0,1,0,0,차대차 - 측면충돌,신호위반,건조,맑음,교차로 - 교차로안,승용,여,62세,상해없음,이륜,남,50세,중상
2022101900100342,2022년 10월 19일 14시,수요일,인천광역시 중구 북성동1가,경상사고,0,0,3,0,차대차 - 측면충돌,안전운전불이행,건조,맑음,교차로 - 교차로안,승용,여,27세,상해없음,승용,남,70세,경상
2022101900100343,2022년 10월 19일 14시,수요일,인천광역시 서구 청라동,경상사고,0,0,1,0,차대차 - 추돌,안전운전불이행,건조,맑음,교차로 - 교차로부근,승용,여,30세,상해없음,승용,남,27세,경상
2022101900100421,2022년 10월 19일 16시,수요일,인천광역시 중구 항동7가,경상사고,0,0,1,0,차대차 - 측면충돌,안전운전불이행,건조,맑음,교차로 - 교차로부근,승용,여,68세,상해없음,승용,남,68세,경상
2022101900100422,2022년 10월 19일 16시,수요일,인천광역시 부평구 산곡동,경상사고,0,0,1,0,차대차 - 측면충돌,안전운전불이행,건조,맑음,교차로 - 교차로안,승용,여,36세,상해없음,승용,남,53세,경상
2022101900100462,2022년 10월 19일 17시,수요일,인천광역시 중구 중산동,경상사고,0,0,1,0,차대차 - 측면충돌,안전운전불이행,건조,맑음,교차로 - 교차로안,승용,여,61세,기타불명,자전거,남,18세,경상
2022101900100463,2022년 10월 19일 17시,수요일,인천광역시 부평구 청천동,경상사고,0,0,1,0,차대차 - 추돌,안전운전불이행,건조,맑음,교차로 - 교차로부근,승용,남,27세,상해없음,승용,여,32세,경상
2022101900100464,2022년 10월 19일 17시,수요일,인천광역시 부평구 부평동,경상사고,0,0,1,0,차대차 - 측면충돌,안전운전불이행,건조,맑음,단일로 - 기타,승용,여,26세,상해없음,승용,남,44세,경상
2022101900100465,2022년 10월 19일 17시,수요일,인천광역시 계양구 장기동,경상사고,0,0,1,0,차대차 - 측면충돌,교차로운행방법위반,건조,맑음,교차로 - 교차로부근,승용,남,61세,기타불명,승용,여,34세,경상
2022101900100525,2022년 10월 19일 18시,수요일,인천광역시 부평구 십정동,경상사고,0,0,1,0,차대차 - 측면충돌,안전운전불이행,건조,맑음,단일로 - 기타,이륜,남,19세,상해없음,승용,남,66세,경상
2022101900100526,2022년 10월 19일 18시,수요일,인천광역시 연수구 동춘동,경상사고,0,0,1,0,차대차 - 측면충돌,신호위반,건조,맑음,단일로 - 고가도로위,승용,남,27세,상해없음,승용,남,25세,경상
2022101900100629,2022년 10월 19일 21시,수요일,인천광역시 남동구 장수동,경상사고,0,0,1,0,차대차 - 추돌,안전거리미확보,건조,맑음,단일로 - 교량,승용,남,22세,상해없음,승용,여,49세,경상
2022102000100013,2022년 10월 20일 00시,목요일,인천광역시 서구 경서동,경상사고,0,0,2,0,차대차 - 추돌,신호위반,건조,맑음,교차로 - 교차로안,승용,남,33세,상해없음,승용,남,55세,경상
2022102000100076,2022년 10월 20일 07시,목요일,인천광역시 미추홀구 용현동,경상사고,0,0,1,0,차대차 - 측면충돌,안전거리미확보,건조,맑음,단일로 - 기타,승용,남,55세,상해없음,특수,남,49세,경상
2022102000100124,2022년 10월 20일 08시,목요일,인천광역시 남동구 만수동,경상사고,0,0,1,0,차대사람 - 기타,안전운전불이행,건조,맑음,단일로 - 기타,승용,여,48세,상해없음,보행자,남,8세,경상
2022102000100169,2022년 10월 20일 09시,목요일,인천광역시 미추홀구 주안동,경상사고,0,0,1,0,차대차 - 후진중충돌,안전운전불이행,건조,맑음,단일로 - 기타,승합,남,69세,상해없음,승용,여,53세,경상
2022102000100170,2022년 10월 20일 09시,목요일,인천광역시 남동구 간석동,경상사고,0,0,1,0,차대차 - 측면충돌,차로위반,건조,맑음,단일로 - 고가도로위,승용,여,50세,상해없음,승용,여,27세,경상
2022102000100171,2022년 10월 20일 09시,목요일,인천광역시 서구 공촌동,경상사고,0,0,2,0,차대사람 - 기타,안전운전불이행,건조,맑음,단일로 - 기타,승용,여,56세,상해없음,보행자,여,70세,경상
2022102000100172,2022년 10월 20일 09시,목요일,인천광역시 남동구 서창동,경상사고,0,0,1,0,차대차 - 측면충돌,안전운전불이행,건조,맑음,교차로 - 교차로부근,승용,남,53세,상해없음,자전거,여,41세,경상
2022102000100204,2022년 10월 20일 10시,목요일,인천광역시 미추홀구 학익동,경상사고,0,0,1,0,차대사람 - 횡단중,교차로운행방법위반,건조,맑음,교차로 - 교차로안,승용,남,38세,상해없음,보행자,여,54세,경상
2022102000100205,2022년 10월 20일 10시,목요일,인천광역시 계양구 효성동,경상사고,0,0,1,0,차대사람 - 보도통행중,보행자보호의무위반,건조,맑음,교차로 - 교차로횡단보도내,화물,남,49세,상해없음,보행자,여,40세,경상
2022102000100233,2022년 10월 20일 11시,목요일,인천광역시 미추홀구 주안동,경상사고,0,0,1,0,차대차 - 후진중충돌,안전운전불이행,건조,맑음,단일로 - 기타,승용,남,47세,상해없음,승용,여,41세,경상
2022102000100234,2022년 10월 20일 11시,목요일,인천광역시 연수구 송도동,경상사고,0,0,2,0,차대차 - 측면충돌,교차로운행방법위반,건조,맑음,교차로 - 교차로안,이륜,남,34세,경상,승용,여,42세,경상
2022102000100269,2022년 10월 20일 12시,목요일,인천광역시 남동구 구월동,경상사고,0,0,1,0,차대사람 - 보도통행중,안전운전불이행,건조,맑음,기타 - 기타,기타불명,기타불명,미분류,기타불명,보행자,여,82세,경상
2022102000100312,2022년 10월 20일 13시,목요일,인천광역시 서구 경서동,중상사고,0,1,2,0,차대차 - 추돌,안전거리미확보,건조,맑음,단일로 - 기타,화물,남,55세,상해없음,승용,여,33세,경상
2022102000100352,2022년 10월 20일 14시,목요일,인천광역시 미추홀구 용현동,경상사고,0,0,1,0,차대차 - 측면충돌,안전거리미확보,건조,맑음,교차로 - 교차로부근,승용,남,57세,상해없음,승용,남,22세,경상
2022102000100353,2022년 10월 20일 14시,목요일,인천광역시 서구 석남동,경상사고,0,0,1,0,차대사람 - 기타,안전운전불이행,건조,맑음,기타 - 기타,승용,여,56세,상해없음,보행자,여,64세,경상
2022102000100404,2022년 10월 20일 15시,목요일,인천광역시 남동구 논현동,경상사고,0,0,2,0,차대차 - 측면충돌,교차로운행방법위반,건조,맑음,교차로 - 교차로안,특수,남,64세,상해없음,화물,남,45세,경상
2022102000100443,2022년 10월 20일 16시,목요일,인천광역시 서구 가좌동,경상사고,0,0,1,0,차대차 - 추돌,안전거리미확보,건조,맑음,단일로 - 기타,이륜,남,16세,경상,이륜,남,54세,상해없음
2022102000100492,2022년 10월 20일 17시,목요일,인천광역시 남동구 간석동,경상사고,0,0,1,0,차대차 - 추돌,안전운전불이행,건조,맑음,교차로 - 교차로부근,자전거,남,14세,경상,승용,남,57세,상해없음
2022102000100493,2022년 10월 20일 17시,목요일,인천광역시 서구 청라동,부상신고사고,0,0,0,1,차대차 - 측면충돌,안전운전불이행,건조,맑음,교차로 - 교차로횡단보도내,승용,여,25세,상해없음,자전거,여,11세,부상신고
2022102000100494,2022년 10월 20일 17시,목요일,인천광역시 부평구 부평동,경상사고,0,0,1,0,차대사람 - 기타,안전운전불이행,건조,맑음,단일로 - 기타,자전거,남,63세,상해없음,보행자,여,66세,경상
2022102000100495,2022년 10월 20일 17시,목요일,인천광역시 남동구 만수동,경상사고,0,0,1,0,차대사람 - 횡단중,안전운전불이행,건조,맑음,단일로 - 기타,이륜,남,34세,상해없음,보행자,여,31세,경상
2022102000100546,2022년 10월 20일 18시,목요일,인천광역시 중구 운서동,경상사고,0,0,1,0,차대차 - 정면충돌,안전운전불이행,건조,맑음,교차로 - 교차로안,승용,여,32세,상해없음,승용,여,34세,경상
2022102000100547,2022년 10월 20일 18시,목요일,인천광역시 중구 운서동,중상사고,0,1,2,0,차대차 - 추돌,안전거리미확보,건조,맑음,교차로 - 교차로부근,승용,남,55세,상해없음,승용,남,40세,중상
2022102000100548,2022년 10월 20일 18시,목요일,인천광역시 남동구 장수동,경상사고,0,0,1,0,차대차 - 측면충돌,신호위반,건조,맑음,단일로 - 고가도로위,승용,남,31세,상해없음,승용,남,37세,경상
2022102000100549,2022년 10월 20일 18시,목요일,인천광역시 중구 신흥동1가,경상사고,0,0,1,0,차대차 - 측면충돌,차로위반,건조,맑음,단일로 - 기타,화물,남,37세,상해없음,승용,남,45세,경상
2022102000100592,2022년 10월 20일 19시,목요일,인천광역시 미추홀구 주안동,경상사고,0,0,2,0,차대차 - 추돌,안전거리미확보,건조,맑음,단일로 - 기타,이륜,남,33세,기타불명,승용,남,30세,경상
2022102000100631,2022년 10월 20일 20시,목요일,인천광역시 연수구 동춘동,경상사고,0,0,1,0,차대차 - 추돌,안전운전불이행,건조,맑음,단일로 - 터널,승용,남,33세,상해없음,승용,남,35세,경상
2022102000100653,2022년 10월 20일 21시,목요일,인천광역시 미추홀구 문학동,중상사고,0,1,1,0,차대차 - 추돌,신호위반,건조,맑음,단일로 - 기타,승용,여,43세,상해없음,이륜,남,42세,중상
2022102100100010,2022년 10월 21일 00시,금요일,인천광역시 미추홀구 용현동,중상사고,0,1,0,0,차량단독 - 전도전복 - 전도,안전운전불이행,건조,맑음,교차로 - 교차로안,이륜,남,32세,중상,,,,
2022102100100041,2022년 10월 21일 05시,금요일,인천광역시 미추홀구 주안동,경상사고,0,0,1,0,차대사람 - 기타,안전운전불이행,건조,맑음,단일로 - 기타,승용,남,64세,상해없음,보행자,여,63세,경상
2022102100100061,2022년 10월 21일 06시,금요일,인천광역시 연수구 송도동,경상사고,0,0,2,0,차대차 - 측면충돌,신호위반,건조,맑음,교차로 - 교차로안,승용,여,42세,상해없음,승용,남,30세,경상
2022102100100137,2022년 10월 21일 08시,금요일,인천광역시 중구 운서동,경상사고,0,0,4,0,차대차 - 기타,교차로운행방법위반,건조,맑음,교차로 - 교차로안,승용,여,59세,경상,승용,남,37세,경상
2022102100100138,2022년 10월 21일 08시,금요일,인천광역시 남동구 구월동,경상사고,0,0,1,0,차대차 - 측면충돌,안전운전불이행,건조,맑음,단일로 - 기타,승용,여,44세,상해없음,승용,여,36세,경상
2022102100100169,2022년 10월 21일 09시,금요일,인천광역시 부평구 청천동,경상사고,0,0,1,0,차대차 - 측면충돌,안전운전불이행,건조,맑음,단일로 - 기타,승용,남,43세,상해없음,승용,남,50세,경상
2022102100100199,2022년 10월 21일 10시,금요일,인천광역시 중구 항동7가,중상사고,0,1,0,0,차대차 - 측면충돌,안전운전불이행,건조,맑음,교차로 - 교차로부근,화물,남,66세,상해없음,화물,남,69세,중상
2022102100100200,2022년 10월 21일 10시,금요일,인천광역시 미추홀구 도화동,경상사고,0,0,2,0,차대차 - 측면충돌,안전운전불이행,건조,맑음,교차로 - 교차로부근,승용,여,45세,상해없음,승용,남,50세,경상
2022102100100201,2022년 10월 21일 10시,금요일,인천광역시 미추홀구 주안동,중상사고,0,1,1,0,차대차 - 측면충돌,직진우회전진행방해,건조,맑음,단일로 - 기타,이륜,남,54세,중상,승용,남,39세,경상
2022102100100281,2022년 10월 21일 13시,금요일,인천광역시 미추홀구 주안동,경상사고,0,0,1,0,차대사람 - 기타,안전운전불이행,건조,맑음,기타 - 기타,승용,남,65세,상해없음,보행자,남,59세,경상
2022102100100318,2022년 10월 21일 14시,금요일,인천광역시 미추홀구 도화동,경상사고,0,0,1,0,차대사람 - 횡단중,안전운전불이행,건조,맑음,단일로 - 기타,이륜,남,21세,상해없음,보행자,여,82세,경상
2022102100100319,2022년 10월 21일 14시,금요일,인천광역시 미추홀구 관교동,경상사고,0,0,1,0,차대차 - 추돌,안전거리미확보,건조,맑음,단일로 - 기타,특수,남,74세,상해없음,승용,남,36세,경상
2022102100100320,2022년 10월 21일 14시,금요일,인천광역시 부평구 삼산동,경상사고,0,0,1,0,차대차 - 기타,안전운전불이행,기타,기타,단일로 - 기타,화물,남,34세,기타불명,승용,남,62세,경상
2022102100100321,2022년 10월 21일 14시,금요일,인천광역시 남동구 구월동,중상사고,0,1,0,0,차대사람 - 횡단중,신호위반,건조,맑음,교차로 - 교차로횡단보도내,승용,여,27세,상해없음,보행자,여,70세,중상
2022102100100340,2022년 10월 21일 15시,금요일,인천광역시 계양구 임학동,중상사고,0,1,1,0,차대차 - 측면충돌,안전운전불이행,건조,맑음,단일로 - 기타,승합,남,58세,기타불명,승용,남,45세,중상
2022102100100435,2022년 10월 21일 17시,금요일,인천광역시 서구 석남동,부상신고사고,0,0,0,1,차대사람 - 차도통행중,안전운전불이행,건조,맑음,단일로 - 기타,승용,남,33세,상해없음,보행자,여,12세,부상신고
2022102100100436,2022년 10월 21일 17시,금요일,인천광역시 연수구 송도동,경상사고,0,0,2,0,차대차 - 측면충돌,교차로운행방법위반,건조,맑음,단일로 - 기타,화물,남,41세,경상,승용,남,24세,경상
2022102100100502,2022년 10월 21일 18시,금요일,인천광역시 미추홀구 용현동,경상사고,0,0,1,0,차대차 - 추돌,안전운전불이행,건조,맑음,단일로 - 기타,건설기계,남,53세,상해없음,승용,남,39세,경상
2022102100100503,2022년 10월 21일 18시,금요일,인천광역시 서구 당하동,중상사고,0,1,0,0,차대사람 - 차도통행중,안전운전불이행,건조,맑음,단일로 - 기타,승용,남,51세,상해없음,보행자,여,71세,중상
2022102100100504,2022년 10월 21일 18시,금요일,인천광역시 남동구 서창동,경상사고,0,0,1,0,차대차 - 추돌,안전운전불이행,건조,맑음,단일로 - 기타,승용,여,40세,상해없음,승용,여,45세,경상
2022102100100555,2022년 10월 21일 19시,금요일,인천광역시 미추홀구 도화동,경상사고,0,0,1,0,차대차 - 측면충돌,안전운전불이행,건조,맑음,단일로 - 기타,승용,남,55세,상해없음,승용,남,35세,경상
2022102100100556,2022년 10월 21일 19시,금요일,인천광역시 부평구 산곡동,경상사고,0,0,1,0,차대차 - 기타,신호위반,건조,맑음,교차로 - 교차로안,이륜,남,19세,상해없음,승용,남,69세,경상
2022102100100593,2022년 10월 21일 20시,금요일,인천광역시 서구 석남동,경상사고,0,0,1,0,차대차 - 측면충돌,중앙선침범,건조,맑음,단일로 - 기타,자전거,남,49세,경상,승용,남,62세,상해없음
2022102100100627,2022년 10월 21일 21시,금요일,인천광역시 남동구 만수동,경상사고,0,0,2,0,차대차 - 측면충돌,교차로운행방법위반,건조,맑음,교차로 - 교차로안,승용,여,55세,상해없음,승용,남,25세,경상
2022102100100647,2022년 10월 21일 22시,금요일,인천광역시 연수구 옥련동,경상사고,0,0,1,0,차대차 - 추돌,안전운전불이행,건조,맑음,교차로 - 교차로부근,승용,남,67세,상해없음,승용,남,52세,경상
2022102200100010,2022년 10월 22일 00시,토요일,인천광역시 미추홀구 주안동,경상사고,0,0,1,0,차대차 - 측면충돌,안전운전불이행,건조,맑음,기타 - 기타,승용,여,38세,상해없음,승용,남,65세,경상
2022102200100011,2022년 10월 22일 00시,토요일,인천광역시 연수구 송도동,경상사고,0,0,1,0,차대차 - 추돌,안전운전불이행,건조,맑음,교차로 - 교차로안,승용,남,37세,상해없음,승용,여,47세,경상
2022102200100086,2022년 10월 22일 06시,토요일,인천광역시 부평구 십정동,경상사고,0,0,1,0,차대차 - 정면충돌,신호위반,건조,맑음,교차로 - 교차로안,승용,남,27세,상해없음,승용,남,64세,경상
2022102200100087,2022년 10월 22일 06시,토요일,인천광역시 남동구 서창동,경상사고,0,0,3,0,차대차 - 기타,기타,건조,맑음,단일로 - 기타,특수,남,42세,상해없음,승합,남,58세,경상
2022102200100183,2022년 10월 22일 10시,토요일,인천광역시 남동구 도림동,경상사고,0,0,2,0,차대차 - 추돌,안전거리미확보,건조,맑음,단일로 - 기타,특수,남,62세,상해없음,승용,여,51세,경상
2022102200100218,2022년 10월 22일 11시,토요일,인천광역시 남동구 구월동,경상사고,0,0,1,0,차대차 - 측면충돌,안전운전불이행,건조,맑음,교차로 - 교차로안,기타불명,기타불명,미분류,기타불명,승용,남,34세,경상
2022102200100219,2022년 10월 22일 11시,토요일,인천광역시 남동구 남촌동,중상사고,0,1,0,0,차대사람 - 횡단중,보행자보호의무위반,건조,맑음,교차로 - 교차로횡단보도내,승용,남,42세,상해없음,보행자,남,80세,중상
2022102200100253,2022년 10월 22일 12시,토요일,인천광역시 서구 왕길동,경상사고,0,0,1,0,차대사람 - 차도통행중,안전운전불이행,건조,맑음,기타 - 기타,승용,남,56세,상해없음,보행자,여,63세,경상
2022102200100298,2022년 10월 22일 13시,토요일,인천광역시 중구 운서동,중상사고,0,3,2,0,차대차 - 정면충돌,교차로운행방법위반,건조,맑음,교차로 - 교차로안,승용,남,47세,중상,승용,남,27세,중상
2022102200100299,2022년 10월 22일 13시,토요일,인천광역시 계양구 계산동,중상사고,0,1,0,0,차대차 - 측면충돌,신호위반,건조,맑음,교차로 - 교차로안,승용,남,33세,상해없음,이륜,남,53세,중상
2022102200100342,2022년 10월 22일 14시,토요일,인천광역시 미추홀구 숭의동,경상사고,0,0,2,0,차대차 - 추돌,안전운전불이행,건조,맑음,교차로 - 교차로부근,승합,남,46세,상해없음,승용,남,52세,경상
2022102200100343,2022년 10월 22일 14시,토요일,인천광역시 서구 청라동,경상사고,0,0,1,0,차대차 - 후진중충돌,안전운전불이행,건조,맑음,단일로 - 기타,승용,여,57세,상해없음,이륜,남,32세,경상
2022102200100382,2022년 10월 22일 15시,토요일,인천광역시 부평구 십정동,중상사고,0,1,0,0,차대사람 - 기타,보행자보호의무위반,건조,맑음,교차로 - 교차로부근,승용,여,39세,상해없음,보행자,남,64세,중상
2022102200100383,2022년 10월 22일 15시,토요일,인천광역시 강화군 강화읍,경상사고,0,0,1,0,차대차 - 추돌,안전운전불이행,건조,맑음,교차로 - 교차로부근,승용,남,36세,상해없음,승용,여,35세,경상