사고번호,사고일시,요일,시군구,사고내용,사망자수,중상자수,경상자수,부상신고자수,사고유형,법규위반,노면상태,기상상태,도로형태,가해운전자 차종,가해운전자 성별,가해운전자 연령,가해운전자 상해정도,피해운전자 차종,피해운전자 성별,피해운전자 연령,피해운전자 상해정도
2022102200100421,2022년 10월 22일 16시,토요일,인천광역시 서구 가좌동,경상사고,0,0,1,0,차대차 - 측면충돌,신호위반,건조,맑음,교차로 - 교차로안,승용,여,45세,상해없음,원동기,남,21세,경상
2022102200100422,2022년 10월 22일 16시,토요일,인천광역시 연수구 송도동,중상사고,0,1,0,0,차대차 - 측면충돌,신호위반,건조,맑음,교차로 - 교차로안,승용,남,60세,상해없음,이륜,남,21세,중상
2022102200100423,2022년 10월 22일 16시,토요일,인천광역시 남동구 논현동,중상사고,0,1,0,0,차대차 - 측면충돌,안전운전불이행,건조,맑음,단일로 - 기타,승용,남,65세,상해없음,이륜,남,21세,중상
2022102200100470,2022년 10월 22일 17시,토요일,인천광역시 미추홀구 주안동,경상사고,0,0,5,0,차대차 - 정면충돌,안전운전불이행,건조,맑음,단일로 - 기타,승용,남,59세,경상,승합,남,58세,경상
2022102200100471,2022년 10월 22일 17시,토요일,인천광역시 서구 석남동,경상사고,0,0,1,0,차대사람 - 기타,안전운전불이행,건조,맑음,단일로 - 기타,기타불명,기타불명,미분류,기타불명,보행자,남,42세,경상
2022102200100507,2022년 10월 22일 18시,토요일,인천광역시 미추홀구 주안동,경상사고,0,0,1,0,차대사람 - 기타,안전운전불이행,건조,맑음,단일로 - 기타,승용,남,60세,상해없음,보행자,남,29세,경상
2022102200100508,2022년 10월 22일 18시,토요일,인천광역시 부평구 부평동,경상사고,0,0,1,0,차대차 - 기타,안전운전불이행,건조,맑음,단일로 - 기타,승용,남,58세,상해없음,이륜,남,30세,경상
2022102200100509,2022년 10월 22일 18시,토요일,인천광역시 서구 원창동,경상사고,0,0,1,0,차대차 - 측면충돌,안전운전불이행,건조,맑음,교차로 - 교차로부근,승용,남,38세,상해없음,승용,여,69세,경상
2022102200100510,2022년 10월 22일 18시,토요일,인천광역시 강화군 강화읍,경상사고,0,0,1,0,차대차 - 후진중충돌,불법유턴,건조,맑음,단일로 - 지하차도(도로)내,화물,남,36세,상해없음,승용,여,67세,경상
2022102200100511,2022년 10월 22일 18시,토요일,인천광역시 강화군 하점면,경상사고,0,0,1,0,차대차 - 측면충돌,안전운전불이행,건조,맑음,단일로 - 지하차도(도로)내,승용,여,55세,상해없음,승용,여,76세,경상
2022102200100581,2022년 10월 22일 20시,토요일,인천광역시 서구 가정동,중상사고,0,1,0,0,차대차 - 측면충돌,중앙선침범,건조,맑음,단일로 - 기타,이륜,남,21세,기타불명,이륜,남,23세,중상
2022102300100011,2022년 10월 23일 00시,일요일,인천광역시 서구 왕길동,경상사고,0,0,1,0,차대사람 - 기타,안전운전불이행,건조,맑음,단일로 - 기타,기타불명,기타불명,미분류,기타불명,보행자,남,36세,경상
2022102300100020,2022년 10월 23일 01시,일요일,인천광역시 부평구 십정동,경상사고,0,0,2,0,차대차 - 추돌,안전운전불이행,건조,맑음,교차로 - 교차로부근,이륜,남,28세,상해없음,승용,남,60세,경상
2022102300100040,2022년 10월 23일 04시,일요일,인천광역시 미추홀구 주안동,중상사고,0,1,0,0,차대사람 - 횡단중,안전운전불이행,건조,맑음,단일로 - 기타,승용,여,46세,상해없음,보행자,남,52세,중상
2022102300100041,2022년 10월 23일 04시,일요일,인천광역시 부평구 십정동,경상사고,0,0,1,0,차대사람 - 차도통행중,안전운전불이행,건조,맑음,교차로 - 교차로안,이륜,남,35세,상해없음,보행자,남,27세,경상
2022102300100077,2022년 10월 23일 08시,일요일,인천광역시 서구 석남동,부상신고사고,0,0,0,1,차대사람 - 기타,안전운전불이행,건조,맑음,기타 - 기타,화물,남,40세,상해없음,보행자,여,86세,부상신고
2022102300100118,2022년 10월 23일 10시,일요일,인천광역시 서구 청라동,경상사고,0,0,1,0,차대사람 - 보도통행중,안전운전불이행,건조,맑음,교차로 - 교차로횡단보도내,승용,여,53세,상해없음,보행자,남,76세,경상
2022102300100136,2022년 10월 23일 11시,일요일,인천광역시 미추홀구 주안동,경상사고,0,0,1,0,차대차 - 추돌,안전운전불이행,건조,맑음,단일로 - 기타,화물,남,54세,상해없음,이륜,남,39세,경상
2022102300100170,2022년 10월 23일 12시,일요일,인천광역시 계양구 계산동,경상사고,0,0,1,0,차대차 - 추돌,안전운전불이행,건조,맑음,단일로 - 기타,이륜,남,26세,상해없음,승용,남,31세,경상
2022102300100192,2022년 10월 23일 13시,일요일,인천광역시 서구 청라동,경상사고,0,0,3,0,차대차 - 추돌,안전운전불이행,건조,맑음,교차로 - 교차로부근,승용,남,60세,상해없음,승용,남,33세,경상
2022102300100193,2022년 10월 23일 13시,일요일,인천광역시 부평구 삼산동,경상사고,0,0,2,0,차대차 - 측면충돌,안전거리미확보,건조,맑음,교차로 - 교차로부근,승용,남,37세,상해없음,승용,남,26세,경상
2022102300100228,2022년 10월 23일 14시,일요일,인천광역시 계양구 작전동,경상사고,0,0,1,0,차대차 - 측면충돌,안전운전불이행,건조,맑음,단일로 - 기타,승용,남,63세,상해없음,승용,남,31세,경상
2022102300100287,2022년 10월 23일 16시,일요일,인천광역시 계양구 목상동,경상사고,0,0,3,0,차대차 - 추돌,안전운전불이행,건조,맑음,단일로 - 기타,승용,남,62세,상해없음,승용,남,43세,경상
2022102300100288,2022년 10월 23일 16시,일요일,인천광역시 강화군 길상면,경상사고,0,0,1,0,차대차 - 측면충돌,중앙선침범,건조,맑음,교차로 - 교차로안,승용,여,58세,상해없음,승용,여,49세,경상
2022102300100322,2022년 10월 23일 17시,일요일,인천광역시 미추홀구 주안동,경상사고,0,0,1,0,차대차 - 추돌,안전운전불이행,건조,맑음,기타 - 기타,승용,남,53세,기타불명,이륜,남,39세,경상
2022102300100353,2022년 10월 23일 18시,일요일,인천광역시 부평구 부평동,경상사고,0,0,1,0,차대사람 - 기타,안전운전불이행,적설,맑음,단일로 - 기타,승용,남,18세,상해없음,보행자,남,30세,경상
2022102300100420,2022년 10월 23일 21시,일요일,인천광역시 서구 청라동,경상사고,0,0,1,0,차대사람 - 횡단중,보행자보호의무위반,건조,맑음,교차로 - 교차로횡단보도내,개인형이동수단(PM),여,20세,상해없음,보행자,여,15세,경상
2022102400100016,2022년 10월 24일 03시,월요일,인천광역시 부평구 삼산동,경상사고,0,0,1,0,차대차 - 기타,안전운전불이행,건조,맑음,주차장 - 주차장,화물,남,53세,상해없음,화물,남,44세,경상
2022102400100030,2022년 10월 24일 05시,월요일,인천광역시 동구 송림동,경상사고,0,0,1,0,차대차 - 측면충돌,안전운전불이행,건조,맑음,단일로 - 기타,승용,여,61세,상해없음,승용,남,74세,경상
2022102400100043,2022년 10월 24일 06시,월요일,인천광역시 미추홀구 용현동,부상신고사고,0,0,0,1,차대차 - 측면충돌,안전운전불이행,건조,맑음,단일로 - 기타,화물,남,56세,상해없음,자전거,남,54세,부상신고
2022102400100082,2022년 10월 24일 07시,월요일,인천광역시 부평구 청천동,경상사고,0,0,1,0,차대차 - 측면충돌,안전운전불이행,건조,맑음,교차로 - 교차로안,승용,남,55세,상해없음,승용,남,47세,경상
2022102400100083,2022년 10월 24일 07시,월요일,인천광역시 서구 불로동,경상사고,0,0,2,0,차대차 - 기타,안전운전불이행,건조,맑음,기타 - 기타,특수,남,47세,상해없음,화물,남,46세,경상
2022102400100140,2022년 10월 24일 08시,월요일,인천광역시 남동구 남촌동,경상사고,0,0,2,0,차대차 - 측면충돌,신호위반,건조,맑음,단일로 - 기타,승용,남,28세,상해없음,승용,남,51세,경상
2022102400100182,2022년 10월 24일 09시,월요일,인천광역시 서구 가좌동,경상사고,0,0,1,0,차대사람 - 기타,기타,건조,맑음,교차로 - 교차로부근,승용,여,51세,상해없음,보행자,여,74세,경상
2022102400100183,2022년 10월 24일 09시,월요일,인천광역시 부평구 부평동,경상사고,0,0,1,0,차대차 - 측면충돌,안전운전불이행,건조,맑음,단일로 - 기타,승용,남,57세,상해없음,이륜,남,22세,경상
2022102400100302,2022년 10월 24일 12시,월요일,인천광역시 미추홀구 주안동,경상사고,0,0,1,0,차대사람 - 기타,안전운전불이행,건조,맑음,단일로 - 기타,승용,남,55세,상해없음,보행자,여,34세,경상
2022102400100303,2022년 10월 24일 12시,월요일,인천광역시 부평구 부평동,경상사고,0,0,2,0,차대차 - 측면충돌,안전운전불이행,건조,맑음,단일로 - 기타,승용,남,64세,상해없음,승용,여,36세,경상
2022102400100337,2022년 10월 24일 13시,월요일,인천광역시 중구 유동,경상사고,0,0,1,0,차대차 - 측면충돌,안전거리미확보,건조,맑음,단일로 - 터널,승용,남,45세,상해없음,건설기계,남,51세,경상
2022102400100379,2022년 10월 24일 14시,월요일,인천광역시 미추홀구 주안동,경상사고,0,0,1,0,차대차 - 정면충돌,안전운전불이행,건조,맑음,단일로 - 기타,승용,남,72세,상해없음,승용,여,68세,경상
2022102400100380,2022년 10월 24일 14시,월요일,인천광역시 서구 오류동,경상사고,0,0,8,0,차대차 - 후진중충돌,안전운전불이행,건조,맑음,단일로 - 기타,승합,남,74세,상해없음,승용,남,24세,상해없음
2022102400100381,2022년 10월 24일 14시,월요일,인천광역시 서구 오류동,경상사고,0,0,3,0,차대차 - 측면충돌,안전운전불이행,건조,맑음,기타 - 기타,건설기계,남,52세,상해없음,승용,여,21세,경상
2022102400100382,2022년 10월 24일 14시,월요일,인천광역시 연수구 청학동,경상사고,0,0,1,0,차대차 - 측면충돌,안전거리미확보,건조,맑음,교차로 - 교차로부근,승용,여,54세,기타불명,승용,여,55세,경상
2022102400100443,2022년 10월 24일 16시,월요일,인천광역시 중구 항동7가,경상사고,0,0,1,0,차대차 - 측면충돌,안전거리미확보,건조,맑음,단일로 - 지하차도(도로)내,승용,남,73세,상해없음,승용,남,44세,경상
2022102400100548,2022년 10월 24일 18시,월요일,인천광역시 남동구 남촌동,경상사고,0,0,1,0,차대차 - 측면충돌,신호위반,건조,맑음,교차로 - 교차로안,승용,남,18세,상해없음,화물,남,47세,경상
2022102400100549,2022년 10월 24일 18시,월요일,인천광역시 남동구 논현동,부상신고사고,0,0,0,1,차대사람 - 차도통행중,안전운전불이행,건조,맑음,교차로 - 교차로부근,자전거,남,76세,기타불명,보행자,남,8세,부상신고
2022102400100584,2022년 10월 24일 19시,월요일,인천광역시 서구 오류동,중상사고,0,1,1,0,차대차 - 기타,안전운전불이행,건조,맑음,기타 - 기타,승용,남,46세,상해없음,승용,남,41세,중상
2022102400100640,2022년 10월 24일 22시,월요일,인천광역시 연수구 송도동,경상사고,0,0,1,0,차대차 - 측면충돌,안전거리미확보,건조,맑음,교차로 - 교차로부근,승용,남,62세,상해없음,승합,남,31세,경상
2022102400100641,2022년 10월 24일 22시,월요일,인천광역시 남동구 만수동,경상사고,0,0,1,0,차대차 - 측면충돌,안전거리미확보,건조,맑음,단일로 - 지하차도(도로)내,승용,남,42세,상해없음,승용,여,52세,경상
2022102400100653,2022년 10월 24일 23시,월요일,인천광역시 남동구 간석동,경상사고,0,0,1,0,차대차 - 측면충돌,신호위반,건조,맑음,교차로 - 교차로안,승용,남,62세,상해없음,승용,남,43세,경상
2022102500100051,2022년 10월 25일 06시,화요일,인천광역시 중구 신흥동3가,경상사고,0,0,1,0,차대차 - 추돌,안전운전불이행,건조,맑음,교차로 - 교차로부근,승용,남,46세,상해없음,화물,남,56세,경상
2022102500100069,2022년 10월 25일 07시,화요일,인천광역시 부평구 부평동,중상사고,0,1,0,0,차대사람 - 차도통행중,안전운전불이행,건조,맑음,단일로 - 기타,승용,남,54세,상해없음,보행자,남,17세,중상
2022102500100155,2022년 10월 25일 09시,화요일,인천광역시 남동구 구월동,중상사고,0,1,0,0,차대차 - 정면충돌,안전운전불이행,건조,맑음,교차로 - 교차로안,개인형이동수단(PM),여,29세,상해없음,자전거,남,34세,중상
2022102500100156,2022년 10월 25일 09시,화요일,인천광역시 부평구 부평동,경상사고,0,0,1,0,차대차 - 기타,안전운전불이행,기타,기타,단일로 - 기타,승용,여,37세,상해없음,승용,남,39세,경상
2022102500100186,2022년 10월 25일 10시,화요일,인천광역시 중구 신흥동3가,경상사고,0,0,2,0,차대차 - 측면충돌,안전운전불이행,건조,맑음,교차로 - 교차로부근,승용,여,54세,상해없음,승합,남,52세,경상
2022102500100187,2022년 10월 25일 10시,화요일,인천광역시 미추홀구 용현동,경상사고,0,0,1,0,차대차 - 측면충돌,직진우회전진행방해,건조,맑음,단일로 - 기타,승용,남,65세,상해없음,화물,남,38세,경상
2022102500100221,2022년 10월 25일 11시,화요일,인천광역시 서구 원창동,중상사고,0,3,4,0,차대차 - 측면충돌,신호위반,건조,맑음,교차로 - 교차로부근,화물,남,62세,상해없음,승용,남,52세,중상
2022102500100250,2022년 10월 25일 12시,화요일,인천광역시 계양구 효성동,경상사고,0,0,1,0,차대차 - 측면충돌,안전운전불이행,건조,맑음,단일로 - 기타,승용,여,61세,상해없음,원동기,남,67세,경상
2022102500100283,2022년 10월 25일 13시,화요일,인천광역시 서구 당하동,경상사고,0,0,1,0,차량단독 - 기타,안전운전불이행,건조,맑음,단일로 - 기타,승합,남,60세,상해없음,,,,
2022102500100284,2022년 10월 25일 13시,화요일,인천광역시 강화군 길상면,중상사고,0,1,2,0,차대차 - 측면충돌,안전운전불이행,건조,맑음,교차로 - 교차로안,승용,남,68세,상해없음,화물,남,34세,경상
2022102500100319,2022년 10월 25일 14시,화요일,인천광역시 강화군 내가면,경상사고,0,0,2,0,차대차 - 후진중충돌,안전운전불이행,건조,맑음,주차장 - 주차장,승용,남,45세,상해없음,승용,남,53세,경상
2022102500100365,2022년 10월 25일 15시,화요일,인천광역시 미추홀구 용현동,경상사고,0,0,1,0,차대차 - 측면충돌,안전운전불이행,건조,맑음,단일로 - 기타,승합,남,54세,상해없음,승용,여,40세,경상
2022102500100366,2022년 10월 25일 15시,화요일,인천광역시 남동구 간석동,경상사고,0,0,1,0,차대사람 - 기타,안전운전불이행,건조,맑음,기타 - 기타,승용,남,33세,상해없음,보행자,여,68세,경상
2022102500100367,2022년 10월 25일 15시,화요일,인천광역시 서구 석남동,중상사고,0,1,0,0,차대차 - 기타,안전운전불이행,건조,맑음,교차로 - 교차로안,승용,남,58세,상해없음,화물,남,48세,중상
2022102500100419,2022년 10월 25일 16시,화요일,인천광역시 부평구 부평동,경상사고,0,0,1,0,차대차 - 측면충돌,안전운전불이행,건조,맑음,단일로 - 기타,승용,남,70세,상해없음,승용,여,41세,경상
2022102500100466,2022년 10월 25일 17시,화요일,인천광역시 서구 가정동,경상사고,0,0,2,0,차대차 - 측면충돌,교차로운행방법위반,건조,맑음,교차로 - 교차로안,화물,남,27세,기타불명,화물,남,45세,경상
2022102500100532,2022년 10월 25일 18시,화요일,인천광역시 서구 오류동,경상사고,0,0,1,0,차대차 - 정면충돌,안전운전불이행,건조,맑음,단일로 - 기타,승용,여,28세,상해없음,승용,여,49세,경상
2022102600100023,2022년 10월 26일 01시,수요일,인천광역시 서구 청라동,경상사고,0,0,1,0,차대차 - 기타,안전운전불이행,건조,맑음,교차로 - 교차로부근,화물,남,59세,상해없음,승용,여,57세,경상
2022102600100063,2022년 10월 26일 06시,수요일,인천광역시 남동구 간석동,경상사고,0,0,2,0,차대차 - 추돌,안전거리미확보,건조,맑음,단일로 - 기타,승용,남,66세,상해없음,승용,남,69세,경상
2022102600100129,2022년 10월 26일 08시,수요일,인천광역시 연수구 송도동,경상사고,0,0,1,0,차대차 - 측면충돌,안전거리미확보,건조,맑음,교차로 - 교차로부근,승용,여,42세,기타불명,승용,남,31세,경상
2022102600100167,2022년 10월 26일 09시,수요일,인천광역시 중구 운서동,경상사고,0,0,1,0,차대사람 - 횡단중,보행자보호의무위반,건조,맑음,교차로 - 교차로횡단보도내,개인형이동수단(PM),여,17세,상해없음,보행자,여,32세,경상
2022102600100168,2022년 10월 26일 09시,수요일,인천광역시 중구 항동7가,경상사고,0,0,1,0,차대차 - 추돌,안전운전불이행,건조,맑음,교차로 - 교차로부근,화물,남,46세,상해없음,화물,남,58세,경상
2022102600100169,2022년 10월 26일 09시,수요일,인천광역시 부평구 갈산동,경상사고,0,0,1,0,차대차 - 추돌,안전운전불이행,건조,맑음,교차로 - 교차로부근,승용,남,29세,상해없음,승용,남,26세,경상
2022102600100170,2022년 10월 26일 09시,수요일,인천광역시 남동구 구월동,경상사고,0,0,1,0,차대차 - 측면충돌,신호위반,건조,맑음,교차로 - 교차로안,승용,남,52세,상해없음,화물,남,57세,경상
2022102600100171,2022년 10월 26일 09시,수요일,인천광역시 서구 공촌동,중상사고,0,1,0,0,차대차 - 추돌,안전운전불이행,건조,맑음,교차로 - 교차로부근,특수,남,54세,상해없음,승용,여,58세,중상
2022102600100172,2022년 10월 26일 09시,수요일,인천광역시 남동구 고잔동,경상사고,0,0,1,0,차대차 - 측면충돌,안전거리미확보,건조,맑음,단일로 - 기타,특수,남,52세,상해없음,승용,남,37세,경상
2022102600100201,2022년 10월 26일 10시,수요일,인천광역시 계양구 작전동,경상사고,0,0,1,0,차대차 - 후진중충돌,안전운전불이행,건조,맑음,주차장 - 주차장,승용,남,59세,상해없음,승용,남,36세,경상
2022102600100202,2022년 10월 26일 10시,수요일,인천광역시 연수구 송도동,경상사고,0,0,1,0,차대차 - 측면충돌,안전운전불이행,건조,맑음,교차로 - 교차로부근,승용,여,49세,상해없음,이륜,남,23세,경상
2022102600100310,2022년 10월 26일 14시,수요일,인천광역시 동구 송림동,경상사고,0,0,1,0,차대차 - 추돌,안전운전불이행,기타,맑음,단일로 - 기타,승용,남,29세,상해없음,승용,남,50세,경상
2022102600100311,2022년 10월 26일 14시,수요일,인천광역시 남동구 간석동,경상사고,0,0,2,0,차대차 - 측면충돌,안전거리미확보,건조,맑음,단일로 - 기타,화물,남,73세,상해없음,승용,남,31세,경상
2022102600100312,2022년 10월 26일 14시,수요일,인천광역시 서구 가정동,경상사고,0,0,1,0,차대차 - 추돌,안전운전불이행,건조,맑음,단일로 - 기타,승용,여,30세,상해없음,화물,남,41세,경상
2022102600100339,2022년 10월 26일 15시,수요일,인천광역시 미추홀구 주안동,경상사고,0,0,1,0,차대사람 - 기타,기타,건조,맑음,단일로 - 기타,화물,남,47세,상해없음,보행자,여,41세,경상
2022102600100340,2022년 10월 26일 15시,수요일,인천광역시 미추홀구 주안동,경상사고,0,0,2,0,차대차 - 측면충돌,안전운전불이행,건조,맑음,단일로 - 기타,승용,여,25세,경상,승용,남,40세,경상
2022102600100341,2022년 10월 26일 15시,수요일,인천광역시 연수구 연수동,중상사고,0,1,0,0,차대차 - 측면충돌,안전운전불이행,건조,맑음,교차로 - 교차로안,승합,남,77세,상해없음,자전거,남,12세,중상
2022102600100382,2022년 10월 26일 16시,수요일,인천광역시 중구 신흥동3가,경상사고,0,0,1,0,차량단독 - 기타,안전운전불이행,건조,맑음,단일로 - 기타,승합,남,56세,상해없음,,,,
2022102600100383,2022년 10월 26일 16시,수요일,인천광역시 서구 가좌동,경상사고,0,0,3,0,차대차 - 기타,신호위반,건조,맑음,기타 - 기타,승용,남,24세,상해없음,승용,남,59세,경상
2022102600100421,2022년 10월 26일 17시,수요일,인천광역시 서구 경서동,경상사고,0,0,1,0,차대차 - 측면충돌,안전운전불이행,건조,맑음,교차로 - 교차로부근,화물,남,48세,상해없음,승용,남,28세,경상
2022102600100422,2022년 10월 26일 17시,수요일,인천광역시 연수구 송도동,중상사고,0,1,0,0,차대차 - 측면충돌,차로위반,건조,맑음,단일로 - 기타,승용,여,31세,상해없음,승용,남,48세,중상
2022102600100486,2022년 10월 26일 18시,수요일,인천광역시 부평구 부평동,경상사고,0,0,1,0,차대차 - 기타,안전운전불이행,건조,맑음,교차로 - 교차로안,승용,남,69세,상해없음,자전거,여,65세,경상
2022102600100487,2022년 10월 26일 18시,수요일,인천광역시 서구 마전동,경상사고,0,0,1,0,차대차 - 추돌,안전운전불이행,건조,맑음,기타 - 기타,승용,여,54세,상해없음,승용,남,30세,경상
2022102600100525,2022년 10월 26일 19시,수요일,인천광역시 미추홀구 주안동,경상사고,0,0,1,0,차대차 - 측면충돌,안전거리미확보,건조,맑음,단일로 - 기타,승용,남,54세,상해없음,승용,여,44세,경상
2022102600100526,2022년 10월 26일 19시,수요일,인천광역시 남동구 구월동,경상사고,0,0,1,0,차대차 - 기타,안전운전불이행,건조,맑음,교차로 - 교차로부근,승용,남,41세,상해없음,승합,남,61세,상해없음
2022102600100569,2022년 10월 26일 20시,수요일,인천광역시 미추홀구 용현동,중상사고,0,1,0,0,차대차 - 측면충돌,신호위반,건조,맑음,교차로 - 교차로부근,승용,남,33세,상해없음,이륜,남,40세,중상
2022102600100570,2022년 10월 26일 20시,수요일,인천광역시 서구 마전동,경상사고,0,0,1,0,차대차 - 추돌,안전운전불이행,건조,맑음,단일로 - 기타,이륜,남,27세,상해없음,승합,남,26세,경상
2022102600100590,2022년 10월 26일 21시,수요일,인천광역시 남동구 구월동,경상사고,0,0,1,0,차대사람 - 차도통행중,신호위반,건조,맑음,단일로 - 기타,이륜,남,26세,상해없음,보행자,여,36세,경상
2022102600100621,2022년 10월 26일 22시,수요일,인천광역시 계양구 용종동,중상사고,0,1,4,0,차대차 - 추돌,안전운전불이행,건조,맑음,단일로 - 기타,화물,남,65세,상해없음,승용,여,39세,경상
2022102700100041,2022년 10월 27일 05시,목요일,인천광역시 부평구 부평동,중상사고,0,1,0,0,차대사람 - 횡단중,신호위반,건조,맑음,교차로 - 교차로횡단보도내,승용,남,72세,상해없음,보행자,여,56세,중상
2022102700100088,2022년 10월 27일 07시,목요일,인천광역시 미추홀구 용현동,경상사고,0,0,2,0,차대차 - 측면충돌,안전운전불이행,건조,맑음,단일로 - 기타,승용,남,72세,경상,승합,남,69세,경상
2022102700100089,2022년 10월 27일 07시,목요일,인천광역시 서구 경서동,경상사고,0,0,2,0,차대차 - 측면충돌,안전거리미확보,건조,맑음,단일로 - 기타,화물,남,35세,경상,승용,남,58세,경상
2022102700100090,2022년 10월 27일 07시,목요일,인천광역시 부평구 갈산동,경상사고,0,0,1,0,차대사람 - 보도통행중,안전운전불이행,건조,맑음,단일로 - 기타,승용,남,53세,상해없음,보행자,여,30세,경상
2022102700100132,2022년 10월 27일 08시,목요일,인천광역시 계양구 계산동,경상사고,0,0,1,0,차대차 - 측면충돌,안전운전불이행,건조,맑음,단일로 - 기타,승용,남,64세,상해없음,승용,남,61세,경상
2022102700100133,2022년 10월 27일 08시,목요일,인천광역시 남동구 논현동,중상사고,0,1,0,0,차대차 - 측면충돌,기타,건조,맑음,교차로 - 교차로안,이륜,남,33세,중상,승용,남,66세,상해없음
2022102700100177,2022년 10월 27일 09시,목요일,인천광역시 부평구 부평동,경상사고,0,0,1,0,차대차 - 추돌,안전운전불이행,건조,맑음,주차장 - 주차장,화물,남,29세,상해없음,승용,남,52세,경상
2022102700100178,2022년 10월 27일 09시,목요일,인천광역시 연수구 선학동,경상사고,0,0,1,0,차대차 - 측면충돌,안전운전불이행,건조,맑음,교차로 - 교차로부근,승용,남,21세,상해없음,승용,여,54세,경상
2022102700100212,2022년 10월 27일 10시,목요일,인천광역시 중구 도원동,경상사고,0,0,1,0,차대사람 - 횡단중,안전운전불이행,건조,맑음,교차로 - 교차로부근,승용,남,67세,상해없음,보행자,남,69세,경상
2022102700100213,2022년 10월 27일 10시,목요일,인천광역시 미추홀구 도화동,경상사고,0,0,1,0,차대차 - 측면충돌,안전운전불이행,건조,맑음,단일로 - 기타,자전거,남,28세,경상,승용,남,64세,상해없음
2022102700100214,2022년 10월 27일 10시,목요일,인천광역시 남동구 간석동,경상사고,0,0,1,0,차대차 - 추돌,안전운전불이행,건조,맑음,교차로 - 교차로안,승용,남,33세,상해없음,승용,남,34세,경상
2022102700100245,2022년 10월 27일 11시,목요일,인천광역시 미추홀구 주안동,경상사고,0,0,3,0,차대차 - 측면충돌,신호위반,건조,맑음,교차로 - 교차로부근,승합,남,53세,기타불명,화물,남,27세,경상
2022102700100246,2022년 10월 27일 11시,목요일,인천광역시 강화군 교동면,중상사고,0,1,0,0,차대차 - 측면충돌,안전운전불이행,건조,맑음,단일로 - 기타,화물,남,59세,상해없음,이륜,남,83세,중상
2022102700100281,2022년 10월 27일 12시,목요일,인천광역시 연수구 연수동,경상사고,0,0,1,0,차대차 - 측면충돌,신호위반,건조,맑음,교차로 - 교차로안,화물,남,55세,상해없음,승용,남,63세,경상
2022102700100320,2022년 10월 27일 13시,목요일,인천광역시 미추홀구 용현동,사망사고,1,0,0,0,차대사람 - 횡단중,안전운전불이행,건조,맑음,교차로 - 교차로안,화물,남,61세,상해없음,보행자,여,89세,사망
2022102700100321,2022년 10월 27일 13시,목요일,인천광역시 서구 원창동,경상사고,0,0,1,0,차대차 - 추돌,안전운전불이행,건조,맑음,기타 - 기타,화물,남,57세,상해없음,승용,여,40세,경상
2022102700100322,2022년 10월 27일 13시,목요일,인천광역시 서구 청라동,경상사고,0,0,1,0,차대차 - 측면충돌,안전운전불이행,건조,맑음,교차로 - 교차로안,승용,남,60세,기타불명,승용,남,30세,경상
2022102700100323,2022년 10월 27일 13시,목요일,인천광역시 강화군 양도면,사망사고,1,1,1,0,차량단독 - 공작물충돌,안전운전불이행,건조,맑음,단일로 - 기타,승용,여,52세,기타불명,,,,
2022102700100354,2022년 10월 27일 14시,목요일,인천광역시 서구 가정동,중상사고,0,2,0,0,차대차 - 측면충돌,신호위반,건조,맑음,교차로 - 교차로안,이륜,남,81세,중상,이륜,남,19세,중상
2022102700100355,2022년 10월 27일 14시,목요일,인천광역시 남동구 논현동,경상사고,0,0,1,0,차대사람 - 기타,불법유턴,건조,맑음,단일로 - 기타,승용,여,60세,상해없음,보행자,남,62세,경상
2022102700100426,2022년 10월 27일 16시,목요일,인천광역시 중구 운남동,경상사고,0,0,1,0,차대사람 - 기타,안전운전불이행,적설,기타,단일로 - 기타,승용,남,56세,상해없음,보행자,남,51세,경상
2022102700100427,2022년 10월 27일 16시,목요일,인천광역시 연수구 옥련동,경상사고,0,0,2,0,차대차 - 측면충돌,안전거리미확보,건조,맑음,교차로 - 교차로부근,승용,남,51세,상해없음,승용,남,42세,경상
2022102700100476,2022년 10월 27일 17시,목요일,인천광역시 미추홀구 도화동,경상사고,0,0,1,0,차대차 - 추돌,안전운전불이행,건조,맑음,단일로 - 기타,승용,남,41세,상해없음,승용,남,39세,경상
2022102700100477,2022년 10월 27일 17시,목요일,인천광역시 부평구 산곡동,경상사고,0,0,1,0,차대사람 - 기타,안전운전불이행,건조,맑음,단일로 - 기타,승용,여,52세,상해없음,보행자,여,8세,경상
2022102700100478,2022년 10월 27일 17시,목요일,인천광역시 서구 당하동,중상사고,0,1,0,0,차대사람 - 횡단중,안전운전불이행,건조,맑음,교차로 - 교차로안,승용,여,39세,상해없음,보행자,여,73세,중상
2022102700100480,2022년 10월 27일 17시,목요일,인천광역시 연수구 동춘동,경상사고,0,0,1,1,차대차 - 추돌,안전운전불이행,건조,맑음,단일로 - 기타,승용,남,46세,부상신고,승용,여,27세,경상