사고번호,사고일시,요일,시군구,사고내용,사망자수,중상자수,경상자수,부상신고자수,사고유형,법규위반,노면상태,기상상태,도로형태,가해운전자 차종,가해운전자 성별,가해운전자 연령,가해운전자 상해정도,피해운전자 차종,피해운전자 성별,피해운전자 연령,피해운전자 상해정도
2022102700100481,2022년 10월 27일 17시,목요일,인천광역시 부평구 일신동,경상사고,0,0,1,0,차대차 - 기타,안전거리미확보,건조,맑음,단일로 - 기타,화물,남,39세,상해없음,이륜,남,70세,경상
2022102700100546,2022년 10월 27일 18시,목요일,인천광역시 동구 송림동,중상사고,0,1,0,0,차대차 - 기타,안전거리미확보,건조,맑음,단일로 - 기타,승용,남,53세,상해없음,이륜,남,41세,중상
2022102700100547,2022년 10월 27일 18시,목요일,인천광역시 서구 당하동,경상사고,0,0,1,0,차대사람 - 횡단중,보행자보호의무위반,건조,맑음,교차로 - 교차로횡단보도내,승용,여,54세,상해없음,보행자,남,11세,경상
2022102700100548,2022년 10월 27일 18시,목요일,인천광역시 계양구 동양동,경상사고,0,0,1,0,차대차 - 측면충돌,안전운전불이행,건조,맑음,단일로 - 기타,이륜,남,22세,상해없음,승용,남,35세,경상
2022102700100594,2022년 10월 27일 19시,목요일,인천광역시 부평구 십정동,중상사고,0,1,0,0,차대사람 - 횡단중,안전운전불이행,건조,맑음,교차로 - 교차로부근,화물,남,50세,상해없음,보행자,여,66세,중상
2022102700100595,2022년 10월 27일 19시,목요일,인천광역시 부평구 십정동,경상사고,0,0,1,0,차대차 - 측면충돌,신호위반,건조,맑음,교차로 - 교차로부근,이륜,남,24세,상해없음,자전거,남,66세,경상
2022102700100596,2022년 10월 27일 19시,목요일,인천광역시 남동구 간석동,경상사고,0,0,2,0,차대차 - 측면충돌,안전운전불이행,건조,맑음,교차로 - 교차로안,승용,남,41세,경상,승용,여,45세,경상
2022102700100621,2022년 10월 27일 20시,목요일,인천광역시 미추홀구 용현동,경상사고,0,0,1,0,차대차 - 측면충돌,교차로운행방법위반,건조,맑음,교차로 - 교차로안,승용,여,64세,상해없음,승용,남,45세,경상
2022102700100645,2022년 10월 27일 21시,목요일,인천광역시 미추홀구 용현동,경상사고,0,0,1,0,차대사람 - 길가장자리구역통행중,기타,건조,맑음,단일로 - 기타,승용,남,58세,상해없음,보행자,남,54세,경상
2022102800100028,2022년 10월 28일 04시,금요일,인천광역시 미추홀구 용현동,경상사고,0,0,1,0,차대차 - 후진중충돌,안전운전불이행,건조,맑음,교차로 - 교차로부근,승용,남,78세,상해없음,승용,남,30세,경상
2022102800100036,2022년 10월 28일 05시,금요일,인천광역시 남동구 논현동,경상사고,0,0,1,0,차대차 - 기타,안전운전불이행,건조,맑음,단일로 - 교량,승용,남,37세,상해없음,화물,남,57세,경상
2022102800100054,2022년 10월 28일 06시,금요일,인천광역시 부평구 십정동,경상사고,0,0,1,0,차대차 - 측면충돌,안전운전불이행,건조,맑음,교차로 - 교차로부근,화물,남,24세,상해없음,승용,남,44세,경상
2022102800100055,2022년 10월 28일 06시,금요일,인천광역시 남동구 구월동,경상사고,0,0,1,0,차대차 - 측면충돌,신호위반,건조,맑음,교차로 - 교차로안,승용,남,65세,상해없음,승용,여,45세,경상
2022102800100125,2022년 10월 28일 08시,금요일,인천광역시 남동구 구월동,경상사고,0,0,1,0,차대차 - 추돌,안전운전불이행,건조,맑음,교차로 - 교차로부근,화물,남,37세,상해없음,승용,남,33세,경상
2022102800100126,2022년 10월 28일 08시,금요일,인천광역시 남동구 만수동,경상사고,0,0,1,0,차대사람 - 기타,기타,건조,맑음,기타 - 기타,승합,남,54세,상해없음,보행자,여,38세,경상
2022102800100203,2022년 10월 28일 10시,금요일,인천광역시 연수구 동춘동,경상사고,0,0,1,0,차대차 - 기타,안전운전불이행,건조,맑음,단일로 - 기타,승용,남,52세,상해없음,승용,여,49세,경상
2022102800100204,2022년 10월 28일 10시,금요일,인천광역시 남동구 논현동,경상사고,0,0,1,0,차대차 - 측면충돌,교차로운행방법위반,건조,맑음,교차로 - 교차로안,승용,남,58세,상해없음,승용,남,33세,경상
2022102800100205,2022년 10월 28일 10시,금요일,인천광역시 남동구 남촌동,경상사고,0,0,4,0,차대차 - 측면충돌,안전거리미확보,건조,맑음,단일로 - 기타,화물,남,34세,상해없음,승용,남,42세,경상
2022102800100245,2022년 10월 28일 11시,금요일,인천광역시 미추홀구 도화동,경상사고,0,0,1,0,차대차 - 측면충돌,안전운전불이행,건조,맑음,단일로 - 기타,승용,남,62세,상해없음,이륜,남,22세,경상
2022102800100246,2022년 10월 28일 11시,금요일,인천광역시 부평구 부평동,경상사고,0,0,1,0,차대차 - 기타,차로위반,건조,맑음,교차로 - 교차로부근,화물,남,67세,기타불명,화물,남,38세,경상
2022102800100247,2022년 10월 28일 11시,금요일,인천광역시 계양구 병방동,경상사고,0,0,1,0,차대차 - 추돌,안전운전불이행,건조,맑음,단일로 - 기타,승용,남,52세,상해없음,승용,남,58세,경상
2022102800100320,2022년 10월 28일 13시,금요일,인천광역시 남동구 간석동,경상사고,0,0,1,0,차대차 - 기타,기타,건조,맑음,단일로 - 기타,승용,남,58세,상해없음,승용,여,30세,경상
2022102800100321,2022년 10월 28일 13시,금요일,인천광역시 서구 마전동,경상사고,0,0,1,0,차대차 - 추돌,안전운전불이행,건조,맑음,교차로 - 교차로부근,승합,남,52세,상해없음,승용,여,36세,경상
2022102800100354,2022년 10월 28일 14시,금요일,인천광역시 남동구 구월동,경상사고,0,0,1,0,차대차 - 측면충돌,교차로운행방법위반,건조,맑음,교차로 - 교차로안,승용,남,45세,상해없음,승용,남,58세,경상
2022102800100355,2022년 10월 28일 14시,금요일,인천광역시 서구 신현동,경상사고,0,0,2,0,차대차 - 측면충돌,안전운전불이행,건조,맑음,기타 - 기타,승용,여,40세,상해없음,승용,남,26세,경상
2022102800100415,2022년 10월 28일 15시,금요일,인천광역시 연수구 선학동,경상사고,0,0,1,0,차대차 - 추돌,안전운전불이행,건조,맑음,단일로 - 기타,승용,남,52세,상해없음,승용,여,31세,경상
2022102800100462,2022년 10월 28일 16시,금요일,인천광역시 서구 마전동,경상사고,0,0,1,0,차대사람 - 횡단중,안전운전불이행,건조,맑음,교차로 - 교차로안,승용,남,38세,기타불명,보행자,남,24세,경상
2022102800100463,2022년 10월 28일 16시,금요일,인천광역시 계양구 병방동,경상사고,0,0,1,0,차대차 - 측면충돌,안전운전불이행,건조,맑음,주차장 - 주차장,승용,여,61세,상해없음,승용,여,33세,경상
2022102800100505,2022년 10월 28일 17시,금요일,인천광역시 계양구 계산동,경상사고,0,0,1,0,차대차 - 측면충돌,안전운전불이행,건조,맑음,단일로 - 기타,승용,남,42세,상해없음,승용,남,34세,경상
2022102800100506,2022년 10월 28일 17시,금요일,인천광역시 남동구 도림동,경상사고,0,0,2,0,차대차 - 측면충돌,안전거리미확보,건조,맑음,단일로 - 기타,이륜,남,17세,경상,승용,남,30세,상해없음
2022102800100587,2022년 10월 28일 18시,금요일,인천광역시 남동구 만수동,경상사고,0,0,1,0,차대차 - 측면충돌,안전거리미확보,건조,맑음,단일로 - 기타,화물,남,56세,상해없음,승용,남,61세,상해없음
2022102800100654,2022년 10월 28일 19시,금요일,인천광역시 미추홀구 용현동,경상사고,0,0,1,0,차대차 - 추돌,안전운전불이행,건조,맑음,교차로 - 교차로안,승용,남,46세,상해없음,이륜,남,72세,경상
2022102800100655,2022년 10월 28일 19시,금요일,인천광역시 서구 가좌동,경상사고,0,0,3,0,차대차 - 측면충돌,안전운전불이행,건조,맑음,교차로 - 교차로부근,기타불명,기타불명,미분류,기타불명,승용,남,74세,상해없음
2022102800100656,2022년 10월 28일 19시,금요일,인천광역시 서구 왕길동,중상사고,0,1,0,0,차대차 - 기타,신호위반,건조,맑음,기타 - 기타,승용,남,60세,상해없음,이륜,남,26세,중상
2022102800100657,2022년 10월 28일 19시,금요일,인천광역시 계양구 계산동,경상사고,0,0,1,0,차대차 - 측면충돌,안전운전불이행,건조,맑음,단일로 - 기타,이륜,남,21세,상해없음,승용,남,62세,경상
2022102800100694,2022년 10월 28일 20시,금요일,인천광역시 서구 석남동,경상사고,0,0,1,0,차대차 - 정면충돌,신호위반,건조,맑음,교차로 - 교차로부근,화물,남,49세,상해없음,이륜,남,52세,경상
2022102800100729,2022년 10월 28일 21시,금요일,인천광역시 서구 마전동,경상사고,0,0,1,0,차대차 - 측면충돌,안전운전불이행,건조,맑음,교차로 - 교차로안,승용,여,52세,상해없음,승용,남,58세,경상
2022102800100730,2022년 10월 28일 21시,금요일,인천광역시 서구 불로동,중상사고,0,1,0,0,차대사람 - 기타,안전운전불이행,건조,맑음,기타 - 기타,승합,남,60세,상해없음,보행자,남,67세,중상
2022102900100022,2022년 10월 29일 01시,토요일,인천광역시 서구 석남동,경상사고,0,0,2,0,차대차 - 기타,교차로운행방법위반,건조,맑음,기타 - 기타,이륜,남,53세,상해없음,승용,남,61세,경상
2022102900100031,2022년 10월 29일 02시,토요일,인천광역시 남동구 구월동,경상사고,0,0,1,0,차대차 - 추돌,안전운전불이행,건조,맑음,교차로 - 교차로부근,승용,남,33세,상해없음,승용,남,33세,경상
2022102900100032,2022년 10월 29일 02시,토요일,인천광역시 계양구 병방동,경상사고,0,0,1,0,차대차 - 측면충돌,안전운전불이행,건조,맑음,단일로 - 기타,건설기계,남,47세,상해없음,승용,남,58세,경상
2022102900100092,2022년 10월 29일 08시,토요일,인천광역시 강화군 강화읍,중상사고,0,1,0,0,차대차 - 추돌,안전운전불이행,건조,맑음,교차로 - 교차로부근,승용,여,60세,상해없음,이륜,남,56세,중상
2022102900100118,2022년 10월 29일 09시,토요일,인천광역시 미추홀구 문학동,경상사고,0,0,1,0,차대차 - 추돌,안전운전불이행,건조,맑음,단일로 - 기타,승용,여,23세,상해없음,승용,남,39세,경상
2022102900100119,2022년 10월 29일 09시,토요일,인천광역시 연수구 옥련동,경상사고,0,0,1,0,차대차 - 추돌,안전운전불이행,건조,맑음,교차로 - 교차로부근,화물,남,23세,상해없음,승용,남,44세,상해없음
2022102900100159,2022년 10월 29일 10시,토요일,인천광역시 서구 연희동,경상사고,0,0,2,0,차대차 - 기타,안전거리미확보,건조,맑음,기타 - 기타,승용,여,55세,상해없음,승용,여,32세,경상
2022102900100207,2022년 10월 29일 11시,토요일,인천광역시 미추홀구 주안동,중상사고,0,1,0,0,차대차 - 기타,기타,건조,맑음,단일로 - 지하차도(도로)내,승용,남,75세,상해없음,이륜,남,40세,중상
2022102900100245,2022년 10월 29일 12시,토요일,인천광역시 남동구 구월동,부상신고사고,0,0,0,1,차대사람 - 기타,안전운전불이행,건조,맑음,단일로 - 기타,승용,남,30세,상해없음,보행자,남,26세,부상신고
2022102900100323,2022년 10월 29일 14시,토요일,인천광역시 서구 가정동,경상사고,0,0,1,0,차대차 - 추돌,안전운전불이행,건조,맑음,단일로 - 기타,화물,남,65세,상해없음,승합,남,57세,상해없음
2022102900100356,2022년 10월 29일 15시,토요일,인천광역시 부평구 십정동,경상사고,0,0,1,0,차대차 - 측면충돌,신호위반,건조,맑음,교차로 - 교차로안,승용,여,62세,상해없음,승용,남,73세,경상
2022102900100357,2022년 10월 29일 15시,토요일,인천광역시 서구 원당동,부상신고사고,0,0,0,1,차대사람 - 차도통행중,안전운전불이행,건조,맑음,단일로 - 기타,승용,남,61세,상해없음,보행자,남,4세,부상신고
2022102900100399,2022년 10월 29일 16시,토요일,인천광역시 중구 북성동1가,경상사고,0,0,2,0,차대차 - 추돌,직진우회전진행방해,건조,맑음,교차로 - 교차로안,승용,남,67세,경상,이륜,남,32세,경상
2022102900100400,2022년 10월 29일 16시,토요일,인천광역시 연수구 옥련동,경상사고,0,0,1,0,차대차 - 측면충돌,안전운전불이행,건조,맑음,교차로 - 교차로안,승용,남,54세,상해없음,승용,남,34세,경상
2022102900100436,2022년 10월 29일 17시,토요일,인천광역시 부평구 갈산동,부상신고사고,0,0,0,1,차대사람 - 길가장자리구역통행중,안전운전불이행,건조,맑음,단일로 - 기타,기타불명,기타불명,미분류,기타불명,보행자,남,43세,부상신고
2022102900100477,2022년 10월 29일 18시,토요일,인천광역시 계양구 임학동,경상사고,0,0,2,0,차대차 - 측면충돌,안전운전불이행,건조,맑음,교차로 - 교차로안,승용,남,38세,상해없음,승용,남,35세,경상
2022102900100518,2022년 10월 29일 19시,토요일,인천광역시 미추홀구 용현동,경상사고,0,0,1,0,차대사람 - 기타,안전운전불이행,건조,맑음,단일로 - 기타,승용,남,32세,상해없음,보행자,남,37세,경상
2022102900100519,2022년 10월 29일 19시,토요일,인천광역시 남동구 만수동,경상사고,0,0,1,0,차대사람 - 차도통행중,안전운전불이행,건조,맑음,교차로 - 교차로부근,화물,남,50세,상해없음,보행자,남,54세,경상
2022102900100559,2022년 10월 29일 20시,토요일,인천광역시 미추홀구 도화동,사망사고,1,0,0,0,차대사람 - 횡단중,안전운전불이행,건조,맑음,단일로 - 기타,승용,여,23세,상해없음,보행자,여,82세,사망
2022102900100599,2022년 10월 29일 21시,토요일,인천광역시 서구 신현동,중상사고,0,1,1,0,차대차 - 측면충돌,신호위반,건조,맑음,교차로 - 교차로안,승합,남,52세,상해없음,승용,남,39세,경상
2022102900100600,2022년 10월 29일 21시,토요일,인천광역시 연수구 송도동,경상사고,0,0,1,0,차대차 - 측면충돌,안전운전불이행,건조,맑음,단일로 - 기타,이륜,남,31세,상해없음,승용,남,60세,경상
2022102900100628,2022년 10월 29일 22시,토요일,인천광역시 계양구 효성동,경상사고,0,0,2,0,차대차 - 측면충돌,중앙선침범,건조,맑음,단일로 - 기타,승용,남,44세,상해없음,승용,남,58세,경상
2022102900100648,2022년 10월 29일 23시,토요일,인천광역시 미추홀구 숭의동,부상신고사고,0,0,0,1,차대사람 - 기타,안전운전불이행,건조,맑음,단일로 - 기타,승용,남,23세,상해없음,보행자,남,28세,부상신고
2022102900100649,2022년 10월 29일 23시,토요일,인천광역시 연수구 송도동,경상사고,0,0,4,0,차대차 - 측면충돌,안전운전불이행,건조,맑음,교차로 - 교차로부근,승용,남,34세,상해없음,승용,여,64세,경상
2022103000100011,2022년 10월 30일 00시,일요일,인천광역시 미추홀구 숭의동,경상사고,0,0,1,0,차대차 - 추돌,안전운전불이행,건조,맑음,교차로 - 교차로부근,승용,남,38세,상해없음,승용,남,25세,경상
2022103000100056,2022년 10월 30일 04시,일요일,인천광역시 서구 연희동,경상사고,0,0,1,0,차대차 - 기타,신호위반,건조,맑음,교차로 - 교차로안,승용,남,23세,상해없음,승용,여,50세,경상
2022103000100074,2022년 10월 30일 06시,일요일,인천광역시 서구 경서동,중상사고,0,1,0,0,차대사람 - 보도통행중,안전운전불이행,건조,맑음,단일로 - 기타,승용,여,43세,상해없음,보행자,여,71세,중상
2022103000100139,2022년 10월 30일 10시,일요일,인천광역시 서구 금곡동,중상사고,0,1,0,0,차대사람 - 횡단중,보행자보호의무위반,건조,맑음,교차로 - 교차로안,화물,남,57세,상해없음,보행자,여,55세,중상
2022103000100232,2022년 10월 30일 13시,일요일,인천광역시 강화군 길상면,경상사고,0,0,1,0,차대사람 - 횡단중,안전운전불이행,건조,맑음,단일로 - 지하차도(도로)내,승용,여,35세,상해없음,보행자,여,10세,경상
2022103000100267,2022년 10월 30일 14시,일요일,인천광역시 남동구 만수동,경상사고,0,0,2,0,차대차 - 측면충돌,안전거리미확보,건조,맑음,단일로 - 기타,승용,남,62세,경상,승용,남,59세,경상
2022103000100289,2022년 10월 30일 15시,일요일,인천광역시 미추홀구 주안동,부상신고사고,0,0,0,1,차대사람 - 기타,안전운전불이행,건조,맑음,단일로 - 기타,승용,여,59세,상해없음,보행자,여,43세,부상신고
2022103000100290,2022년 10월 30일 15시,일요일,인천광역시 연수구 연수동,경상사고,0,0,1,0,차대사람 - 차도통행중,불법유턴,건조,맑음,교차로 - 교차로부근,승용,남,56세,기타불명,보행자,여,27세,경상
2022103000100291,2022년 10월 30일 15시,일요일,인천광역시 연수구 동춘동,경상사고,0,0,2,0,차대차 - 후진중충돌,불법유턴,건조,맑음,교차로 - 교차로부근,승용,남,49세,경상,승용,여,62세,경상
2022103000100317,2022년 10월 30일 16시,일요일,인천광역시 남동구 만수동,경상사고,0,0,3,0,차대차 - 측면충돌,교차로운행방법위반,건조,맑음,교차로 - 교차로안,화물,남,55세,상해없음,승용,남,18세,경상
2022103000100427,2022년 10월 30일 21시,일요일,인천광역시 서구 가정동,경상사고,0,0,1,0,차대차 - 기타,안전거리미확보,건조,맑음,기타 - 기타,승용,남,40세,상해없음,승용,남,46세,경상
2022103000100444,2022년 10월 30일 23시,일요일,인천광역시 서구 청라동,경상사고,0,0,1,0,차대차 - 기타,안전운전불이행,건조,맑음,교차로 - 교차로안,승용,남,21세,상해없음,승용,남,43세,경상
2022103100100005,2022년 10월 31일 00시,월요일,인천광역시 미추홀구 주안동,부상신고사고,0,0,0,1,차대차 - 기타,안전운전불이행,건조,맑음,교차로 - 교차로안,승용,남,25세,상해없음,이륜,남,39세,부상신고
2022103100100016,2022년 10월 31일 03시,월요일,인천광역시 미추홀구 주안동,경상사고,0,0,1,1,차대차 - 후진중충돌,안전운전불이행,건조,맑음,기타 - 기타,승용,남,22세,상해없음,승용,남,55세,경상
2022103100100041,2022년 10월 31일 06시,월요일,인천광역시 서구 경서동,경상사고,0,0,1,0,차대차 - 측면충돌,차로위반,건조,맑음,교차로 - 교차로부근,특수,남,59세,상해없음,승용,남,28세,경상
2022103100100101,2022년 10월 31일 08시,월요일,인천광역시 미추홀구 주안동,부상신고사고,0,0,0,1,차대사람 - 기타,안전운전불이행,건조,맑음,단일로 - 기타,승용,남,66세,기타불명,보행자,남,12세,부상신고
2022103100100102,2022년 10월 31일 08시,월요일,인천광역시 남동구 구월동,경상사고,0,0,1,0,차대차 - 기타,신호위반,건조,맑음,교차로 - 교차로안,승용,여,51세,상해없음,승용,남,56세,경상
2022103100100103,2022년 10월 31일 08시,월요일,인천광역시 서구 심곡동,부상신고사고,0,0,0,1,차대사람 - 기타,안전운전불이행,건조,맑음,단일로 - 기타,승용,남,31세,상해없음,보행자,남,69세,부상신고
2022103100100104,2022년 10월 31일 08시,월요일,인천광역시 계양구 계산동,경상사고,0,0,1,0,차대사람 - 차도통행중,안전운전불이행,건조,맑음,교차로 - 교차로부근,승용,남,68세,상해없음,보행자,남,74세,경상
2022103100100174,2022년 10월 31일 10시,월요일,인천광역시 연수구 옥련동,경상사고,0,0,1,0,차대차 - 측면충돌,안전운전불이행,건조,맑음,단일로 - 기타,화물,남,51세,상해없음,화물,남,60세,경상
2022103100100175,2022년 10월 31일 10시,월요일,인천광역시 부평구 삼산동,경상사고,0,0,1,0,차대사람 - 횡단중,보행자보호의무위반,건조,맑음,교차로 - 교차로횡단보도내,승용,여,58세,상해없음,보행자,남,59세,경상
2022103100100208,2022년 10월 31일 11시,월요일,인천광역시 중구 항동7가,경상사고,0,0,1,0,차대차 - 추돌,안전운전불이행,건조,맑음,단일로 - 기타,승용,남,49세,상해없음,승용,남,26세,경상
2022103100100209,2022년 10월 31일 11시,월요일,인천광역시 부평구 청천동,경상사고,0,0,1,0,차대차 - 후진중충돌,안전운전불이행,건조,맑음,교차로 - 교차로부근,승용,여,28세,상해없음,승용,남,35세,경상
2022103100100252,2022년 10월 31일 12시,월요일,인천광역시 남동구 구월동,경상사고,0,0,3,0,차대차 - 추돌,안전운전불이행,건조,맑음,기타 - 기타,승용,남,33세,상해없음,승용,여,64세,경상
2022103100100253,2022년 10월 31일 12시,월요일,인천광역시 서구 심곡동,경상사고,0,0,1,0,차대차 - 정면충돌,안전운전불이행,건조,맑음,단일로 - 기타,승용,남,60세,상해없음,화물,남,45세,경상
2022103100100314,2022년 10월 31일 14시,월요일,인천광역시 서구 가정동,경상사고,0,0,2,0,차대차 - 추돌,안전운전불이행,건조,맑음,교차로 - 교차로부근,승용,남,57세,상해없음,승용,여,19세,경상
2022103100100360,2022년 10월 31일 15시,월요일,인천광역시 서구 가좌동,중상사고,0,1,0,0,차대사람 - 차도통행중,안전운전불이행,건조,맑음,교차로 - 교차로부근,화물,남,56세,상해없음,보행자,여,78세,중상
2022103100100397,2022년 10월 31일 16시,월요일,인천광역시 연수구 청학동,경상사고,0,0,1,0,차대사람 - 차도통행중,안전운전불이행,건조,맑음,교차로 - 교차로안,승용,남,32세,상해없음,보행자,여,35세,경상
2022103100100431,2022년 10월 31일 17시,월요일,인천광역시 서구 마전동,경상사고,0,0,3,0,차대차 - 기타,차로위반,건조,맑음,교차로 - 교차로안,이륜,남,55세,상해없음,화물,남,38세,경상
2022103100100494,2022년 10월 31일 18시,월요일,인천광역시 서구 석남동,경상사고,0,0,1,0,차대차 - 추돌,안전운전불이행,건조,맑음,교차로 - 교차로부근,화물,남,46세,상해없음,승용,여,33세,경상
2022103100100581,2022년 10월 31일 21시,월요일,인천광역시 부평구 청천동,경상사고,0,0,1,0,차량단독 - 공작물충돌,안전운전불이행,건조,맑음,교차로 - 교차로부근,승합,남,66세,상해없음,,,,
2022103100100620,2022년 10월 31일 23시,월요일,인천광역시 미추홀구 숭의동,사망사고,1,0,0,0,차대차 - 측면충돌,신호위반,건조,맑음,교차로 - 교차로안,승용,남,81세,상해없음,이륜,남,53세,사망
2022110100100051,2022년 11월 1일 06시,화요일,인천광역시 동구 송림동,경상사고,0,0,2,0,차대차 - 기타,신호위반,건조,맑음,교차로 - 교차로안,기타불명,기타불명,미분류,기타불명,승용,남,48세,경상
2022110100100111,2022년 11월 1일 08시,화요일,인천광역시 남동구 구월동,경상사고,0,0,1,0,차대사람 - 횡단중,안전운전불이행,건조,맑음,교차로 - 교차로안,기타불명,기타불명,미분류,기타불명,보행자,여,17세,경상
2022110100100112,2022년 11월 1일 08시,화요일,인천광역시 남동구 남촌동,경상사고,0,0,1,0,차대차 - 측면충돌,교차로운행방법위반,건조,맑음,교차로 - 교차로안,이륜,남,42세,상해없음,승용,남,35세,경상
2022110100100113,2022년 11월 1일 08시,화요일,인천광역시 계양구 노오지동,경상사고,0,0,2,0,차대차 - 측면충돌,안전거리미확보,건조,맑음,단일로 - 기타,화물,남,66세,상해없음,승용,남,39세,경상
2022110100100139,2022년 11월 1일 09시,화요일,인천광역시 서구 불로동,경상사고,0,0,1,0,차량단독 - 기타,안전운전불이행,건조,맑음,단일로 - 지하차도(도로)내,승합,남,63세,상해없음,,,,
2022110100100165,2022년 11월 1일 10시,화요일,인천광역시 미추홀구 주안동,경상사고,0,0,1,0,차대사람 - 기타,안전운전불이행,건조,맑음,단일로 - 기타,승용,남,45세,상해없음,보행자,남,30세,경상
2022110100100166,2022년 11월 1일 10시,화요일,인천광역시 부평구 산곡동,중상사고,0,1,0,0,차대차 - 측면충돌,안전운전불이행,건조,맑음,교차로 - 교차로부근,승용,여,50세,상해없음,화물,남,26세,중상
2022110100100167,2022년 11월 1일 10시,화요일,인천광역시 남동구 만수동,경상사고,0,0,1,0,차대사람 - 기타,안전운전불이행,건조,맑음,단일로 - 기타,기타불명,기타불명,미분류,기타불명,보행자,여,61세,경상
2022110100100168,2022년 11월 1일 10시,화요일,인천광역시 남동구 간석동,중상사고,0,1,0,0,차대사람 - 기타,안전운전불이행,건조,맑음,교차로 - 교차로안,승합,남,28세,상해없음,보행자,남,55세,중상
2022110100100196,2022년 11월 1일 11시,화요일,인천광역시 부평구 부평동,경상사고,0,0,2,0,차대차 - 측면충돌,안전운전불이행,건조,맑음,주차장 - 주차장,승용,남,54세,경상,승용,남,45세,경상
2022110100100197,2022년 11월 1일 11시,화요일,인천광역시 서구 석남동,경상사고,0,0,1,0,차대차 - 기타,안전거리미확보,건조,맑음,단일로 - 기타,원동기,남,35세,상해없음,승용,여,48세,경상
2022110100100267,2022년 11월 1일 13시,화요일,인천광역시 계양구 효성동,경상사고,0,0,1,0,차대차 - 측면충돌,안전운전불이행,건조,맑음,단일로 - 기타,승용,남,55세,상해없음,승용,남,30세,경상
2022110100100345,2022년 11월 1일 15시,화요일,인천광역시 계양구 임학동,경상사고,0,0,1,0,차대사람 - 길가장자리구역통행중,안전운전불이행,건조,맑음,기타 - 기타,화물,남,78세,상해없음,보행자,여,31세,경상
2022110100100435,2022년 11월 1일 17시,화요일,인천광역시 중구 신흥동3가,경상사고,0,0,1,0,차대차 - 기타,안전운전불이행,기타,맑음,교차로 - 교차로안,화물,남,55세,상해없음,화물,남,46세,경상
2022110100100436,2022년 11월 1일 17시,화요일,인천광역시 부평구 십정동,부상신고사고,0,0,0,1,차대사람 - 보도통행중,기타,건조,맑음,기타 - 기타,자전거,남,63세,상해없음,보행자,여,59세,부상신고
2022110100100495,2022년 11월 1일 18시,화요일,인천광역시 미추홀구 주안동,경상사고,0,0,1,0,차대차 - 기타,안전운전불이행,건조,맑음,기타 - 기타,승용,남,65세,상해없음,승용,여,53세,경상
2022110100100496,2022년 11월 1일 18시,화요일,인천광역시 남동구 구월동,중상사고,0,2,0,0,차대차 - 기타,안전운전불이행,건조,맑음,교차로 - 교차로안,승합,남,58세,상해없음,승용,남,31세,중상
2022110100100497,2022년 11월 1일 18시,화요일,인천광역시 계양구 작전동,경상사고,0,0,1,0,차대차 - 추돌,신호위반,건조,맑음,교차로 - 교차로안,이륜,남,51세,상해없음,이륜,남,49세,경상
2022110100100544,2022년 11월 1일 19시,화요일,인천광역시 부평구 갈산동,경상사고,0,0,1,0,차대차 - 측면충돌,안전운전불이행,건조,맑음,단일로 - 터널,승용,남,69세,상해없음,승용,남,36세,경상
2022110100100572,2022년 11월 1일 20시,화요일,인천광역시 미추홀구 주안동,경상사고,0,0,1,0,차대차 - 기타,안전운전불이행,건조,맑음,기타 - 기타,승용,남,43세,상해없음,승용,여,57세,경상
2022110100100573,2022년 11월 1일 20시,화요일,인천광역시 서구 검암동,중상사고,0,1,2,0,차대차 - 기타,안전운전불이행,건조,맑음,단일로 - 기타,이륜,남,31세,중상,승용,남,27세,경상
2022110100100596,2022년 11월 1일 21시,화요일,인천광역시 미추홀구 숭의동,경상사고,0,0,2,0,차대차 - 추돌,안전운전불이행,건조,맑음,교차로 - 교차로안,승용,남,52세,상해없음,승용,여,60세,경상
2022110100100611,2022년 11월 1일 22시,화요일,인천광역시 미추홀구 주안동,중상사고,0,1,0,0,차대사람 - 횡단중,안전운전불이행,건조,맑음,단일로 - 기타,승용,여,47세,상해없음,보행자,여,74세,중상
2022110100100612,2022년 11월 1일 22시,화요일,인천광역시 서구 가좌동,경상사고,0,0,2,0,차대차 - 정면충돌,안전운전불이행,건조,맑음,교차로 - 교차로안,승용,남,43세,상해없음,승용,남,24세,경상
2022110100100613,2022년 11월 1일 22시,화요일,인천광역시 부평구 부평동,중상사고,0,1,0,0,차대차 - 정면충돌,신호위반,건조,맑음,교차로 - 교차로안,승용,여,41세,상해없음,승용,남,56세,중상
2022110100100624,2022년 11월 1일 23시,화요일,인천광역시 남동구 만수동,경상사고,0,0,2,0,차대차 - 추돌,안전운전불이행,건조,맑음,교차로 - 교차로부근,승합,남,46세,상해없음,승용,남,64세,경상
2022110200100021,2022년 11월 2일 03시,수요일,인천광역시 부평구 십정동,경상사고,0,0,1,0,차대차 - 추돌,안전운전불이행,건조,맑음,교차로 - 교차로부근,승용,남,63세,상해없음,승용,여,56세,경상
2022110200100036,2022년 11월 2일 05시,수요일,인천광역시 중구 항동7가,경상사고,0,0,1,0,차대차 - 측면충돌,중앙선침범,건조,맑음,단일로 - 지하차도(도로)내,승용,남,61세,상해없음,화물,남,52세,경상