사고번호,사고일시,요일,시군구,사고내용,사망자수,중상자수,경상자수,부상신고자수,사고유형,법규위반,노면상태,기상상태,도로형태,가해운전자 차종,가해운전자 성별,가해운전자 연령,가해운전자 상해정도,피해운전자 차종,피해운전자 성별,피해운전자 연령,피해운전자 상해정도
2022110600100282,2022년 11월 6일 14시,일요일,인천광역시 남동구 논현동,경상사고,0,0,2,0,차대차 - 측면충돌,안전거리미확보,건조,맑음,단일로 - 기타,승용,남,29세,상해없음,승용,여,45세,경상
2022110600100309,2022년 11월 6일 15시,일요일,인천광역시 부평구 삼산동,경상사고,0,0,1,0,차대차 - 기타,안전운전불이행,건조,맑음,교차로 - 교차로부근,이륜,남,25세,기타불명,승용,남,70세,경상
2022110600100310,2022년 11월 6일 15시,일요일,인천광역시 부평구 부평동,경상사고,0,0,1,0,차대차 - 추돌,안전운전불이행,건조,맑음,교차로 - 교차로부근,승용,남,23세,상해없음,승용,여,58세,경상
2022110600100372,2022년 11월 6일 17시,일요일,인천광역시 남동구 구월동,경상사고,0,0,2,0,차대차 - 정면충돌,안전운전불이행,건조,맑음,단일로 - 지하차도(도로)내,승용,여,28세,경상,승용,여,45세,경상
2022110600100416,2022년 11월 6일 18시,일요일,인천광역시 미추홀구 주안동,경상사고,0,0,1,0,차대차 - 기타,안전운전불이행,건조,맑음,기타 - 기타,기타불명,기타불명,미분류,기타불명,승용,남,71세,경상
2022110600100417,2022년 11월 6일 18시,일요일,인천광역시 남동구 남촌동,경상사고,0,0,1,0,차대차 - 측면충돌,안전운전불이행,건조,흐림,교차로 - 교차로안,승용,여,56세,경상,승용,남,63세,상해없음
2022110600100455,2022년 11월 6일 19시,일요일,인천광역시 부평구 부평동,경상사고,0,0,1,0,차대차 - 추돌,안전운전불이행,건조,맑음,단일로 - 기타,승용,여,35세,상해없음,승용,남,53세,경상
2022110600100480,2022년 11월 6일 20시,일요일,인천광역시 남동구 논현동,중상사고,0,1,0,0,차대사람 - 횡단중,안전운전불이행,건조,맑음,기타 - 기타,승용,남,46세,상해없음,보행자,남,62세,중상
2022110600100498,2022년 11월 6일 21시,일요일,인천광역시 남동구 구월동,경상사고,0,0,1,0,차대차 - 추돌,안전운전불이행,건조,맑음,교차로 - 교차로안,승용,남,30세,상해없음,이륜,남,36세,경상
2022110600100511,2022년 11월 6일 22시,일요일,인천광역시 남동구 남촌동,경상사고,0,0,1,0,차대차 - 추돌,안전운전불이행,건조,맑음,기타 - 기타,승용,여,41세,상해없음,승용,남,31세,경상
2022110700100019,2022년 11월 7일 04시,월요일,인천광역시 부평구 구산동,경상사고,0,0,1,0,차대차 - 측면충돌,기타,건조,맑음,단일로 - 교량,승용,남,54세,상해없음,승용,남,32세,경상
2022110700100069,2022년 11월 7일 07시,월요일,인천광역시 연수구 청학동,경상사고,0,0,1,0,차대차 - 측면충돌,안전거리미확보,건조,맑음,교차로 - 교차로부근,화물,남,63세,상해없음,승용,남,36세,경상
2022110700100112,2022년 11월 7일 08시,월요일,인천광역시 서구 시천동,중상사고,0,1,2,0,차대차 - 추돌,안전운전불이행,건조,맑음,단일로 - 교량,승용,남,63세,중상,화물,남,61세,경상
2022110700100264,2022년 11월 7일 12시,월요일,인천광역시 중구 북성동1가,경상사고,0,0,1,0,차대차 - 측면충돌,안전운전불이행,건조,맑음,교차로 - 교차로횡단보도내,승용,남,59세,상해없음,자전거,남,62세,경상
2022110700100295,2022년 11월 7일 13시,월요일,인천광역시 남동구 논현동,경상사고,0,0,1,0,차대사람 - 횡단중,보행자보호의무위반,건조,맑음,교차로 - 교차로부근,개인형이동수단(PM),남,13세,상해없음,보행자,여,62세,경상
2022110700100366,2022년 11월 7일 15시,월요일,인천광역시 부평구 일신동,경상사고,0,0,1,0,차대차 - 측면충돌,안전거리미확보,건조,맑음,단일로 - 교량,승용,남,58세,상해없음,승용,여,21세,경상
2022110700100460,2022년 11월 7일 17시,월요일,인천광역시 남동구 구월동,경상사고,0,0,1,0,차대차 - 측면충돌,안전운전불이행,건조,맑음,교차로 - 교차로부근,승용,남,64세,상해없음,승용,남,46세,경상
2022110700100461,2022년 11월 7일 17시,월요일,인천광역시 부평구 갈산동,중상사고,0,1,0,0,차대사람 - 기타,안전운전불이행,건조,흐림,기타 - 기타,승용,남,69세,상해없음,보행자,남,80세,중상
2022110700100610,2022년 11월 7일 22시,월요일,인천광역시 부평구 삼산동,경상사고,0,0,1,0,차량단독 - 기타,안전운전불이행,건조,맑음,단일로 - 기타,승용,남,65세,상해없음,,,,
2022110700100620,2022년 11월 7일 23시,월요일,인천광역시 서구 가좌동,경상사고,0,0,1,0,차대차 - 측면충돌,안전운전불이행,건조,맑음,교차로 - 교차로부근,승용,남,70세,상해없음,승용,남,31세,경상
2022110800100005,2022년 11월 8일 00시,화요일,인천광역시 남동구 논현동,경상사고,0,0,3,0,차대차 - 측면충돌,신호위반,건조,맑음,교차로 - 교차로안,이륜,남,39세,상해없음,승용,남,37세,경상
2022110800100016,2022년 11월 8일 01시,화요일,인천광역시 미추홀구 숭의동,부상신고사고,0,0,0,1,차대사람 - 차도통행중,안전운전불이행,건조,맑음,단일로 - 지하차도(도로)내,승용,여,44세,상해없음,보행자,남,32세,부상신고
2022110800100122,2022년 11월 8일 08시,화요일,인천광역시 동구 송현동,경상사고,0,0,2,0,차대차 - 측면충돌,안전거리미확보,건조,흐림,단일로 - 기타,승용,여,24세,상해없음,승용,남,39세,경상
2022110800100123,2022년 11월 8일 08시,화요일,인천광역시 미추홀구 주안동,경상사고,0,0,1,0,차대차 - 추돌,안전거리미확보,건조,맑음,단일로 - 기타,화물,남,64세,상해없음,승용,남,33세,경상
2022110800100157,2022년 11월 8일 09시,화요일,인천광역시 부평구 부평동,경상사고,0,0,1,0,차대차 - 측면충돌,차로위반,건조,맑음,교차로 - 교차로부근,승용,여,57세,상해없음,이륜,남,52세,경상
2022110800100158,2022년 11월 8일 09시,화요일,인천광역시 남동구 간석동,경상사고,0,0,1,0,차대차 - 추돌,안전거리미확보,건조,맑음,단일로 - 지하차도(도로)내,승용,남,66세,상해없음,승용,남,39세,경상
2022110800100271,2022년 11월 8일 12시,화요일,인천광역시 서구 당하동,경상사고,0,0,1,0,차대차 - 기타,안전운전불이행,건조,맑음,기타 - 기타,건설기계,남,36세,상해없음,승용,남,57세,경상
2022110800100295,2022년 11월 8일 13시,화요일,인천광역시 서구 청라동,경상사고,0,0,1,0,차대사람 - 기타,기타,건조,맑음,단일로 - 기타,자전거,기타불명,미분류,기타불명,보행자,남,8세,경상
2022110800100371,2022년 11월 8일 15시,화요일,인천광역시 연수구 동춘동,경상사고,0,0,1,0,차대차 - 측면충돌,안전운전불이행,건조,맑음,교차로 - 교차로부근,화물,남,28세,상해없음,승용,여,60세,경상
2022110800100412,2022년 11월 8일 16시,화요일,인천광역시 남동구 구월동,경상사고,0,0,1,0,차대차 - 측면충돌,안전거리미확보,건조,맑음,단일로 - 기타,화물,남,52세,상해없음,승용,남,29세,경상
2022110800100459,2022년 11월 8일 17시,화요일,인천광역시 서구 마전동,경상사고,0,0,1,0,차대차 - 기타,안전운전불이행,건조,맑음,단일로 - 기타,화물,남,48세,상해없음,승용,여,46세,경상
2022110800100460,2022년 11월 8일 17시,화요일,인천광역시 연수구 송도동,경상사고,0,0,1,0,차대차 - 기타,안전운전불이행,건조,맑음,교차로 - 교차로부근,특수,남,55세,상해없음,승용,남,42세,경상
2022110800100522,2022년 11월 8일 18시,화요일,인천광역시 중구 운북동,부상신고사고,0,0,0,1,차대사람 - 기타,안전운전불이행,건조,맑음,단일로 - 기타,승합,남,54세,기타불명,보행자,남,21세,부상신고
2022110800100523,2022년 11월 8일 18시,화요일,인천광역시 남동구 간석동,경상사고,0,0,1,0,차대차 - 추돌,안전운전불이행,건조,맑음,단일로 - 기타,승용,남,69세,상해없음,승용,남,57세,경상
2022110800100524,2022년 11월 8일 18시,화요일,인천광역시 서구 왕길동,경상사고,0,0,1,0,차대차 - 추돌,안전운전불이행,건조,맑음,교차로 - 교차로안,이륜,남,31세,상해없음,승용,여,57세,경상
2022110800100525,2022년 11월 8일 18시,화요일,인천광역시 남동구 만수동,경상사고,0,0,2,0,차대차 - 측면충돌,교차로운행방법위반,건조,맑음,교차로 - 교차로안,승용,여,29세,상해없음,승용,남,71세,경상
2022110800100526,2022년 11월 8일 18시,화요일,인천광역시 남동구 장수동,경상사고,0,0,1,0,차대차 - 측면충돌,안전거리미확보,건조,맑음,단일로 - 지하차도(도로)내,화물,남,48세,상해없음,승용,여,37세,경상
2022110800100573,2022년 11월 8일 19시,화요일,인천광역시 동구 송현동,경상사고,0,0,1,0,차대사람 - 기타,안전운전불이행,건조,맑음,단일로 - 기타,승합,남,44세,상해없음,보행자,여,74세,경상
2022110800100574,2022년 11월 8일 19시,화요일,인천광역시 부평구 부개동,경상사고,0,0,1,0,차대사람 - 기타,안전운전불이행,건조,맑음,교차로 - 교차로부근,승합,남,51세,상해없음,보행자,여,61세,경상
2022110800100603,2022년 11월 8일 20시,화요일,인천광역시 옹진군 영흥면,부상신고사고,0,0,0,1,차대사람 - 횡단중,안전운전불이행,건조,맑음,단일로 - 기타,승용,남,44세,상해없음,보행자,여,47세,부상신고
2022110800100648,2022년 11월 8일 22시,화요일,인천광역시 부평구 부개동,경상사고,0,0,1,0,차대사람 - 기타,안전운전불이행,서리/결빙,흐림,교차로 - 교차로안,화물,남,52세,상해없음,보행자,여,53세,경상
2022110900100073,2022년 11월 9일 07시,수요일,인천광역시 중구 운서동,중상사고,0,1,2,0,차대차 - 측면충돌,신호위반,건조,흐림,기타 - 기타,개인형이동수단(PM),남,74세,중상,승용,남,55세,경상
2022110900100074,2022년 11월 9일 07시,수요일,인천광역시 미추홀구 도화동,경상사고,0,0,2,0,차대사람 - 기타,안전운전불이행,건조,맑음,단일로 - 기타,화물,남,55세,상해없음,보행자,여,12세,경상
2022110900100104,2022년 11월 9일 08시,수요일,인천광역시 부평구 부평동,경상사고,0,0,6,0,차대차 - 기타,신호위반,건조,맑음,교차로 - 교차로안,승용,여,35세,상해없음,승용,남,23세,경상
2022110900100105,2022년 11월 9일 08시,수요일,인천광역시 남동구 간석동,경상사고,0,0,2,0,차대차 - 추돌,안전운전불이행,건조,맑음,교차로 - 교차로부근,승용,남,31세,상해없음,승용,여,41세,경상
2022110900100106,2022년 11월 9일 08시,수요일,인천광역시 서구 연희동,경상사고,0,0,1,0,차대사람 - 차도통행중,안전운전불이행,건조,맑음,교차로 - 교차로안,화물,남,36세,상해없음,보행자,여,26세,경상
2022110900100107,2022년 11월 9일 08시,수요일,인천광역시 연수구 옥련동,경상사고,0,0,1,0,차대차 - 기타,안전거리미확보,건조,맑음,단일로 - 기타,승용,남,65세,상해없음,승용,여,56세,경상
2022110900100108,2022년 11월 9일 08시,수요일,인천광역시 연수구 옥련동,부상신고사고,0,0,0,1,차대차 - 추돌,안전운전불이행,건조,맑음,단일로 - 지하차도(도로)내,승용,남,49세,상해없음,승용,남,41세,부상신고
2022110900100146,2022년 11월 9일 09시,수요일,인천광역시 연수구 옥련동,경상사고,0,0,1,0,차대차 - 측면충돌,안전거리미확보,건조,맑음,교차로 - 교차로안,승용,여,40세,상해없음,승용,여,40세,경상
2022110900100169,2022년 11월 9일 10시,수요일,인천광역시 서구 경서동,중상사고,0,1,0,0,차대차 - 기타,안전운전불이행,건조,맑음,교차로 - 교차로안,승용,여,38세,상해없음,승용,남,51세,중상
2022110900100170,2022년 11월 9일 10시,수요일,인천광역시 연수구 송도동,경상사고,0,0,1,0,차대차 - 추돌,안전운전불이행,건조,맑음,교차로 - 교차로횡단보도내,승용,여,61세,상해없음,개인형이동수단(PM),남,18세,경상
2022110900100197,2022년 11월 9일 11시,수요일,인천광역시 계양구 계산동,중상사고,0,1,0,0,차대사람 - 보도통행중,기타,건조,맑음,단일로 - 기타,원동기,남,28세,상해없음,보행자,여,65세,중상
2022110900100286,2022년 11월 9일 14시,수요일,인천광역시 서구 당하동,경상사고,0,0,1,0,차대차 - 기타,기타,건조,맑음,단일로 - 기타,화물,남,67세,상해없음,승용,남,61세,경상
2022110900100287,2022년 11월 9일 14시,수요일,인천광역시 강화군 길상면,경상사고,0,0,1,0,차대차 - 측면충돌,교차로운행방법위반,건조,맑음,교차로 - 교차로안,화물,남,50세,상해없음,승합,남,62세,상해없음
2022110900100367,2022년 11월 9일 16시,수요일,인천광역시 연수구 연수동,경상사고,0,0,1,0,차대차 - 추돌,안전운전불이행,건조,맑음,단일로 - 기타,이륜,남,25세,기타불명,승합,남,59세,경상
2022110900100368,2022년 11월 9일 16시,수요일,인천광역시 계양구 동양동,경상사고,0,0,1,0,차대차 - 기타,안전운전불이행,건조,맑음,단일로 - 기타,기타불명,기타불명,미분류,기타불명,승용,여,55세,경상
2022110900100504,2022년 11월 9일 18시,수요일,인천광역시 서구 청라동,중상사고,0,1,1,0,차대사람 - 기타,안전운전불이행,건조,맑음,교차로 - 교차로안,승용,여,55세,상해없음,보행자,남,61세,중상
2022110900100505,2022년 11월 9일 18시,수요일,인천광역시 남동구 고잔동,중상사고,0,1,0,0,차대차 - 측면충돌,안전운전불이행,건조,맑음,단일로 - 기타,승용,남,67세,상해없음,승용,여,29세,중상
2022110900100545,2022년 11월 9일 19시,수요일,인천광역시 서구 신현동,경상사고,0,0,1,0,차대차 - 기타,안전운전불이행,건조,맑음,기타 - 기타,승용,여,57세,상해없음,화물,남,68세,경상
2022110900100581,2022년 11월 9일 20시,수요일,인천광역시 남동구 논현동,경상사고,0,0,1,0,차대차 - 추돌,안전운전불이행,건조,맑음,단일로 - 기타,승용,남,40세,상해없음,승용,여,40세,경상
2022110900100622,2022년 11월 9일 22시,수요일,인천광역시 계양구 작전동,경상사고,0,0,3,0,차대차 - 추돌,안전운전불이행,건조,맑음,교차로 - 교차로부근,승용,남,49세,상해없음,승용,남,47세,경상
2022110900100623,2022년 11월 9일 22시,수요일,인천광역시 부평구 부개동,경상사고,0,0,1,0,차대차 - 측면충돌,안전운전불이행,건조,맑음,단일로 - 기타,화물,남,50세,상해없음,승용,여,50세,경상
2022110900100636,2022년 11월 9일 23시,수요일,인천광역시 미추홀구 주안동,중상사고,0,1,2,0,차대차 - 정면충돌,신호위반,건조,맑음,교차로 - 교차로안,승용,남,70세,상해없음,이륜,남,29세,중상
2022110900100637,2022년 11월 9일 23시,수요일,인천광역시 부평구 십정동,경상사고,0,0,1,0,차량단독 - 기타,안전운전불이행,건조,맑음,단일로 - 기타,원동기,남,65세,경상,,,,
2022110900100638,2022년 11월 9일 23시,수요일,인천광역시 연수구 송도동,경상사고,0,0,1,0,차대차 - 측면충돌,안전운전불이행,건조,맑음,교차로 - 교차로안,승용,남,67세,상해없음,승용,남,38세,경상
2022111000100024,2022년 11월 10일 01시,목요일,인천광역시 미추홀구 도화동,경상사고,0,0,1,0,차대차 - 추돌,안전운전불이행,건조,맑음,교차로 - 교차로부근,승용,남,36세,상해없음,승용,남,62세,경상
2022111000100044,2022년 11월 10일 05시,목요일,인천광역시 중구 운서동,경상사고,0,0,1,0,차대차 - 정면충돌,신호위반,건조,맑음,교차로 - 교차로안,승용,남,42세,상해없음,승용,남,32세,경상
2022111000100045,2022년 11월 10일 05시,목요일,인천광역시 미추홀구 도화동,경상사고,0,0,1,0,차대차 - 측면충돌,안전운전불이행,건조,맑음,교차로 - 교차로부근,승용,남,46세,상해없음,승용,남,32세,경상
2022111000100046,2022년 11월 10일 05시,목요일,인천광역시 부평구 부평동,경상사고,0,0,1,0,차대차 - 기타,안전운전불이행,건조,맑음,단일로 - 기타,승합,남,63세,상해없음,화물,남,46세,경상
2022111000100088,2022년 11월 10일 07시,목요일,인천광역시 연수구 송도동,중상사고,0,1,0,0,차대사람 - 차도통행중,기타,건조,맑음,단일로 - 기타,승용,남,40세,상해없음,보행자,여,16세,중상
2022111000100130,2022년 11월 10일 08시,목요일,인천광역시 미추홀구 용현동,중상사고,0,1,0,0,차대사람 - 보도통행중,안전운전불이행,건조,맑음,단일로 - 기타,자전거,남,24세,상해없음,보행자,여,25세,중상
2022111000100131,2022년 11월 10일 08시,목요일,인천광역시 서구 당하동,중상사고,0,1,0,0,차대차 - 기타,신호위반,건조,맑음,교차로 - 교차로안,승용,남,61세,상해없음,이륜,남,46세,중상
2022111000100132,2022년 11월 10일 08시,목요일,인천광역시 연수구 청학동,경상사고,0,0,2,0,차대차 - 측면충돌,안전운전불이행,건조,맑음,교차로 - 교차로부근,승용,여,20세,상해없음,승용,남,44세,경상
2022111000100133,2022년 11월 10일 08시,목요일,인천광역시 남동구 서창동,경상사고,0,0,1,0,차대차 - 측면충돌,안전운전불이행,건조,맑음,교차로 - 교차로안,승용,남,61세,상해없음,승용,여,35세,경상
2022111000100165,2022년 11월 10일 09시,목요일,인천광역시 미추홀구 주안동,경상사고,0,0,1,0,차대차 - 측면충돌,안전거리미확보,건조,맑음,교차로 - 교차로안,승용,남,51세,상해없음,화물,남,64세,경상
2022111000100166,2022년 11월 10일 09시,목요일,인천광역시 부평구 삼산동,경상사고,0,0,1,0,차대차 - 측면충돌,안전거리미확보,건조,맑음,단일로 - 기타,승용,남,44세,상해없음,승용,남,39세,경상
2022111000100189,2022년 11월 10일 10시,목요일,인천광역시 연수구 송도동,경상사고,0,0,1,0,차대차 - 측면충돌,안전운전불이행,건조,맑음,단일로 - 기타,승용,남,39세,상해없음,승용,여,26세,경상
2022111000100190,2022년 11월 10일 10시,목요일,인천광역시 남동구 논현동,경상사고,0,0,2,0,차대차 - 측면충돌,안전운전불이행,건조,맑음,교차로 - 교차로안,승용,여,45세,상해없음,승용,남,32세,경상
2022111000100314,2022년 11월 10일 14시,목요일,인천광역시 남동구 만수동,경상사고,0,0,2,0,차대차 - 측면충돌,교차로운행방법위반,건조,맑음,단일로 - 기타,화물,남,50세,상해없음,승용,여,57세,경상
2022111000100315,2022년 11월 10일 14시,목요일,인천광역시 계양구 계산동,경상사고,0,0,2,0,차대차 - 측면충돌,안전운전불이행,건조,맑음,교차로 - 교차로부근,승용,남,37세,상해없음,승용,남,21세,경상
2022111000100316,2022년 11월 10일 14시,목요일,인천광역시 연수구 선학동,경상사고,0,0,1,0,차대차 - 추돌,안전운전불이행,건조,맑음,교차로 - 교차로부근,승용,여,56세,상해없음,승용,남,43세,경상
2022111000100317,2022년 11월 10일 14시,목요일,인천광역시 부평구 삼산동,경상사고,0,0,1,0,차대차 - 추돌,안전운전불이행,건조,맑음,단일로 - 기타,승용,남,26세,상해없음,화물,남,40세,상해없음
2022111000100347,2022년 11월 10일 15시,목요일,인천광역시 서구 가좌동,경상사고,0,0,1,0,차대차 - 추돌,안전운전불이행,건조,맑음,단일로 - 기타,승용,남,36세,상해없음,승용,남,48세,경상
2022111000100386,2022년 11월 10일 16시,목요일,인천광역시 부평구 십정동,중상사고,0,1,0,0,차대사람 - 기타,안전운전불이행,건조,맑음,단일로 - 기타,화물,남,67세,상해없음,보행자,여,78세,중상
2022111000100434,2022년 11월 10일 17시,목요일,인천광역시 미추홀구 도화동,경상사고,0,0,1,0,차대차 - 정면충돌,중앙선침범,건조,맑음,교차로 - 교차로안,승용,남,64세,상해없음,이륜,남,42세,경상
2022111000100435,2022년 11월 10일 17시,목요일,인천광역시 남동구 간석동,경상사고,0,0,1,0,차대차 - 추돌,안전운전불이행,건조,맑음,교차로 - 교차로부근,화물,남,52세,상해없음,승용,여,49세,경상
2022111000100505,2022년 11월 10일 18시,목요일,인천광역시 미추홀구 용현동,경상사고,0,0,1,0,차대차 - 추돌,안전운전불이행,건조,맑음,단일로 - 기타,승용,남,60세,상해없음,승용,여,44세,경상
2022111000100506,2022년 11월 10일 18시,목요일,인천광역시 미추홀구 용현동,경상사고,0,0,2,0,차대차 - 측면충돌,기타,건조,맑음,단일로 - 기타,승용,남,29세,경상,승용,남,34세,경상
2022111000100574,2022년 11월 10일 20시,목요일,인천광역시 서구 가정동,중상사고,0,1,0,0,차대차 - 측면충돌,신호위반,건조,맑음,단일로 - 기타,이륜,남,26세,상해없음,개인형이동수단(PM),남,24세,중상
2022111000100575,2022년 11월 10일 20시,목요일,인천광역시 계양구 작전동,경상사고,0,0,1,0,차대차 - 측면충돌,안전운전불이행,건조,맑음,교차로 - 교차로부근,승용,남,58세,상해없음,승용,남,26세,경상
2022111000100596,2022년 11월 10일 21시,목요일,인천광역시 계양구 임학동,경상사고,0,0,1,0,차대차 - 측면충돌,중앙선침범,건조,맑음,단일로 - 기타,승용,남,60세,상해없음,승용,남,60세,경상
2022111100100048,2022년 11월 11일 05시,금요일,인천광역시 서구 연희동,경상사고,0,0,1,0,차대차 - 기타,신호위반,건조,맑음,교차로 - 교차로횡단보도내,특수,남,63세,상해없음,승용,남,62세,경상
2022111100100070,2022년 11월 11일 06시,금요일,인천광역시 미추홀구 도화동,경상사고,0,0,1,0,차대차 - 추돌,안전운전불이행,건조,맑음,단일로 - 기타,승합,남,63세,상해없음,승용,남,28세,경상
2022111100100082,2022년 11월 11일 07시,금요일,인천광역시 중구 경동,중상사고,0,1,0,0,차대사람 - 횡단중,보행자보호의무위반,건조,맑음,교차로 - 교차로횡단보도내,승용,남,67세,상해없음,보행자,여,50세,중상
2022111100100151,2022년 11월 11일 09시,금요일,인천광역시 미추홀구 숭의동,중상사고,0,1,0,0,차대사람 - 기타,안전운전불이행,건조,맑음,단일로 - 기타,특수,남,34세,상해없음,보행자,여,80세,중상
2022111100100252,2022년 11월 11일 12시,금요일,인천광역시 연수구 송도동,경상사고,0,0,1,0,차대차 - 측면충돌,안전운전불이행,건조,맑음,교차로 - 교차로부근,승합,남,59세,상해없음,승용,남,36세,경상
2022111100100288,2022년 11월 11일 13시,금요일,인천광역시 부평구 부평동,경상사고,0,0,1,0,차대차 - 측면충돌,안전운전불이행,건조,맑음,교차로 - 교차로부근,화물,여,59세,상해없음,화물,남,64세,경상
2022111100100319,2022년 11월 11일 14시,금요일,인천광역시 중구 신흥동3가,경상사고,0,0,1,0,차대사람 - 차도통행중,안전운전불이행,건조,맑음,단일로 - 기타,자전거,여,46세,기타불명,보행자,여,39세,경상
2022111100100320,2022년 11월 11일 14시,금요일,인천광역시 서구 마전동,경상사고,0,0,4,0,차대차 - 측면충돌,신호위반,건조,맑음,교차로 - 교차로부근,승용,남,67세,상해없음,화물,남,39세,경상
2022111100100321,2022년 11월 11일 14시,금요일,인천광역시 강화군 길상면,경상사고,0,0,1,0,차대차 - 측면충돌,중앙선침범,건조,맑음,단일로 - 기타,승용,여,73세,상해없음,승용,남,61세,경상
2022111100100322,2022년 11월 11일 14시,금요일,인천광역시 강화군 길상면,경상사고,0,0,1,0,차대차 - 기타,안전운전불이행,건조,맑음,단일로 - 기타,화물,남,60세,상해없음,승용,남,27세,경상
2022111100100323,2022년 11월 11일 14시,금요일,인천광역시 부평구 부평동,부상신고사고,0,0,0,1,차대사람 - 기타,안전운전불이행,건조,맑음,기타 - 기타,이륜,남,64세,상해없음,보행자,여,33세,부상신고
2022111100100362,2022년 11월 11일 15시,금요일,인천광역시 동구 송림동,중상사고,0,2,0,0,차대차 - 측면충돌,안전거리미확보,건조,맑음,단일로 - 기타,승용,남,71세,상해없음,승용,남,31세,중상
2022111100100363,2022년 11월 11일 15시,금요일,인천광역시 남동구 구월동,경상사고,0,0,1,0,차대사람 - 기타,보행자보호의무위반,건조,맑음,교차로 - 교차로횡단보도내,화물,남,62세,상해없음,보행자,남,49세,경상
2022111100100364,2022년 11월 11일 15시,금요일,인천광역시 강화군 길상면,경상사고,0,0,1,0,차대차 - 기타,안전운전불이행,건조,맑음,단일로 - 교량,승용,남,65세,상해없음,승용,남,32세,경상
2022111100100458,2022년 11월 11일 17시,금요일,인천광역시 동구 송현동,중상사고,0,1,0,0,차대사람 - 횡단중,보행자보호의무위반,건조,맑음,교차로 - 교차로횡단보도내,승용,남,58세,상해없음,보행자,여,50세,중상
2022111100100459,2022년 11월 11일 17시,금요일,인천광역시 남동구 구월동,경상사고,0,0,1,0,차대차 - 측면충돌,교차로운행방법위반,건조,맑음,교차로 - 교차로안,승용,남,65세,상해없음,승용,여,23세,경상
2022111100100560,2022년 11월 11일 19시,금요일,인천광역시 서구 청라동,경상사고,0,0,2,0,차대차 - 기타,안전운전불이행,건조,맑음,단일로 - 기타,승용,남,43세,상해없음,승용,여,24세,경상
2022111100100561,2022년 11월 11일 19시,금요일,인천광역시 부평구 부개동,중상사고,0,1,0,0,차대차 - 측면충돌,신호위반,건조,맑음,교차로 - 교차로부근,이륜,남,31세,상해없음,자전거,남,70세,중상
2022111100100594,2022년 11월 11일 20시,금요일,인천광역시 남동구 간석동,경상사고,0,0,1,0,차대차 - 추돌,안전거리미확보,건조,맑음,교차로 - 교차로횡단보도내,승용,남,66세,상해없음,이륜,남,31세,경상
2022111100100653,2022년 11월 11일 22시,금요일,인천광역시 연수구 청학동,중상사고,0,1,0,0,차대차 - 측면충돌,교차로운행방법위반,건조,맑음,교차로 - 교차로안,승용,남,54세,상해없음,원동기,남,32세,중상
2022111100100674,2022년 11월 11일 23시,금요일,인천광역시 미추홀구 주안동,경상사고,0,0,1,0,차대사람 - 횡단중,안전운전불이행,건조,맑음,교차로 - 교차로안,승용,남,49세,상해없음,보행자,남,63세,경상
2022111100100675,2022년 11월 11일 23시,금요일,인천광역시 남동구 도림동,경상사고,0,0,2,0,차대차 - 측면충돌,안전거리미확보,건조,맑음,단일로 - 지하차도(도로)내,이륜,남,28세,상해없음,승용,남,31세,경상
2022111200100012,2022년 11월 12일 00시,토요일,인천광역시 미추홀구 숭의동,경상사고,0,0,1,0,차대차 - 추돌,안전운전불이행,건조,맑음,단일로 - 지하차도(도로)내,이륜,남,17세,상해없음,승용,남,61세,경상
2022111200100036,2022년 11월 12일 03시,토요일,인천광역시 중구 신흥동3가,경상사고,0,0,1,0,차대차 - 기타,중앙선침범,건조,맑음,교차로 - 교차로부근,승용,남,35세,상해없음,화물,남,64세,경상
2022111200100037,2022년 11월 12일 03시,토요일,인천광역시 연수구 옥련동,중상사고,0,1,2,0,차대차 - 측면충돌,중앙선침범,건조,맑음,교차로 - 교차로부근,승용,여,29세,상해없음,승용,남,61세,중상
2022111200100058,2022년 11월 12일 05시,토요일,인천광역시 남동구 간석동,경상사고,0,0,1,0,차량단독 - 기타,기타,건조,맑음,단일로 - 지하차도(도로)내,승용,남,61세,상해없음,,,,
2022111200100059,2022년 11월 12일 05시,토요일,인천광역시 연수구 송도동,경상사고,0,0,4,0,차대차 - 추돌,안전운전불이행,건조,맑음,교차로 - 교차로부근,승용,남,29세,상해없음,승용,남,41세,경상
2022111200100080,2022년 11월 12일 07시,토요일,인천광역시 남동구 간석동,부상신고사고,0,0,0,1,차량단독 - 기타,기타,건조,맑음,단일로 - 터널,이륜,남,31세,부상신고,,,,
2022111200100194,2022년 11월 12일 11시,토요일,인천광역시 연수구 연수동,중상사고,0,1,0,0,차대사람 - 횡단중,보행자보호의무위반,건조,맑음,교차로 - 교차로횡단보도내,화물,남,40세,상해없음,보행자,여,67세,중상
2022111200100231,2022년 11월 12일 12시,토요일,인천광역시 부평구 부평동,경상사고,0,0,3,0,차대차 - 측면충돌,안전운전불이행,건조,맑음,교차로 - 교차로부근,승용,여,58세,상해없음,승용,남,34세,경상
2022111200100232,2022년 11월 12일 12시,토요일,인천광역시 계양구 작전동,경상사고,0,0,1,0,차대차 - 측면충돌,안전운전불이행,건조,맑음,단일로 - 기타,화물,남,54세,상해없음,이륜,남,22세,경상