사고번호,사고일시,요일,시군구,사고내용,사망자수,중상자수,경상자수,부상신고자수,사고유형,법규위반,노면상태,기상상태,도로형태,가해운전자 차종,가해운전자 성별,가해운전자 연령,가해운전자 상해정도,피해운전자 차종,피해운전자 성별,피해운전자 연령,피해운전자 상해정도
2022113000100304,2022년 11월 30일 15시,수요일,인천광역시 미추홀구 용현동,경상사고,0,0,1,0,차대사람 - 차도통행중,안전운전불이행,건조,맑음,단일로 - 기타,승용,남,78세,상해없음,보행자,남,17세,경상
2022113000100305,2022년 11월 30일 15시,수요일,인천광역시 부평구 십정동,중상사고,0,1,0,0,차대사람 - 기타,안전운전불이행,건조,맑음,단일로 - 기타,승용,남,67세,상해없음,보행자,여,57세,중상
2022113000100306,2022년 11월 30일 15시,수요일,인천광역시 남동구 간석동,경상사고,0,0,1,0,차대사람 - 기타,안전운전불이행,건조,맑음,교차로 - 교차로안,승용,남,55세,상해없음,보행자,남,65세,경상
2022113000100307,2022년 11월 30일 15시,수요일,인천광역시 계양구 효성동,경상사고,0,0,3,0,차대차 - 기타,안전운전불이행,건조,맑음,단일로 - 기타,승용,여,28세,경상,승용,남,30세,경상
2022113000100330,2022년 11월 30일 16시,수요일,인천광역시 연수구 송도동,중상사고,0,3,0,0,차대차 - 추돌,안전운전불이행,건조,맑음,단일로 - 기타,승용,여,52세,기타불명,승용,남,30세,중상
2022113000100374,2022년 11월 30일 17시,수요일,인천광역시 미추홀구 관교동,경상사고,0,0,2,0,차대차 - 추돌,안전거리미확보,건조,맑음,교차로 - 교차로안,승용,여,28세,상해없음,승용,남,68세,경상
2022113000100375,2022년 11월 30일 17시,수요일,인천광역시 서구 마전동,경상사고,0,0,1,0,차대사람 - 횡단중,보행자보호의무위반,건조,맑음,교차로 - 교차로안,승용,여,63세,상해없음,보행자,남,3세,경상
2022113000100376,2022년 11월 30일 17시,수요일,인천광역시 강화군 강화읍,경상사고,0,0,1,0,차대차 - 측면충돌,신호위반,젖음/습기,흐림,교차로 - 교차로안,승용,남,28세,경상,승합,남,48세,상해없음
2022113000100377,2022년 11월 30일 17시,수요일,인천광역시 연수구 동춘동,경상사고,0,0,1,0,차대차 - 측면충돌,안전운전불이행,건조,맑음,단일로 - 기타,승용,남,64세,상해없음,승용,남,31세,경상
2022113000100426,2022년 11월 30일 18시,수요일,인천광역시 미추홀구 주안동,중상사고,0,1,0,0,차대차 - 정면충돌,신호위반,건조,맑음,교차로 - 교차로부근,승용,여,51세,기타불명,이륜,남,39세,중상
2022113000100427,2022년 11월 30일 18시,수요일,인천광역시 남동구 논현동,경상사고,0,0,1,0,차대차 - 추돌,안전운전불이행,건조,맑음,단일로 - 기타,승용,남,75세,상해없음,승용,남,24세,경상
2022113000100530,2022년 11월 30일 22시,수요일,인천광역시 미추홀구 문학동,경상사고,0,0,1,0,차대차 - 측면충돌,안전운전불이행,건조,맑음,단일로 - 기타,승용,남,47세,상해없음,승용,남,58세,경상
2022113000100531,2022년 11월 30일 22시,수요일,인천광역시 미추홀구 주안동,중상사고,0,1,0,0,차대차 - 정면충돌,안전운전불이행,건조,맑음,단일로 - 고가도로위,기타불명,남,42세,상해없음,승용,남,71세,중상
2022120100100010,2022년 12월 1일 00시,목요일,인천광역시 남동구 고잔동,경상사고,0,0,1,0,차대차 - 측면충돌,안전운전불이행,건조,맑음,교차로 - 교차로부근,화물,남,51세,상해없음,승용,여,31세,경상
2022120100100017,2022년 12월 1일 01시,목요일,인천광역시 부평구 산곡동,중상사고,0,1,0,0,차대차 - 기타,안전운전불이행,건조,맑음,교차로 - 교차로부근,승용,남,35세,기타불명,이륜,남,48세,중상
2022120100100018,2022년 12월 1일 01시,목요일,인천광역시 남동구 수산동,중상사고,0,1,1,0,차대차 - 추돌,안전운전불이행,건조,맑음,교차로 - 교차로부근,승용,남,38세,상해없음,승용,여,56세,중상
2022120100100039,2022년 12월 1일 05시,목요일,인천광역시 서구 가정동,경상사고,0,0,1,0,차대차 - 추돌,안전거리미확보,건조,맑음,교차로 - 교차로부근,승용,남,31세,상해없음,승용,남,72세,경상
2022120100100061,2022년 12월 1일 06시,목요일,인천광역시 미추홀구 주안동,경상사고,0,0,3,0,차대사람 - 기타,안전운전불이행,건조,맑음,단일로 - 기타,승용,여,36세,상해없음,보행자,여,64세,경상
2022120100100111,2022년 12월 1일 08시,목요일,인천광역시 남동구 간석동,경상사고,0,0,1,0,차대사람 - 횡단중,보행자보호의무위반,건조,맑음,교차로 - 교차로부근,승용,여,39세,상해없음,보행자,남,54세,경상
2022120100100172,2022년 12월 1일 10시,목요일,인천광역시 미추홀구 주안동,중상사고,0,1,0,0,차대차 - 측면충돌,직진우회전진행방해,건조,맑음,교차로 - 교차로안,승용,남,22세,상해없음,이륜,남,19세,중상
2022120100100201,2022년 12월 1일 11시,목요일,인천광역시 남동구 고잔동,경상사고,0,0,2,0,차대차 - 측면충돌,안전거리미확보,건조,맑음,단일로 - 지하차도(도로)내,승용,남,73세,상해없음,승용,남,31세,경상
2022120100100286,2022년 12월 1일 14시,목요일,인천광역시 서구 가좌동,경상사고,0,0,1,0,차대차 - 측면충돌,안전운전불이행,건조,맑음,단일로 - 기타,화물,남,42세,상해없음,승용,여,32세,경상
2022120100100322,2022년 12월 1일 15시,목요일,인천광역시 서구 왕길동,경상사고,0,0,2,0,차대차 - 측면충돌,안전운전불이행,건조,맑음,교차로 - 교차로부근,승용,남,53세,상해없음,승용,여,23세,경상
2022120100100323,2022년 12월 1일 15시,목요일,인천광역시 남동구 남촌동,중상사고,0,1,0,0,차대차 - 측면충돌,안전운전불이행,건조,맑음,단일로 - 기타,승용,남,62세,상해없음,자전거,남,89세,중상
2022120100100360,2022년 12월 1일 16시,목요일,인천광역시 서구 가좌동,경상사고,0,0,1,0,차대사람 - 기타,안전운전불이행,건조,맑음,교차로 - 교차로안,화물,남,30세,상해없음,보행자,여,73세,경상
2022120100100400,2022년 12월 1일 17시,목요일,인천광역시 미추홀구 숭의동,경상사고,0,0,3,0,차대차 - 측면충돌,교차로운행방법위반,건조,맑음,교차로 - 교차로부근,화물,남,65세,상해없음,승용,여,55세,경상
2022120100100401,2022년 12월 1일 17시,목요일,인천광역시 서구 공촌동,경상사고,0,0,2,0,차대차 - 기타,안전운전불이행,건조,맑음,단일로 - 기타,승용,여,59세,상해없음,승용,남,29세,경상
2022120100100402,2022년 12월 1일 17시,목요일,인천광역시 강화군 하점면,중상사고,0,1,0,0,차대차 - 추돌,안전운전불이행,건조,맑음,단일로 - 기타,승용,남,46세,기타불명,승용,남,31세,중상
2022120100100403,2022년 12월 1일 17시,목요일,인천광역시 남동구 도림동,경상사고,0,0,1,0,차대차 - 측면충돌,신호위반,건조,맑음,교차로 - 교차로횡단보도내,승용,여,48세,상해없음,자전거,남,10세,경상
2022120100100449,2022년 12월 1일 18시,목요일,인천광역시 남동구 구월동,경상사고,0,0,1,0,차대차 - 측면충돌,안전운전불이행,건조,맑음,단일로 - 기타,승용,남,31세,상해없음,승용,여,54세,경상
2022120100100504,2022년 12월 1일 20시,목요일,인천광역시 계양구 계산동,경상사고,0,0,3,0,차대차 - 기타,안전운전불이행,건조,맑음,단일로 - 기타,이륜,남,50세,상해없음,승용,여,38세,경상
2022120100100524,2022년 12월 1일 21시,목요일,인천광역시 서구 당하동,경상사고,0,0,1,0,차대차 - 측면충돌,안전운전불이행,건조,맑음,단일로 - 기타,승용,남,42세,상해없음,승용,남,44세,경상
2022120100100525,2022년 12월 1일 21시,목요일,인천광역시 부평구 부평동,경상사고,0,0,1,0,차대사람 - 기타,안전운전불이행,건조,맑음,단일로 - 기타,승용,남,30세,상해없음,보행자,남,36세,경상
2022120100100546,2022년 12월 1일 22시,목요일,인천광역시 미추홀구 학익동,경상사고,0,0,3,0,차대차 - 추돌,안전운전불이행,건조,맑음,단일로 - 기타,승용,여,48세,상해없음,승합,남,43세,경상
2022120100100547,2022년 12월 1일 22시,목요일,인천광역시 부평구 십정동,경상사고,0,0,1,0,차대사람 - 기타,안전운전불이행,건조,맑음,단일로 - 기타,승용,남,53세,기타불명,보행자,남,41세,경상
2022120100100548,2022년 12월 1일 22시,목요일,인천광역시 부평구 청천동,부상신고사고,0,0,0,1,차대사람 - 기타,안전운전불이행,건조,맑음,단일로 - 기타,승용,남,50세,상해없음,보행자,남,25세,부상신고
2022120200100026,2022년 12월 2일 02시,금요일,인천광역시 부평구 십정동,경상사고,0,0,2,0,차대차 - 측면충돌,안전운전불이행,건조,맑음,교차로 - 교차로부근,승용,남,46세,상해없음,승용,남,58세,경상
2022120200100027,2022년 12월 2일 02시,금요일,인천광역시 남동구 간석동,경상사고,0,0,1,0,차대차 - 측면충돌,교차로운행방법위반,건조,맑음,단일로 - 기타,승용,남,31세,경상,승용,남,45세,상해없음
2022120200100033,2022년 12월 2일 03시,금요일,인천광역시 연수구 청학동,경상사고,0,0,1,0,차대차 - 정면충돌,신호위반,건조,맑음,교차로 - 교차로부근,승용,여,57세,상해없음,화물,남,67세,경상
2022120200100038,2022년 12월 2일 04시,금요일,인천광역시 남동구 간석동,경상사고,0,0,3,0,차대차 - 추돌,안전운전불이행,건조,맑음,단일로 - 기타,승용,남,65세,상해없음,승용,남,66세,경상
2022120200100126,2022년 12월 2일 08시,금요일,인천광역시 남동구 구월동,경상사고,0,0,1,0,차대차 - 추돌,안전운전불이행,건조,맑음,단일로 - 기타,승용,남,28세,상해없음,승용,여,33세,경상
2022120200100127,2022년 12월 2일 08시,금요일,인천광역시 서구 연희동,경상사고,0,0,2,0,차대차 - 정면충돌,신호위반,건조,맑음,교차로 - 교차로안,건설기계,남,50세,상해없음,승용,남,24세,경상
2022120200100156,2022년 12월 2일 09시,금요일,인천광역시 남동구 만수동,중상사고,0,1,0,0,차대사람 - 횡단중,신호위반,건조,맑음,교차로 - 교차로횡단보도내,승용,남,39세,상해없음,보행자,여,60세,중상
2022120200100255,2022년 12월 2일 12시,금요일,인천광역시 남동구 수산동,경상사고,0,0,1,0,차대차 - 후진중충돌,안전운전불이행,건조,맑음,교차로 - 교차로안,화물,여,56세,상해없음,승용,남,62세,경상
2022120200100284,2022년 12월 2일 13시,금요일,인천광역시 동구 송현동,경상사고,0,0,1,0,차대차 - 측면충돌,안전운전불이행,건조,맑음,기타 - 기타,승용,남,59세,상해없음,승용,남,42세,경상
2022120200100285,2022년 12월 2일 13시,금요일,인천광역시 서구 석남동,부상신고사고,0,0,0,1,차대차 - 후진중충돌,안전운전불이행,건조,맑음,교차로 - 교차로부근,승용,남,31세,상해없음,승용,남,62세,부상신고
2022120200100286,2022년 12월 2일 13시,금요일,인천광역시 남동구 남촌동,경상사고,0,0,1,0,차대차 - 측면충돌,신호위반,건조,맑음,교차로 - 교차로부근,승용,여,58세,상해없음,화물,남,42세,경상
2022120200100445,2022년 12월 2일 17시,금요일,인천광역시 서구 마전동,경상사고,0,0,2,0,차대차 - 측면충돌,안전운전불이행,건조,맑음,교차로 - 교차로안,승용,남,31세,상해없음,승용,남,24세,경상
2022120200100447,2022년 12월 2일 17시,금요일,인천광역시 남동구 고잔동,중상사고,0,2,0,0,차대사람 - 횡단중,안전운전불이행,건조,맑음,단일로 - 기타,승용,남,53세,상해없음,보행자,여,58세,중상
2022120200100514,2022년 12월 2일 18시,금요일,인천광역시 서구 청라동,경상사고,0,0,2,0,차대차 - 추돌,안전운전불이행,건조,맑음,교차로 - 교차로안,승용,남,44세,상해없음,승용,남,31세,경상
2022120200100515,2022년 12월 2일 18시,금요일,인천광역시 남동구 만수동,중상사고,0,1,0,0,차대사람 - 길가장자리구역통행중,중앙선침범,건조,맑음,교차로 - 교차로안,승용,남,60세,상해없음,보행자,남,58세,중상
2022120200100564,2022년 12월 2일 19시,금요일,인천광역시 남동구 간석동,경상사고,0,0,2,0,차대차 - 추돌,안전운전불이행,건조,맑음,단일로 - 기타,승용,여,61세,상해없음,승용,여,31세,경상
2022120200100565,2022년 12월 2일 19시,금요일,인천광역시 강화군 길상면,경상사고,0,0,1,0,차대차 - 추돌,안전운전불이행,건조,흐림,단일로 - 교량,승용,남,30세,상해없음,화물,남,66세,경상
2022120200100593,2022년 12월 2일 20시,금요일,인천광역시 서구 마전동,경상사고,0,0,1,0,차대차 - 추돌,안전운전불이행,건조,맑음,교차로 - 교차로부근,승용,남,58세,상해없음,승용,남,39세,경상
2022120200100627,2022년 12월 2일 22시,금요일,인천광역시 부평구 십정동,경상사고,0,0,1,0,차대차 - 측면충돌,안전운전불이행,건조,맑음,단일로 - 기타,승용,남,65세,상해없음,승용,여,30세,경상
2022120200100645,2022년 12월 2일 23시,금요일,인천광역시 서구 연희동,경상사고,0,0,2,0,차대차 - 추돌,안전운전불이행,건조,맑음,교차로 - 교차로부근,승용,남,27세,상해없음,승용,남,59세,경상
2022120300100007,2022년 12월 3일 00시,토요일,인천광역시 미추홀구 주안동,중상사고,0,1,0,0,차대사람 - 횡단중,안전운전불이행,건조,맑음,교차로 - 교차로부근,이륜,남,41세,상해없음,보행자,남,56세,중상
2022120300100034,2022년 12월 3일 03시,토요일,인천광역시 동구 송림동,중상사고,0,1,0,0,차대사람 - 기타,안전운전불이행,건조,맑음,단일로 - 기타,화물,남,71세,상해없음,보행자,남,42세,중상
2022120300100051,2022년 12월 3일 05시,토요일,인천광역시 미추홀구 문학동,경상사고,0,0,1,0,차대차 - 측면충돌,안전거리미확보,젖음/습기,눈,단일로 - 기타,기타불명,기타불명,미분류,기타불명,승용,남,58세,경상
2022120300100072,2022년 12월 3일 06시,토요일,인천광역시 연수구 청학동,중상사고,0,2,0,0,차대차 - 측면충돌,신호위반,건조,맑음,단일로 - 기타,승용,남,36세,상해없음,화물,남,69세,중상
2022120300100073,2022년 12월 3일 06시,토요일,인천광역시 남동구 논현동,경상사고,0,0,1,0,차대차 - 측면충돌,신호위반,서리/결빙,흐림,교차로 - 교차로안,화물,남,32세,상해없음,이륜,남,21세,경상
2022120300100087,2022년 12월 3일 07시,토요일,인천광역시 중구 항동7가,사망사고,1,0,0,0,차대사람 - 횡단중,신호위반,젖음/습기,비,단일로 - 기타,승용,남,67세,상해없음,보행자,여,50세,사망
2022120300100088,2022년 12월 3일 07시,토요일,인천광역시 남동구 고잔동,경상사고,0,0,1,0,차대차 - 정면충돌,신호위반,건조,맑음,교차로 - 교차로부근,승용,여,44세,상해없음,승용,남,41세,경상
2022120300100119,2022년 12월 3일 08시,토요일,인천광역시 서구 당하동,중상사고,0,1,0,0,차대차 - 추돌,안전운전불이행,젖음/습기,맑음,교차로 - 교차로부근,승용,남,36세,상해없음,승용,여,48세,중상
2022120300100185,2022년 12월 3일 11시,토요일,인천광역시 미추홀구 관교동,경상사고,0,0,1,0,차대차 - 측면충돌,안전운전불이행,건조,맑음,단일로 - 기타,승용,남,77세,상해없음,화물,남,61세,경상
2022120300100186,2022년 12월 3일 11시,토요일,인천광역시 부평구 부평동,중상사고,0,1,0,0,차량단독 - 기타,기타,건조,맑음,단일로 - 기타,승합,남,54세,상해없음,,,,
2022120300100248,2022년 12월 3일 13시,토요일,인천광역시 미추홀구 용현동,경상사고,0,0,2,0,차대차 - 측면충돌,교차로운행방법위반,건조,맑음,단일로 - 기타,화물,남,44세,상해없음,승용,여,49세,경상
2022120300100249,2022년 12월 3일 13시,토요일,인천광역시 서구 검암동,경상사고,0,0,1,0,차대차 - 측면충돌,신호위반,건조,맑음,교차로 - 교차로안,승용,남,54세,상해없음,승용,남,72세,경상
2022120300100278,2022년 12월 3일 14시,토요일,인천광역시 남동구 간석동,경상사고,0,0,1,0,차대차 - 후진중충돌,안전운전불이행,건조,맑음,단일로 - 기타,승용,여,53세,상해없음,승용,남,67세,경상
2022120300100313,2022년 12월 3일 15시,토요일,인천광역시 미추홀구 도화동,경상사고,0,0,1,0,차량단독 - 기타,안전운전불이행,건조,맑음,단일로 - 기타,승합,남,61세,상해없음,,,,
2022120300100351,2022년 12월 3일 16시,토요일,인천광역시 계양구 작전동,경상사고,0,0,1,0,차대사람 - 길가장자리구역통행중,안전운전불이행,건조,맑음,기타 - 기타,승용,남,63세,기타불명,보행자,남,81세,경상
2022120300100391,2022년 12월 3일 17시,토요일,인천광역시 연수구 송도동,경상사고,0,0,2,0,차대차 - 측면충돌,기타,건조,맑음,단일로 - 기타,승용,남,61세,상해없음,승용,남,54세,경상
2022120300100463,2022년 12월 3일 19시,토요일,인천광역시 남동구 도림동,부상신고사고,0,0,0,1,차대차 - 측면충돌,안전거리미확보,건조,맑음,단일로 - 지하차도(도로)내,기타불명,기타불명,미분류,기타불명,승용,남,38세,부상신고
2022120300100489,2022년 12월 3일 20시,토요일,인천광역시 남동구 간석동,경상사고,0,0,1,0,차대차 - 측면충돌,교차로운행방법위반,건조,흐림,교차로 - 교차로안,승용,남,26세,상해없음,승용,남,24세,경상
2022120300100490,2022년 12월 3일 20시,토요일,인천광역시 서구 석남동,경상사고,0,0,4,0,차대차 - 기타,안전운전불이행,건조,맑음,기타 - 기타,승용,남,51세,상해없음,승용,남,38세,경상
2022120300100524,2022년 12월 3일 21시,토요일,인천광역시 서구 마전동,경상사고,0,0,1,0,차대차 - 추돌,안전운전불이행,건조,맑음,교차로 - 교차로부근,승용,남,51세,상해없음,승용,여,57세,경상
2022120300100565,2022년 12월 3일 23시,토요일,인천광역시 부평구 십정동,경상사고,0,0,2,0,차대사람 - 횡단중,안전운전불이행,건조,맑음,교차로 - 교차로안,승용,남,70세,상해없음,보행자,남,29세,경상
2022120300100566,2022년 12월 3일 23시,토요일,인천광역시 남동구 구월동,경상사고,0,0,1,0,차대차 - 추돌,기타,건조,맑음,교차로 - 교차로부근,승용,여,54세,상해없음,이륜,남,31세,경상
2022120300100567,2022년 12월 3일 23시,토요일,인천광역시 연수구 송도동,경상사고,0,0,2,0,차대차 - 측면충돌,신호위반,건조,맑음,교차로 - 교차로안,승용,남,31세,상해없음,승용,여,49세,경상
2022120300100568,2022년 12월 3일 23시,토요일,인천광역시 연수구 연수동,경상사고,0,0,1,0,차대사람 - 길가장자리구역통행중,안전운전불이행,건조,맑음,교차로 - 교차로부근,승용,남,49세,상해없음,보행자,남,64세,경상
2022120400100031,2022년 12월 4일 02시,일요일,인천광역시 부평구 삼산동,중상사고,0,1,0,0,차대차 - 추돌,안전운전불이행,건조,맑음,단일로 - 기타,승용,남,41세,상해없음,승용,남,60세,중상
2022120400100039,2022년 12월 4일 04시,일요일,인천광역시 부평구 부평동,경상사고,0,0,1,0,차대사람 - 기타,안전운전불이행,건조,흐림,단일로 - 기타,승용,남,26세,상해없음,보행자,남,27세,경상
2022120400100082,2022년 12월 4일 09시,일요일,인천광역시 부평구 산곡동,경상사고,0,0,1,0,차대차 - 측면충돌,안전운전불이행,건조,맑음,기타 - 기타,승용,여,46세,상해없음,자전거,남,65세,경상
2022120400100083,2022년 12월 4일 09시,일요일,인천광역시 남동구 남촌동,중상사고,0,1,0,0,차대차 - 추돌,안전거리미확보,건조,맑음,교차로 - 교차로안,승용,여,58세,상해없음,승용,남,27세,중상
2022120400100124,2022년 12월 4일 11시,일요일,인천광역시 강화군 양도면,경상사고,0,0,3,0,차대차 - 측면충돌,안전운전불이행,건조,맑음,단일로 - 지하차도(도로)내,승용,남,75세,상해없음,승용,여,28세,경상
2022120400100149,2022년 12월 4일 12시,일요일,인천광역시 중구 을왕동,경상사고,0,0,3,0,차대차 - 측면충돌,신호위반,건조,맑음,교차로 - 교차로부근,승용,남,56세,상해없음,승용,남,36세,경상
2022120400100172,2022년 12월 4일 13시,일요일,인천광역시 서구 경서동,중상사고,0,1,2,0,차대차 - 추돌,안전운전불이행,건조,맑음,단일로 - 기타,승용,남,32세,상해없음,승용,남,65세,중상
2022120400100192,2022년 12월 4일 14시,일요일,인천광역시 미추홀구 숭의동,경상사고,0,0,4,0,차대차 - 정면충돌,중앙선침범,건조,맑음,교차로 - 교차로부근,승용,여,55세,상해없음,화물,남,57세,경상
2022120400100224,2022년 12월 4일 15시,일요일,인천광역시 중구 북성동1가,중상사고,0,1,0,0,차대차 - 기타,안전운전불이행,건조,맑음,단일로 - 기타,자전거,남,63세,상해없음,자전거,남,69세,중상
2022120400100225,2022년 12월 4일 15시,일요일,인천광역시 서구 원창동,경상사고,0,0,1,0,차대차 - 후진중충돌,안전운전불이행,건조,맑음,단일로 - 기타,승용,남,66세,상해없음,승용,남,26세,경상
2022120400100255,2022년 12월 4일 16시,일요일,인천광역시 남동구 구월동,부상신고사고,0,0,0,1,차대차 - 기타,교차로운행방법위반,건조,맑음,교차로 - 교차로안,이륜,남,45세,부상신고,승용,남,61세,상해없음
2022120400100256,2022년 12월 4일 16시,일요일,인천광역시 서구 가정동,경상사고,0,0,1,0,차대사람 - 차도통행중,신호위반,건조,맑음,단일로 - 기타,승용,남,32세,상해없음,보행자,남,30세,경상
2022120400100257,2022년 12월 4일 16시,일요일,인천광역시 연수구 선학동,중상사고,0,1,0,0,차대차 - 기타,안전운전불이행,건조,맑음,단일로 - 기타,승용,여,67세,상해없음,승합,남,55세,중상
2022120400100316,2022년 12월 4일 18시,일요일,인천광역시 서구 청라동,경상사고,0,0,1,0,차대차 - 측면충돌,신호위반,건조,맑음,교차로 - 교차로안,이륜,남,20세,상해없음,이륜,남,38세,경상
2022120400100317,2022년 12월 4일 18시,일요일,인천광역시 연수구 옥련동,경상사고,0,0,1,0,차대차 - 측면충돌,신호위반,건조,맑음,교차로 - 교차로안,승용,여,40세,상해없음,승용,여,58세,경상
2022120400100344,2022년 12월 4일 19시,일요일,인천광역시 부평구 청천동,경상사고,0,0,3,0,차대차 - 추돌,안전운전불이행,건조,맑음,단일로 - 기타,승용,남,55세,상해없음,승용,여,70세,경상
2022120500100015,2022년 12월 5일 03시,월요일,인천광역시 연수구 송도동,중상사고,0,1,0,0,차량단독 - 공작물충돌,안전운전불이행,건조,맑음,교차로 - 교차로부근,승용,남,33세,중상,,,,
2022120500100019,2022년 12월 5일 05시,월요일,인천광역시 남동구 만수동,경상사고,0,0,1,0,차대차 - 측면충돌,신호위반,건조,맑음,교차로 - 교차로안,화물,남,52세,상해없음,승용,남,39세,경상
2022120500100102,2022년 12월 5일 09시,월요일,인천광역시 서구 당하동,경상사고,0,0,1,0,차대차 - 기타,안전거리미확보,건조,맑음,기타 - 기타,승용,여,61세,상해없음,승용,남,60세,경상
2022120500100134,2022년 12월 5일 10시,월요일,인천광역시 서구 청라동,경상사고,0,0,1,0,차대차 - 추돌,신호위반,건조,맑음,교차로 - 교차로안,승용,여,39세,상해없음,특수,남,29세,경상
2022120500100135,2022년 12월 5일 10시,월요일,인천광역시 계양구 효성동,경상사고,0,0,1,0,차대차 - 측면충돌,안전거리미확보,건조,맑음,단일로 - 기타,특수,남,65세,상해없음,승용,여,55세,경상
2022120500100160,2022년 12월 5일 11시,월요일,인천광역시 계양구 계산동,중상사고,0,1,0,0,차대사람 - 횡단중,안전운전불이행,건조,맑음,단일로 - 기타,화물,여,70세,상해없음,보행자,여,27세,중상
2022120500100245,2022년 12월 5일 14시,월요일,인천광역시 부평구 산곡동,경상사고,0,0,1,0,차대차 - 측면충돌,안전운전불이행,건조,맑음,교차로 - 교차로안,승용,남,70세,상해없음,승용,여,57세,경상
2022120500100246,2022년 12월 5일 14시,월요일,인천광역시 계양구 작전동,경상사고,0,0,2,0,차대차 - 측면충돌,교차로운행방법위반,건조,맑음,교차로 - 교차로안,화물,남,67세,상해없음,승용,남,27세,경상
2022120500100247,2022년 12월 5일 14시,월요일,인천광역시 연수구 송도동,경상사고,0,0,1,0,차대사람 - 보도통행중,안전운전불이행,기타,기타,기타 - 기타,개인형이동수단(PM),남,21세,상해없음,보행자,남,29세,경상
2022120500100308,2022년 12월 5일 16시,월요일,인천광역시 부평구 청천동,경상사고,0,0,1,0,차대차 - 측면충돌,안전운전불이행,건조,맑음,단일로 - 기타,승용,남,75세,상해없음,승용,남,28세,경상
2022120500100349,2022년 12월 5일 17시,월요일,인천광역시 부평구 삼산동,부상신고사고,0,0,0,1,차대사람 - 기타,안전운전불이행,건조,맑음,단일로 - 기타,기타불명,기타불명,미분류,기타불명,보행자,남,73세,부상신고
2022120500100350,2022년 12월 5일 17시,월요일,인천광역시 남동구 논현동,경상사고,0,0,3,0,차대차 - 측면충돌,안전운전불이행,건조,맑음,교차로 - 교차로안,건설기계,남,48세,경상,승용,남,27세,경상
2022120500100395,2022년 12월 5일 18시,월요일,인천광역시 미추홀구 주안동,경상사고,0,0,1,0,차대차 - 추돌,안전운전불이행,건조,맑음,단일로 - 기타,승용,남,44세,상해없음,승용,여,33세,경상
2022120500100493,2022년 12월 5일 21시,월요일,인천광역시 미추홀구 관교동,경상사고,0,0,1,0,차대차 - 측면충돌,교차로운행방법위반,건조,맑음,교차로 - 교차로안,승용,남,66세,상해없음,승용,남,53세,경상
2022120500100494,2022년 12월 5일 21시,월요일,인천광역시 부평구 십정동,중상사고,0,1,0,0,차대차 - 측면충돌,안전운전불이행,건조,맑음,교차로 - 교차로안,승용,남,68세,상해없음,승용,남,65세,중상
2022120500100512,2022년 12월 5일 22시,월요일,인천광역시 동구 송림동,경상사고,0,0,2,0,차대차 - 기타,안전운전불이행,건조,맑음,교차로 - 교차로부근,승용,남,38세,상해없음,승용,여,38세,경상
2022120600100013,2022년 12월 6일 03시,화요일,인천광역시 미추홀구 도화동,경상사고,0,0,3,0,차대차 - 추돌,안전운전불이행,건조,흐림,단일로 - 기타,화물,남,53세,상해없음,승용,남,67세,경상
2022120600100027,2022년 12월 6일 05시,화요일,인천광역시 계양구 작전동,경상사고,0,0,1,0,차대차 - 기타,신호위반,건조,맑음,교차로 - 교차로안,승용,여,61세,상해없음,승용,남,39세,경상
2022120600100125,2022년 12월 6일 08시,화요일,인천광역시 중구 운남동,경상사고,0,0,1,0,차대차 - 추돌,안전운전불이행,젖음/습기,눈,단일로 - 교량,승용,남,34세,상해없음,승용,남,70세,경상
2022120600100126,2022년 12월 6일 08시,화요일,인천광역시 남동구 만수동,부상신고사고,0,0,0,1,차대사람 - 기타,안전운전불이행,건조,맑음,단일로 - 기타,기타불명,기타불명,미분류,기타불명,보행자,남,15세,부상신고
2022120600100127,2022년 12월 6일 08시,화요일,인천광역시 연수구 옥련동,중상사고,0,2,0,0,차대차 - 추돌,안전운전불이행,젖음/습기,눈,교차로 - 교차로횡단보도내,화물,남,72세,상해없음,승용,남,43세,중상
2022120600100128,2022년 12월 6일 08시,화요일,인천광역시 연수구 송도동,중상사고,0,1,0,0,차대차 - 기타,안전운전불이행,적설,눈,단일로 - 기타,승용,남,32세,상해없음,특수,남,41세,중상
2022120600100129,2022년 12월 6일 08시,화요일,인천광역시 연수구 송도동,경상사고,0,0,1,0,차대차 - 추돌,안전운전불이행,적설,눈,교차로 - 교차로횡단보도내,승용,여,36세,상해없음,승용,여,45세,경상
2022120600100130,2022년 12월 6일 08시,화요일,인천광역시 연수구 송도동,경상사고,0,0,1,0,차대차 - 추돌,안전거리미확보,적설,눈,단일로 - 기타,건설기계,남,51세,상해없음,승용,남,22세,경상
2022120600100131,2022년 12월 6일 08시,화요일,인천광역시 남동구 논현동,경상사고,0,0,1,0,차대차 - 측면충돌,안전거리미확보,적설,눈,단일로 - 기타,화물,남,46세,상해없음,승용,여,62세,경상
2022120600100132,2022년 12월 6일 08시,화요일,인천광역시 남동구 도림동,경상사고,0,0,1,0,차대차 - 추돌,안전운전불이행,서리/결빙,눈,교차로 - 교차로부근,건설기계,남,54세,상해없음,건설기계,남,46세,경상