사고번호,사고일시,요일,시군구,사고내용,사망자수,중상자수,경상자수,부상신고자수,사고유형,법규위반,노면상태,기상상태,도로형태,가해운전자 차종,가해운전자 성별,가해운전자 연령,가해운전자 상해정도,피해운전자 차종,피해운전자 성별,피해운전자 연령,피해운전자 상해정도
2022121100100348,2022년 12월 11일 18시,일요일,인천광역시 남동구 구월동,중상사고,0,1,0,0,차대사람 - 횡단중,안전운전불이행,건조,맑음,단일로 - 기타,승용,남,33세,상해없음,보행자,남,57세,중상
2022121100100349,2022년 12월 11일 18시,일요일,인천광역시 서구 원당동,경상사고,0,0,1,0,차대차 - 측면충돌,안전운전불이행,건조,맑음,교차로 - 교차로부근,승용,여,36세,상해없음,승용,남,30세,경상
2022121100100350,2022년 12월 11일 18시,일요일,인천광역시 계양구 계산동,경상사고,0,0,1,0,차대차 - 측면충돌,안전거리미확보,건조,맑음,단일로 - 기타,승용,남,31세,상해없음,승용,여,49세,경상
2022121100100351,2022년 12월 11일 18시,일요일,인천광역시 연수구 옥련동,중상사고,0,1,0,0,차대차 - 정면충돌,신호위반,건조,맑음,교차로 - 교차로안,승용,남,32세,상해없음,이륜,남,64세,중상
2022121100100352,2022년 12월 11일 18시,일요일,인천광역시 연수구 청학동,경상사고,0,0,1,0,차대차 - 추돌,안전운전불이행,건조,맑음,단일로 - 기타,승용,남,52세,상해없음,승용,남,29세,경상
2022121100100353,2022년 12월 11일 18시,일요일,인천광역시 연수구 청학동,경상사고,0,0,1,0,차량단독 - 기타,안전운전불이행,건조,맑음,교차로 - 교차로부근,승용,남,69세,상해없음,,,,
2022121100100383,2022년 12월 11일 19시,일요일,인천광역시 부평구 청천동,중상사고,0,1,0,0,차대사람 - 횡단중,보행자보호의무위반,건조,맑음,교차로 - 교차로횡단보도내,승용,남,65세,상해없음,보행자,여,39세,중상
2022121100100384,2022년 12월 11일 19시,일요일,인천광역시 서구 석남동,경상사고,0,0,1,0,차대차 - 기타,안전운전불이행,건조,맑음,주차장 - 주차장,승용,남,74세,상해없음,승용,남,51세,경상
2022121100100406,2022년 12월 11일 20시,일요일,인천광역시 미추홀구 숭의동,경상사고,0,0,2,0,차대차 - 기타,신호위반,건조,맑음,교차로 - 교차로안,승용,여,40세,상해없음,승용,남,29세,경상
2022121200100031,2022년 12월 12일 05시,월요일,인천광역시 남동구 논현동,경상사고,0,0,2,0,차대차 - 측면충돌,중앙선침범,건조,맑음,단일로 - 기타,승용,여,72세,상해없음,승합,남,39세,경상
2022121200100043,2022년 12월 12일 06시,월요일,인천광역시 부평구 청천동,경상사고,0,0,1,0,차대차 - 추돌,안전운전불이행,건조,맑음,교차로 - 교차로안,승용,남,34세,상해없음,승용,남,54세,경상
2022121200100112,2022년 12월 12일 09시,월요일,인천광역시 부평구 부개동,경상사고,0,0,1,0,차대차 - 기타,기타,건조,맑음,단일로 - 기타,승용,남,36세,상해없음,승용,여,27세,경상
2022121200100258,2022년 12월 12일 14시,월요일,인천광역시 서구 당하동,경상사고,0,0,1,0,차대차 - 측면충돌,안전운전불이행,건조,맑음,교차로 - 교차로안,승용,여,44세,상해없음,승용,여,49세,경상
2022121200100287,2022년 12월 12일 15시,월요일,인천광역시 서구 원당동,부상신고사고,0,0,0,1,차대사람 - 횡단중,보행자보호의무위반,젖음/습기,비,단일로 - 기타,승용,여,61세,상해없음,보행자,남,10세,부상신고
2022121200100288,2022년 12월 12일 15시,월요일,인천광역시 연수구 송도동,중상사고,0,1,0,0,차대사람 - 보도통행중,기타,건조,맑음,교차로 - 교차로부근,자전거,여,61세,상해없음,보행자,여,77세,중상
2022121200100379,2022년 12월 12일 17시,월요일,인천광역시 남동구 장수동,경상사고,0,0,1,0,차대차 - 기타,안전운전불이행,건조,맑음,단일로 - 기타,승용,여,36세,상해없음,승용,남,55세,경상
2022121200100452,2022년 12월 12일 18시,월요일,인천광역시 중구 운서동,중상사고,0,1,1,0,차대차 - 추돌,차로위반,기타,맑음,단일로 - 기타,승합,남,73세,중상,승용,남,64세,경상
2022121200100453,2022년 12월 12일 18시,월요일,인천광역시 연수구 송도동,경상사고,0,0,3,0,차대차 - 측면충돌,안전운전불이행,건조,맑음,단일로 - 기타,승용,남,41세,경상,승용,여,34세,경상
2022121200100495,2022년 12월 12일 19시,월요일,인천광역시 남동구 간석동,경상사고,0,0,1,0,차대사람 - 기타,안전운전불이행,건조,맑음,교차로 - 교차로안,승용,남,31세,상해없음,보행자,남,47세,경상
2022121200100496,2022년 12월 12일 19시,월요일,인천광역시 서구 가정동,경상사고,0,0,1,0,차대차 - 후진중충돌,안전운전불이행,건조,맑음,단일로 - 기타,승용,남,67세,상해없음,승용,남,30세,경상
2022121200100532,2022년 12월 12일 20시,월요일,인천광역시 중구 운서동,경상사고,0,0,1,0,차대사람 - 기타,안전운전불이행,건조,맑음,기타 - 기타,화물,남,46세,상해없음,보행자,남,40세,경상
2022121200100533,2022년 12월 12일 20시,월요일,인천광역시 계양구 임학동,경상사고,0,0,1,0,차대차 - 기타,안전운전불이행,젖음/습기,비,단일로 - 기타,승용,남,50세,상해없음,이륜,남,51세,경상
2022121300100079,2022년 12월 13일 07시,화요일,인천광역시 남동구 고잔동,경상사고,0,0,4,0,차대차 - 측면충돌,차로위반,건조,맑음,단일로 - 기타,승용,남,67세,상해없음,승용,남,40세,경상
2022121300100107,2022년 12월 13일 08시,화요일,인천광역시 남동구 남촌동,경상사고,0,0,1,0,차대사람 - 횡단중,보행자보호의무위반,건조,맑음,교차로 - 교차로부근,승용,남,24세,상해없음,보행자,남,35세,경상
2022121300100133,2022년 12월 13일 09시,화요일,인천광역시 중구 운북동,경상사고,0,0,1,0,차대차 - 측면충돌,안전운전불이행,건조,흐림,교차로 - 교차로안,승용,남,78세,상해없음,승용,여,44세,경상
2022121300100134,2022년 12월 13일 09시,화요일,인천광역시 동구 송림동,중상사고,0,1,0,0,차대사람 - 기타,안전운전불이행,건조,맑음,단일로 - 기타,승용,남,64세,상해없음,보행자,여,92세,중상
2022121300100135,2022년 12월 13일 09시,화요일,인천광역시 계양구 작전동,중상사고,0,2,0,0,차대차 - 측면충돌,안전운전불이행,건조,맑음,교차로 - 교차로부근,화물,남,59세,상해없음,승용,여,34세,중상
2022121300100238,2022년 12월 13일 13시,화요일,인천광역시 서구 가정동,경상사고,0,0,1,0,차대차 - 측면충돌,안전거리미확보,건조,맑음,교차로 - 교차로부근,승용,여,61세,상해없음,화물,남,23세,경상
2022121300100272,2022년 12월 13일 14시,화요일,인천광역시 미추홀구 관교동,경상사고,0,0,1,0,차대사람 - 횡단중,보행자보호의무위반,건조,맑음,교차로 - 교차로부근,승합,여,47세,상해없음,보행자,남,41세,경상
2022121300100273,2022년 12월 13일 14시,화요일,인천광역시 부평구 십정동,중상사고,0,1,0,0,차대차 - 측면충돌,안전운전불이행,건조,맑음,교차로 - 교차로부근,화물,남,60세,상해없음,이륜,남,40세,중상
2022121300100274,2022년 12월 13일 14시,화요일,인천광역시 부평구 삼산동,경상사고,0,0,1,0,차대사람 - 차도통행중,안전운전불이행,젖음/습기,눈,교차로 - 교차로부근,승용,남,59세,상해없음,보행자,여,53세,경상
2022121300100326,2022년 12월 13일 16시,화요일,인천광역시 부평구 청천동,경상사고,0,0,4,0,차대차 - 측면충돌,안전거리미확보,젖음/습기,비,단일로 - 기타,승용,남,76세,상해없음,승용,남,34세,경상
2022121300100327,2022년 12월 13일 16시,화요일,인천광역시 남동구 구월동,부상신고사고,0,0,0,1,차대사람 - 기타,안전운전불이행,건조,맑음,단일로 - 기타,화물,남,55세,상해없음,보행자,남,10세,부상신고
2022121300100374,2022년 12월 13일 17시,화요일,인천광역시 미추홀구 주안동,중상사고,0,1,0,0,차대차 - 정면충돌,중앙선침범,젖음/습기,흐림,단일로 - 기타,승용,남,67세,상해없음,승용,남,63세,중상
2022121300100375,2022년 12월 13일 17시,화요일,인천광역시 미추홀구 관교동,경상사고,0,0,1,0,차대차 - 정면충돌,신호위반,건조,맑음,교차로 - 교차로안,승용,남,24세,상해없음,이륜,남,25세,경상
2022121300100453,2022년 12월 13일 19시,화요일,인천광역시 서구 오류동,경상사고,0,0,1,0,차량단독 - 기타,안전운전불이행,젖음/습기,비,단일로 - 기타,승용,남,33세,경상,,,,
2022121300100482,2022년 12월 13일 20시,화요일,인천광역시 남동구 고잔동,중상사고,0,1,0,0,차대사람 - 횡단중,보행자보호의무위반,젖음/습기,흐림,교차로 - 교차로안,승용,남,62세,상해없음,보행자,여,59세,중상
2022121300100505,2022년 12월 13일 21시,화요일,인천광역시 미추홀구 문학동,중상사고,0,1,3,0,차대차 - 측면충돌,신호위반,건조,맑음,교차로 - 교차로부근,승용,남,67세,기타불명,승합,남,62세,경상
2022121300100506,2022년 12월 13일 21시,화요일,인천광역시 미추홀구 문학동,경상사고,0,0,1,0,차대차 - 측면충돌,안전운전불이행,건조,맑음,교차로 - 교차로안,승용,여,59세,상해없음,승용,남,60세,경상
2022121300100507,2022년 12월 13일 21시,화요일,인천광역시 연수구 연수동,경상사고,0,0,1,0,차대차 - 추돌,안전운전불이행,건조,맑음,단일로 - 기타,승용,남,28세,상해없음,이륜,남,38세,경상
2022121300100525,2022년 12월 13일 22시,화요일,인천광역시 부평구 청천동,중상사고,0,1,0,0,차대사람 - 기타,신호위반,건조,맑음,교차로 - 교차로안,이륜,남,17세,상해없음,보행자,남,65세,중상
2022121400100025,2022년 12월 14일 03시,수요일,인천광역시 미추홀구 주안동,경상사고,0,0,1,0,차대차 - 후진중충돌,안전운전불이행,건조,맑음,단일로 - 기타,승용,남,46세,상해없음,승합,남,59세,경상
2022121400100030,2022년 12월 14일 04시,수요일,인천광역시 중구 북성동1가,중상사고,0,1,1,0,차대차 - 기타,신호위반,서리/결빙,맑음,교차로 - 교차로안,승용,남,21세,기타불명,화물,남,64세,경상
2022121400100031,2022년 12월 14일 04시,수요일,인천광역시 서구 청라동,경상사고,0,0,1,0,차대차 - 기타,신호위반,건조,맑음,교차로 - 교차로안,승용,여,55세,상해없음,승용,남,51세,경상
2022121400100032,2022년 12월 14일 04시,수요일,인천광역시 미추홀구 용현동,사망사고,1,1,1,0,차대차 - 추돌,안전운전불이행,건조,맑음,교차로 - 교차로부근,특수,남,60세,사망,화물,남,53세,중상
2022121400100051,2022년 12월 14일 06시,수요일,인천광역시 동구 송현동,경상사고,0,0,1,0,차대차 - 측면충돌,안전거리미확보,건조,맑음,단일로 - 지하차도(도로)내,승용,여,51세,상해없음,승용,여,47세,경상
2022121400100052,2022년 12월 14일 06시,수요일,인천광역시 미추홀구 주안동,경상사고,0,0,1,0,차대사람 - 기타,안전운전불이행,젖음/습기,맑음,단일로 - 지하차도(도로)내,승용,남,63세,상해없음,보행자,여,27세,경상
2022121400100053,2022년 12월 14일 06시,수요일,인천광역시 서구 연희동,경상사고,0,0,1,0,차대차 - 기타,중앙선침범,건조,맑음,교차로 - 교차로부근,화물,남,52세,상해없음,승용,남,51세,경상
2022121400100054,2022년 12월 14일 06시,수요일,인천광역시 서구 마전동,중상사고,0,1,0,0,차대사람 - 횡단중,신호위반,건조,맑음,교차로 - 교차로횡단보도내,화물,남,31세,상해없음,보행자,여,54세,중상
2022121400100069,2022년 12월 14일 07시,수요일,인천광역시 서구 불로동,경상사고,0,0,1,0,차대차 - 측면충돌,교차로운행방법위반,건조,맑음,교차로 - 교차로안,승합,남,63세,상해없음,승용,남,54세,경상
2022121400100070,2022년 12월 14일 07시,수요일,인천광역시 남동구 고잔동,경상사고,0,0,1,0,차대사람 - 보도통행중,보행자보호의무위반,건조,맑음,교차로 - 교차로안,자전거,남,28세,상해없음,보행자,여,53세,경상
2022121400100120,2022년 12월 14일 08시,수요일,인천광역시 중구 신흥동3가,중상사고,0,1,0,0,차대사람 - 횡단중,안전운전불이행,건조,흐림,기타 - 기타,승용,남,44세,상해없음,보행자,여,45세,중상
2022121400100121,2022년 12월 14일 08시,수요일,인천광역시 남동구 만수동,경상사고,0,0,1,0,차대차 - 측면충돌,신호위반,건조,맑음,교차로 - 교차로안,승용,여,40세,상해없음,화물,남,39세,경상
2022121400100164,2022년 12월 14일 09시,수요일,인천광역시 미추홀구 숭의동,경상사고,0,0,1,0,차대차 - 측면충돌,안전운전불이행,건조,맑음,교차로 - 교차로안,승용,남,47세,상해없음,승용,남,68세,경상
2022121400100165,2022년 12월 14일 09시,수요일,인천광역시 서구 경서동,경상사고,0,0,1,0,차대차 - 기타,안전거리미확보,건조,맑음,기타 - 기타,건설기계,남,48세,상해없음,승용,남,42세,경상
2022121400100166,2022년 12월 14일 09시,수요일,인천광역시 계양구 갈현동,경상사고,0,0,1,0,차대차 - 측면충돌,안전운전불이행,건조,맑음,교차로 - 교차로부근,승용,남,66세,상해없음,승용,여,52세,경상
2022121400100167,2022년 12월 14일 09시,수요일,인천광역시 연수구 송도동,경상사고,0,0,1,0,차대차 - 측면충돌,안전거리미확보,젖음/습기,맑음,단일로 - 교량,승용,여,47세,경상,승용,남,34세,상해없음
2022121400100168,2022년 12월 14일 09시,수요일,인천광역시 남동구 고잔동,중상사고,0,1,1,0,차대차 - 측면충돌,신호위반,건조,맑음,교차로 - 교차로안,화물,남,61세,상해없음,승용,남,37세,중상
2022121400100208,2022년 12월 14일 10시,수요일,인천광역시 서구 석남동,경상사고,0,0,1,0,차대차 - 추돌,안전거리미확보,건조,맑음,단일로 - 기타,화물,남,68세,경상,승용,남,39세,상해없음
2022121400100348,2022년 12월 14일 14시,수요일,인천광역시 미추홀구 주안동,경상사고,0,0,1,0,차대차 - 기타,안전운전불이행,건조,맑음,기타 - 기타,승용,남,70세,상해없음,승용,남,57세,경상
2022121400100385,2022년 12월 14일 15시,수요일,인천광역시 미추홀구 용현동,경상사고,0,0,1,0,차대차 - 측면충돌,안전운전불이행,건조,맑음,교차로 - 교차로안,승용,여,62세,상해없음,승용,남,60세,상해없음
2022121400100386,2022년 12월 14일 15시,수요일,인천광역시 남동구 구월동,경상사고,0,0,2,0,차대차 - 추돌,안전운전불이행,건조,맑음,교차로 - 교차로안,승용,남,66세,상해없음,승용,남,38세,경상
2022121400100426,2022년 12월 14일 16시,수요일,인천광역시 동구 송현동,경상사고,0,0,2,0,차대차 - 추돌,안전운전불이행,건조,맑음,교차로 - 교차로부근,승용,남,59세,상해없음,승용,남,27세,경상
2022121400100427,2022년 12월 14일 16시,수요일,인천광역시 남동구 구월동,경상사고,0,0,1,0,차대차 - 추돌,안전운전불이행,건조,맑음,교차로 - 교차로안,승용,남,45세,상해없음,승용,남,51세,경상
2022121400100473,2022년 12월 14일 17시,수요일,인천광역시 미추홀구 도화동,경상사고,0,0,2,0,차대차 - 추돌,안전운전불이행,건조,맑음,단일로 - 기타,승용,여,23세,상해없음,승용,여,39세,경상
2022121400100474,2022년 12월 14일 17시,수요일,인천광역시 남동구 만수동,경상사고,0,0,2,0,차대차 - 기타,안전운전불이행,건조,맑음,기타 - 기타,승용,여,68세,경상,승용,남,59세,경상
2022121400100475,2022년 12월 14일 17시,수요일,인천광역시 계양구 귤현동,경상사고,0,0,1,0,차대차 - 추돌,안전운전불이행,건조,맑음,단일로 - 고가도로위,승용,남,32세,상해없음,승용,남,64세,경상
2022121400100540,2022년 12월 14일 18시,수요일,인천광역시 미추홀구 용현동,경상사고,0,0,1,0,차대차 - 측면충돌,안전거리미확보,건조,맑음,교차로 - 교차로안,승용,남,56세,상해없음,승용,여,33세,경상
2022121400100541,2022년 12월 14일 18시,수요일,인천광역시 부평구 부평동,경상사고,0,0,1,0,차대차 - 후진중충돌,안전운전불이행,건조,맑음,단일로 - 기타,승용,남,53세,상해없음,이륜,남,28세,경상
2022121400100588,2022년 12월 14일 19시,수요일,인천광역시 동구 송림동,경상사고,0,0,1,0,차대차 - 측면충돌,신호위반,건조,맑음,교차로 - 교차로안,승용,남,66세,상해없음,승용,남,36세,경상
2022121400100589,2022년 12월 14일 19시,수요일,인천광역시 미추홀구 용현동,경상사고,0,0,3,0,차대차 - 측면충돌,안전운전불이행,건조,맑음,교차로 - 교차로안,승용,남,30세,기타불명,승용,여,35세,경상
2022121400100590,2022년 12월 14일 19시,수요일,인천광역시 서구 가좌동,경상사고,0,0,2,0,차대차 - 측면충돌,신호위반,건조,맑음,단일로 - 기타,승용,여,28세,상해없음,승용,남,29세,경상
2022121400100615,2022년 12월 14일 20시,수요일,인천광역시 서구 연희동,경상사고,0,0,2,0,차대차 - 추돌,안전운전불이행,건조,맑음,단일로 - 기타,승용,여,35세,상해없음,승용,남,44세,경상
2022121400100616,2022년 12월 14일 20시,수요일,인천광역시 남동구 만수동,경상사고,0,0,3,0,차대차 - 측면충돌,신호위반,건조,맑음,교차로 - 교차로안,화물,남,54세,기타불명,승용,남,54세,경상
2022121400100652,2022년 12월 14일 21시,수요일,인천광역시 중구 운서동,경상사고,0,0,2,0,차대차 - 측면충돌,안전운전불이행,건조,맑음,교차로 - 교차로안,승용,남,31세,상해없음,승용,남,34세,경상
2022121400100693,2022년 12월 14일 23시,수요일,인천광역시 남동구 간석동,중상사고,0,1,0,0,차대사람 - 횡단중,안전운전불이행,건조,맑음,교차로 - 교차로부근,승용,남,41세,상해없음,보행자,여,27세,중상
2022121500100019,2022년 12월 15일 00시,목요일,인천광역시 미추홀구 용현동,중상사고,0,1,0,0,차대사람 - 기타,안전운전불이행,건조,맑음,단일로 - 기타,승용,여,50세,상해없음,보행자,남,28세,중상
2022121500100037,2022년 12월 15일 03시,목요일,인천광역시 서구 가정동,경상사고,0,0,2,0,차대차 - 추돌,안전운전불이행,건조,맑음,단일로 - 터널,승용,남,29세,상해없음,승용,여,50세,경상
2022121500100049,2022년 12월 15일 05시,목요일,인천광역시 서구 마전동,경상사고,0,0,2,0,차대사람 - 횡단중,안전운전불이행,건조,맑음,교차로 - 교차로안,승용,남,72세,상해없음,보행자,여,44세,경상
2022121500100093,2022년 12월 15일 07시,목요일,인천광역시 계양구 박촌동,경상사고,0,0,1,0,차대사람 - 횡단중,보행자보호의무위반,건조,맑음,교차로 - 교차로안,승합,남,68세,상해없음,보행자,여,25세,경상
2022121500100094,2022년 12월 15일 07시,목요일,인천광역시 남동구 논현동,중상사고,0,1,0,0,차대사람 - 횡단중,보행자보호의무위반,건조,맑음,교차로 - 교차로횡단보도내,승용,여,39세,상해없음,보행자,남,36세,중상
2022121500100184,2022년 12월 15일 10시,목요일,인천광역시 서구 왕길동,경상사고,0,0,3,0,차대차 - 측면충돌,안전거리미확보,건조,맑음,단일로 - 기타,건설기계,남,51세,상해없음,승용,남,39세,경상
2022121500100185,2022년 12월 15일 10시,목요일,인천광역시 계양구 귤현동,중상사고,0,1,0,0,차대사람 - 횡단중,보행자보호의무위반,건조,맑음,교차로 - 교차로횡단보도내,화물,남,44세,상해없음,보행자,여,32세,중상
2022121500100203,2022년 12월 15일 11시,목요일,인천광역시 부평구 십정동,경상사고,0,0,1,0,차대사람 - 기타,신호위반,젖음/습기,비,교차로 - 교차로안,승용,남,55세,상해없음,보행자,남,58세,경상
2022121500100204,2022년 12월 15일 11시,목요일,인천광역시 서구 불로동,중상사고,0,1,0,0,차대사람 - 횡단중,보행자보호의무위반,젖음/습기,맑음,교차로 - 교차로횡단보도내,화물,남,40세,상해없음,보행자,여,79세,중상
2022121500100205,2022년 12월 15일 11시,목요일,인천광역시 서구 신현동,경상사고,0,0,1,0,차대차 - 추돌,안전거리미확보,건조,맑음,교차로 - 교차로부근,승용,남,66세,상해없음,승용,남,70세,경상
2022121500100233,2022년 12월 15일 12시,목요일,인천광역시 서구 경서동,중상사고,0,1,0,0,차대차 - 측면충돌,안전거리미확보,서리/결빙,눈,기타 - 기타,화물,남,65세,상해없음,이륜,여,60세,중상
2022121500100234,2022년 12월 15일 12시,목요일,인천광역시 남동구 남촌동,경상사고,0,0,1,0,차대차 - 측면충돌,차로위반,젖음/습기,눈,단일로 - 고가도로위,특수,남,54세,상해없음,승용,남,30세,경상
2022121500100275,2022년 12월 15일 13시,목요일,인천광역시 남동구 구월동,부상신고사고,0,0,0,1,차량단독 - 기타,안전운전불이행,서리/결빙,눈,단일로 - 기타,이륜,남,22세,부상신고,,,,
2022121500100276,2022년 12월 15일 13시,목요일,인천광역시 연수구 송도동,경상사고,0,0,1,0,차대차 - 추돌,안전거리미확보,적설,맑음,단일로 - 기타,승용,여,20세,상해없음,승용,남,65세,경상
2022121500100277,2022년 12월 15일 13시,목요일,인천광역시 연수구 송도동,경상사고,0,0,1,0,차대차 - 추돌,안전운전불이행,적설,눈,교차로 - 교차로부근,승용,남,29세,상해없음,승용,여,30세,경상
2022121500100278,2022년 12월 15일 13시,목요일,인천광역시 남동구 고잔동,경상사고,0,0,1,0,차대차 - 측면충돌,안전운전불이행,적설,눈,단일로 - 기타,건설기계,남,62세,상해없음,승용,여,45세,경상
2022121500100310,2022년 12월 15일 14시,목요일,인천광역시 부평구 부평동,경상사고,0,0,2,0,차대차 - 기타,안전운전불이행,서리/결빙,눈,교차로 - 교차로안,승용,남,67세,경상,승용,여,28세,경상
2022121500100311,2022년 12월 15일 14시,목요일,인천광역시 서구 검암동,경상사고,0,0,1,0,차대차 - 측면충돌,안전운전불이행,건조,맑음,교차로 - 교차로안,승용,남,63세,상해없음,승용,여,51세,경상
2022121500100312,2022년 12월 15일 14시,목요일,인천광역시 남동구 고잔동,경상사고,0,0,1,0,차대차 - 추돌,안전운전불이행,건조,맑음,교차로 - 교차로부근,화물,남,66세,상해없음,화물,남,56세,경상
2022121500100496,2022년 12월 15일 19시,목요일,인천광역시 미추홀구 주안동,경상사고,0,0,2,0,차대차 - 측면충돌,교차로운행방법위반,건조,맑음,교차로 - 교차로안,승용,남,63세,상해없음,승용,남,52세,경상
2022121500100513,2022년 12월 15일 20시,목요일,인천광역시 미추홀구 주안동,경상사고,0,0,1,0,차대차 - 후진중충돌,안전운전불이행,건조,맑음,교차로 - 교차로부근,승용,여,25세,상해없음,승용,남,25세,경상
2022121500100514,2022년 12월 15일 20시,목요일,인천광역시 연수구 청학동,경상사고,0,0,1,0,차대차 - 추돌,안전운전불이행,건조,맑음,교차로 - 교차로안,승용,여,49세,상해없음,승용,여,40세,경상
2022121500100534,2022년 12월 15일 21시,목요일,인천광역시 서구 원당동,경상사고,0,0,2,0,차대차 - 기타,안전운전불이행,기타,흐림,기타 - 기타,승용,남,48세,상해없음,승용,남,48세,상해없음
2022121500100535,2022년 12월 15일 21시,목요일,인천광역시 계양구 계산동,중상사고,0,1,0,0,차대사람 - 기타,안전운전불이행,젖음/습기,눈,단일로 - 기타,화물,남,48세,상해없음,보행자,남,57세,중상
2022121500100561,2022년 12월 15일 22시,목요일,인천광역시 남동구 고잔동,경상사고,0,0,2,0,차대차 - 추돌,안전운전불이행,건조,맑음,교차로 - 교차로안,승용,남,28세,상해없음,승용,남,46세,경상
2022121500100582,2022년 12월 15일 23시,목요일,인천광역시 계양구 서운동,경상사고,0,0,1,0,차대차 - 추돌,안전운전불이행,건조,맑음,교차로 - 교차로부근,승용,남,61세,상해없음,승합,남,54세,경상
2022121500100583,2022년 12월 15일 23시,목요일,인천광역시 남동구 고잔동,경상사고,0,0,1,0,차대차 - 추돌,안전운전불이행,건조,맑음,단일로 - 기타,승용,남,35세,상해없음,승용,남,34세,경상
2022121600100009,2022년 12월 16일 00시,금요일,인천광역시 서구 가좌동,경상사고,0,0,1,0,차대차 - 기타,안전운전불이행,서리/결빙,눈,단일로 - 기타,승용,남,33세,경상,화물,남,48세,기타불명
2022121600100010,2022년 12월 16일 00시,금요일,인천광역시 서구 왕길동,경상사고,0,0,1,0,차대차 - 측면충돌,안전운전불이행,서리/결빙,눈,교차로 - 교차로부근,승용,남,67세,상해없음,화물,남,45세,경상
2022121600100011,2022년 12월 16일 00시,금요일,인천광역시 계양구 작전동,경상사고,0,0,1,0,차대차 - 측면충돌,안전운전불이행,젖음/습기,맑음,교차로 - 교차로안,승용,남,40세,기타불명,승용,남,39세,경상
2022121600100012,2022년 12월 16일 00시,금요일,인천광역시 부평구 부평동,경상사고,0,0,1,0,차대사람 - 차도통행중,안전운전불이행,적설,맑음,교차로 - 교차로부근,승용,여,28세,상해없음,보행자,남,59세,경상
2022121600100021,2022년 12월 16일 01시,금요일,인천광역시 미추홀구 관교동,경상사고,0,0,2,0,차대차 - 추돌,안전운전불이행,건조,맑음,교차로 - 교차로부근,승용,남,28세,상해없음,승용,남,63세,경상
2022121600100022,2022년 12월 16일 01시,금요일,인천광역시 부평구 부평동,중상사고,0,1,0,0,차대사람 - 횡단중,안전운전불이행,건조,맑음,교차로 - 교차로부근,승용,남,29세,상해없음,보행자,남,21세,중상
2022121600100034,2022년 12월 16일 03시,금요일,인천광역시 미추홀구 학익동,중상사고,0,1,2,0,차대차 - 추돌,안전운전불이행,건조,맑음,교차로 - 교차로부근,승용,남,24세,상해없음,승용,남,54세,경상
2022121600100076,2022년 12월 16일 07시,금요일,인천광역시 미추홀구 문학동,경상사고,0,0,2,0,차대차 - 측면충돌,중앙선침범,서리/결빙,맑음,교차로 - 교차로안,승용,남,30세,상해없음,화물,남,53세,경상
2022121600100112,2022년 12월 16일 08시,금요일,인천광역시 부평구 청천동,경상사고,0,0,1,0,차대차 - 측면충돌,안전거리미확보,건조,맑음,단일로 - 기타,승합,여,65세,상해없음,승용,여,54세,경상
2022121600100113,2022년 12월 16일 08시,금요일,인천광역시 남동구 만수동,경상사고,0,0,3,0,차대차 - 측면충돌,안전운전불이행,건조,맑음,단일로 - 기타,화물,남,50세,상해없음,승용,남,44세,경상
2022121600100149,2022년 12월 16일 09시,금요일,인천광역시 부평구 삼산동,경상사고,0,0,1,0,차대차 - 측면충돌,안전거리미확보,건조,맑음,단일로 - 기타,특수,남,30세,상해없음,승용,여,51세,경상
2022121600100178,2022년 12월 16일 10시,금요일,인천광역시 서구 불로동,중상사고,0,1,1,0,차대차 - 정면충돌,중앙선침범,서리/결빙,눈,기타 - 기타,승용,여,40세,상해없음,승용,여,52세,중상
2022121600100203,2022년 12월 16일 11시,금요일,인천광역시 남동구 간석동,경상사고,0,0,1,0,차대차 - 추돌,안전거리미확보,건조,맑음,단일로 - 기타,승용,여,51세,상해없음,승용,여,31세,경상
2022121600100232,2022년 12월 16일 12시,금요일,인천광역시 남동구 간석동,경상사고,0,0,1,0,차대차 - 추돌,신호위반,건조,맑음,교차로 - 교차로안,승용,남,56세,상해없음,승용,여,62세,경상
2022121600100264,2022년 12월 16일 13시,금요일,인천광역시 남동구 간석동,중상사고,0,1,0,0,차대차 - 측면충돌,신호위반,건조,맑음,교차로 - 교차로안,승용,남,55세,상해없음,승용,여,45세,중상
2022121600100290,2022년 12월 16일 14시,금요일,인천광역시 남동구 간석동,중상사고,0,1,0,0,차대사람 - 횡단중,신호위반,건조,맑음,교차로 - 교차로횡단보도내,승용,남,75세,상해없음,보행자,여,79세,중상
2022121600100291,2022년 12월 16일 14시,금요일,인천광역시 서구 가정동,중상사고,0,1,0,0,차대사람 - 차도통행중,안전운전불이행,건조,맑음,기타 - 기타,승용,여,61세,상해없음,보행자,남,85세,중상
2022121600100292,2022년 12월 16일 14시,금요일,인천광역시 연수구 청학동,경상사고,0,0,1,0,차대차 - 측면충돌,안전운전불이행,건조,맑음,단일로 - 교량,승용,남,71세,상해없음,승합,남,41세,경상
2022121600100326,2022년 12월 16일 15시,금요일,인천광역시 남동구 구월동,경상사고,0,0,1,0,차대사람 - 횡단중,안전운전불이행,건조,맑음,교차로 - 교차로안,승용,남,46세,상해없음,보행자,남,44세,경상