사고번호,사고일시,요일,시군구,사고내용,사망자수,중상자수,경상자수,부상신고자수,사고유형,법규위반,노면상태,기상상태,도로형태,가해운전자 차종,가해운전자 성별,가해운전자 연령,가해운전자 상해정도,피해운전자 차종,피해운전자 성별,피해운전자 연령,피해운전자 상해정도
2022121600100360,2022년 12월 16일 16시,금요일,인천광역시 중구 중산동,경상사고,0,0,1,0,차대차 - 추돌,안전거리미확보,젖음/습기,맑음,교차로 - 교차로안,승합,남,50세,상해없음,승용,남,45세,경상
2022121600100361,2022년 12월 16일 16시,금요일,인천광역시 미추홀구 용현동,경상사고,0,0,1,0,차대차 - 측면충돌,안전거리미확보,건조,맑음,단일로 - 기타,화물,남,57세,상해없음,승용,남,71세,경상
2022121600100362,2022년 12월 16일 16시,금요일,인천광역시 서구 가좌동,부상신고사고,0,0,0,1,차대사람 - 차도통행중,안전운전불이행,젖음/습기,맑음,단일로 - 기타,승용,남,47세,상해없음,보행자,여,18세,부상신고
2022121600100403,2022년 12월 16일 17시,금요일,인천광역시 남동구 구월동,경상사고,0,0,1,0,차대차 - 기타,안전운전불이행,건조,맑음,교차로 - 교차로안,승용,여,51세,기타불명,승합,남,63세,경상
2022121600100404,2022년 12월 16일 17시,금요일,인천광역시 서구 마전동,중상사고,0,1,0,0,차대사람 - 횡단중,교차로운행방법위반,적설,눈,교차로 - 교차로부근,승용,남,30세,상해없음,보행자,남,61세,중상
2022121600100405,2022년 12월 16일 17시,금요일,인천광역시 남동구 고잔동,경상사고,0,0,2,0,차대차 - 추돌,안전운전불이행,건조,맑음,단일로 - 기타,승용,여,34세,상해없음,승합,남,60세,경상
2022121600100489,2022년 12월 16일 19시,금요일,인천광역시 부평구 산곡동,경상사고,0,0,1,0,차대사람 - 기타,안전운전불이행,건조,맑음,교차로 - 교차로안,승용,여,55세,상해없음,보행자,여,10세,경상
2022121600100490,2022년 12월 16일 19시,금요일,인천광역시 서구 가정동,경상사고,0,0,1,0,차대차 - 추돌,안전운전불이행,건조,맑음,단일로 - 기타,승용,여,39세,상해없음,화물,남,56세,경상
2022121600100516,2022년 12월 16일 20시,금요일,인천광역시 미추홀구 관교동,부상신고사고,0,0,0,1,차대차 - 기타,안전운전불이행,건조,맑음,단일로 - 기타,기타불명,기타불명,미분류,기타불명,승용,여,26세,부상신고
2022121600100517,2022년 12월 16일 20시,금요일,인천광역시 서구 검암동,중상사고,0,1,0,0,차대차 - 정면충돌,중앙선침범,건조,맑음,단일로 - 기타,승용,남,52세,상해없음,이륜,남,51세,중상
2022121600100541,2022년 12월 16일 21시,금요일,인천광역시 부평구 산곡동,경상사고,0,0,2,0,차대차 - 측면충돌,중앙선침범,건조,기타,단일로 - 기타,승용,남,49세,상해없음,승용,남,67세,경상
2022121600100542,2022년 12월 16일 21시,금요일,인천광역시 연수구 송도동,경상사고,0,0,2,0,차대차 - 추돌,신호위반,건조,맑음,교차로 - 교차로안,승용,여,28세,상해없음,승용,남,44세,경상
2022121600100561,2022년 12월 16일 22시,금요일,인천광역시 서구 가좌동,경상사고,0,0,1,0,차대차 - 추돌,안전운전불이행,서리/결빙,맑음,단일로 - 기타,승용,남,36세,상해없음,승용,여,42세,경상
2022121600100562,2022년 12월 16일 22시,금요일,인천광역시 서구 백석동,경상사고,0,0,1,0,차대차 - 추돌,안전운전불이행,건조,맑음,교차로 - 교차로부근,승용,여,45세,상해없음,승용,여,31세,경상
2022121600100563,2022년 12월 16일 22시,금요일,인천광역시 서구 가정동,사망사고,1,0,0,0,차대차 - 정면충돌,신호위반,서리/결빙,맑음,교차로 - 교차로안,이륜,남,39세,사망,승용,남,29세,상해없음
2022121600100595,2022년 12월 16일 23시,금요일,인천광역시 미추홀구 숭의동,경상사고,0,0,2,0,차대차 - 측면충돌,신호위반,건조,맑음,교차로 - 교차로안,승용,남,25세,상해없음,승용,남,47세,경상
2022121600100596,2022년 12월 16일 23시,금요일,인천광역시 부평구 부개동,경상사고,0,0,1,0,차대차 - 기타,안전운전불이행,기타,기타,단일로 - 기타,승용,남,27세,상해없음,승용,여,54세,경상
2022121700100031,2022년 12월 17일 01시,토요일,인천광역시 남동구 구월동,중상사고,0,1,0,0,차대사람 - 횡단중,기타,건조,맑음,교차로 - 교차로횡단보도내,승용,남,33세,상해없음,보행자,남,21세,중상
2022121700100032,2022년 12월 17일 01시,토요일,인천광역시 남동구 만수동,경상사고,0,0,1,0,차대차 - 측면충돌,안전운전불이행,건조,맑음,단일로 - 기타,승용,여,31세,상해없음,화물,남,54세,경상
2022121700100052,2022년 12월 17일 04시,토요일,인천광역시 미추홀구 주안동,경상사고,0,0,2,0,차대차 - 정면충돌,신호위반,건조,맑음,교차로 - 교차로안,승용,여,23세,상해없음,승용,남,55세,경상
2022121700100061,2022년 12월 17일 05시,토요일,인천광역시 중구 운서동,경상사고,0,0,2,0,차대차 - 추돌,안전운전불이행,기타,맑음,단일로 - 기타,승용,남,33세,상해없음,승용,남,58세,경상
2022121700100096,2022년 12월 17일 08시,토요일,인천광역시 중구 신흥동3가,중상사고,0,1,4,0,차대차 - 추돌,기타,적설,눈,단일로 - 기타,승용,남,35세,상해없음,화물,남,41세,경상
2022121700100123,2022년 12월 17일 09시,토요일,인천광역시 미추홀구 숭의동,경상사고,0,0,1,0,차대차 - 정면충돌,안전거리미확보,젖음/습기,맑음,교차로 - 교차로부근,승용,남,67세,기타불명,승용,남,42세,경상
2022121700100125,2022년 12월 17일 09시,토요일,인천광역시 남동구 서창동,경상사고,0,0,2,0,차량단독 - 공작물충돌,안전운전불이행,건조,맑음,단일로 - 기타,승용,남,58세,상해없음,,,,
2022121700100152,2022년 12월 17일 10시,토요일,인천광역시 서구 원당동,경상사고,0,0,1,0,차대차 - 측면충돌,안전운전불이행,젖음/습기,맑음,교차로 - 교차로안,특수,남,60세,상해없음,승용,남,46세,기타불명
2022121700100187,2022년 12월 17일 11시,토요일,인천광역시 서구 석남동,중상사고,0,1,0,0,차대사람 - 횡단중,보행자보호의무위반,건조,맑음,교차로 - 교차로횡단보도내,승용,남,64세,상해없음,보행자,남,63세,중상
2022121700100228,2022년 12월 17일 12시,토요일,인천광역시 계양구 귤현동,경상사고,0,0,2,0,차대차 - 추돌,안전거리미확보,건조,맑음,단일로 - 교량,승용,남,39세,상해없음,승용,남,33세,경상
2022121700100303,2022년 12월 17일 14시,토요일,인천광역시 미추홀구 용현동,부상신고사고,0,0,0,2,차대차 - 측면충돌,안전운전불이행,젖음/습기,맑음,교차로 - 교차로안,승용,여,54세,상해없음,승용,남,51세,부상신고
2022121700100304,2022년 12월 17일 14시,토요일,인천광역시 부평구 청천동,경상사고,0,0,2,0,차대차 - 추돌,안전거리미확보,건조,맑음,단일로 - 교량,승용,남,26세,상해없음,승용,남,67세,경상
2022121700100334,2022년 12월 17일 15시,토요일,인천광역시 남동구 간석동,경상사고,0,0,1,0,차대차 - 측면충돌,안전운전불이행,건조,맑음,교차로 - 교차로부근,승용,남,67세,상해없음,승용,남,28세,경상
2022121700100335,2022년 12월 17일 15시,토요일,인천광역시 남동구 고잔동,중상사고,0,1,1,0,차대차 - 측면충돌,안전거리미확보,건조,맑음,단일로 - 기타,승용,남,48세,상해없음,승용,여,51세,중상
2022121700100395,2022년 12월 17일 17시,토요일,인천광역시 부평구 부개동,경상사고,0,0,1,0,차대사람 - 횡단중,보행자보호의무위반,건조,흐림,교차로 - 교차로횡단보도내,승용,남,63세,상해없음,보행자,여,62세,경상
2022121700100438,2022년 12월 17일 18시,토요일,인천광역시 서구 검암동,경상사고,0,0,2,0,차대차 - 추돌,안전운전불이행,건조,맑음,단일로 - 기타,승용,남,47세,상해없음,승용,남,30세,경상
2022121700100473,2022년 12월 17일 19시,토요일,인천광역시 미추홀구 주안동,경상사고,0,0,3,0,차대차 - 추돌,안전운전불이행,건조,맑음,단일로 - 기타,승용,남,46세,상해없음,승용,남,29세,경상
2022121700100497,2022년 12월 17일 20시,토요일,인천광역시 계양구 병방동,경상사고,0,0,1,0,차대차 - 추돌,안전운전불이행,건조,맑음,단일로 - 기타,승용,남,32세,상해없음,승용,남,43세,경상
2022121700100522,2022년 12월 17일 21시,토요일,인천광역시 서구 청라동,중상사고,0,1,0,0,차대차 - 기타,안전운전불이행,건조,맑음,기타 - 기타,승용,남,37세,상해없음,이륜,남,34세,중상
2022121800100030,2022년 12월 18일 01시,일요일,인천광역시 미추홀구 용현동,경상사고,0,0,2,0,차대차 - 측면충돌,안전운전불이행,건조,맑음,교차로 - 교차로안,승용,남,56세,상해없음,승용,남,30세,경상
2022121800100049,2022년 12월 18일 03시,일요일,인천광역시 서구 왕길동,경상사고,0,0,2,0,차대차 - 측면충돌,중앙선침범,젖음/습기,맑음,단일로 - 기타,기타불명,기타불명,미분류,기타불명,승용,남,80세,경상
2022121800100147,2022년 12월 18일 12시,일요일,인천광역시 미추홀구 주안동,경상사고,0,0,1,0,차대차 - 기타,교차로운행방법위반,건조,맑음,교차로 - 교차로안,승용,남,69세,상해없음,원동기,남,26세,경상
2022121800100177,2022년 12월 18일 13시,일요일,인천광역시 미추홀구 주안동,경상사고,0,0,2,0,차대차 - 측면충돌,직진우회전진행방해,건조,맑음,교차로 - 교차로안,승용,여,52세,상해없음,승용,남,30세,경상
2022121800100178,2022년 12월 18일 13시,일요일,인천광역시 서구 백석동,중상사고,0,1,0,0,차대차 - 정면충돌,중앙선침범,건조,맑음,교차로 - 교차로부근,승용,남,33세,상해없음,승합,남,54세,중상
2022121800100213,2022년 12월 18일 14시,일요일,인천광역시 미추홀구 주안동,경상사고,0,0,2,0,차대차 - 기타,안전거리미확보,건조,맑음,단일로 - 기타,승용,남,37세,상해없음,승용,남,34세,경상
2022121800100214,2022년 12월 18일 14시,일요일,인천광역시 미추홀구 문학동,경상사고,0,0,1,0,차대차 - 측면충돌,안전운전불이행,건조,맑음,교차로 - 교차로안,승용,여,58세,상해없음,승용,남,53세,경상
2022121800100240,2022년 12월 18일 15시,일요일,인천광역시 중구 유동,경상사고,0,0,1,0,차대차 - 기타,불법유턴,건조,맑음,교차로 - 교차로횡단보도내,농기계,남,67세,상해없음,원동기,남,48세,경상
2022121800100287,2022년 12월 18일 17시,일요일,인천광역시 서구 당하동,중상사고,0,1,1,0,차대차 - 추돌,신호위반,서리/결빙,흐림,교차로 - 교차로안,승용,여,37세,경상,화물,남,46세,중상
2022121800100351,2022년 12월 18일 19시,일요일,인천광역시 부평구 부평동,중상사고,0,1,0,0,차대차 - 측면충돌,안전운전불이행,건조,흐림,교차로 - 교차로안,승용,남,63세,상해없음,이륜,남,37세,중상
2022121800100379,2022년 12월 18일 20시,일요일,인천광역시 미추홀구 문학동,부상신고사고,0,0,0,1,차대차 - 기타,안전운전불이행,건조,맑음,단일로 - 터널,승용,남,71세,기타불명,승용,남,30세,부상신고
2022121800100380,2022년 12월 18일 20시,일요일,인천광역시 부평구 십정동,경상사고,0,0,1,0,차대차 - 측면충돌,중앙선침범,건조,맑음,교차로 - 교차로부근,승용,남,62세,상해없음,이륜,남,38세,경상
2022121800100381,2022년 12월 18일 20시,일요일,인천광역시 남동구 간석동,경상사고,0,0,3,0,차대차 - 추돌,안전운전불이행,건조,맑음,단일로 - 기타,승용,남,53세,상해없음,화물,남,45세,경상
2022121800100403,2022년 12월 18일 21시,일요일,인천광역시 서구 원당동,경상사고,0,0,1,0,차대사람 - 기타,안전운전불이행,건조,맑음,단일로 - 기타,승용,남,41세,상해없음,보행자,남,41세,경상
2022121800100417,2022년 12월 18일 22시,일요일,인천광역시 미추홀구 용현동,경상사고,0,0,1,0,차대차 - 측면충돌,안전운전불이행,건조,맑음,교차로 - 교차로안,승용,남,38세,상해없음,이륜,남,41세,경상
2022121800100428,2022년 12월 18일 23시,일요일,인천광역시 미추홀구 주안동,경상사고,0,0,1,0,차대차 - 측면충돌,불법유턴,건조,맑음,단일로 - 지하차도(도로)내,개인형이동수단(PM),남,46세,경상,화물,남,59세,상해없음
2022121800100429,2022년 12월 18일 23시,일요일,인천광역시 서구 가정동,경상사고,0,0,2,0,차대차 - 기타,신호위반,건조,맑음,교차로 - 교차로안,승용,여,37세,상해없음,승용,남,49세,경상
2022121800100430,2022년 12월 18일 23시,일요일,인천광역시 부평구 삼산동,중상사고,0,1,1,0,차대차 - 기타,기타,건조,맑음,단일로 - 기타,승용,남,25세,상해없음,화물,남,35세,중상
2022121900100011,2022년 12월 19일 03시,월요일,인천광역시 미추홀구 도화동,경상사고,0,0,3,0,차대차 - 정면충돌,신호위반,건조,맑음,교차로 - 교차로안,화물,남,60세,상해없음,승용,남,60세,경상
2022121900100054,2022년 12월 19일 06시,월요일,인천광역시 서구 공촌동,중상사고,0,1,0,0,차대사람 - 길가장자리구역통행중,안전운전불이행,건조,맑음,단일로 - 기타,승용,남,62세,상해없음,보행자,남,72세,중상
2022121900100118,2022년 12월 19일 08시,월요일,인천광역시 서구 원당동,경상사고,0,0,1,0,차대차 - 추돌,안전운전불이행,적설,눈,교차로 - 교차로부근,승용,남,67세,상해없음,승용,남,51세,경상
2022121900100151,2022년 12월 19일 09시,월요일,인천광역시 남동구 만수동,경상사고,0,0,1,0,차대차 - 측면충돌,안전운전불이행,건조,맑음,교차로 - 교차로부근,승용,남,64세,상해없음,승용,여,49세,경상
2022121900100246,2022년 12월 19일 12시,월요일,인천광역시 연수구 선학동,경상사고,0,0,2,0,차대차 - 추돌,안전거리미확보,건조,맑음,교차로 - 교차로안,승용,여,64세,경상,화물,남,30세,상해없음
2022121900100247,2022년 12월 19일 12시,월요일,인천광역시 부평구 삼산동,경상사고,0,0,1,0,차대차 - 기타,교차로운행방법위반,건조,맑음,교차로 - 교차로안,승용,남,49세,상해없음,화물,남,60세,경상
2022121900100313,2022년 12월 19일 14시,월요일,인천광역시 서구 가좌동,경상사고,0,0,1,0,차대차 - 측면충돌,안전거리미확보,건조,맑음,교차로 - 교차로횡단보도내,승용,남,71세,상해없음,승용,여,27세,경상
2022121900100341,2022년 12월 19일 15시,월요일,인천광역시 부평구 부평동,경상사고,0,0,1,0,차대사람 - 보도통행중,보행자보호의무위반,건조,맑음,교차로 - 교차로횡단보도내,화물,남,43세,상해없음,보행자,여,13세,경상
2022121900100342,2022년 12월 19일 15시,월요일,인천광역시 계양구 계산동,경상사고,0,0,1,0,차대차 - 추돌,안전운전불이행,건조,맑음,단일로 - 기타,승용,남,51세,상해없음,승용,남,67세,경상
2022121900100343,2022년 12월 19일 15시,월요일,인천광역시 연수구 연수동,경상사고,0,0,1,0,차대차 - 측면충돌,안전운전불이행,건조,맑음,교차로 - 교차로안,화물,남,61세,상해없음,승용,남,58세,경상
2022121900100410,2022년 12월 19일 17시,월요일,인천광역시 남동구 구월동,경상사고,0,0,1,0,차대차 - 측면충돌,안전운전불이행,건조,맑음,교차로 - 교차로부근,승용,남,66세,상해없음,승용,남,36세,경상
2022121900100487,2022년 12월 19일 19시,월요일,인천광역시 연수구 송도동,중상사고,0,1,0,0,차대사람 - 횡단중,보행자보호의무위반,건조,맑음,교차로 - 교차로부근,승용,남,64세,상해없음,보행자,남,24세,중상
2022121900100512,2022년 12월 19일 20시,월요일,인천광역시 연수구 동춘동,중상사고,0,1,0,0,차대차 - 측면충돌,안전운전불이행,건조,맑음,교차로 - 교차로안,승용,남,69세,상해없음,이륜,남,53세,중상
2022121900100542,2022년 12월 19일 21시,월요일,인천광역시 남동구 간석동,경상사고,0,0,2,0,차대차 - 추돌,안전운전불이행,건조,흐림,교차로 - 교차로부근,승용,여,53세,상해없음,승용,여,48세,경상
2022121900100570,2022년 12월 19일 23시,월요일,인천광역시 계양구 작전동,경상사고,0,0,1,0,차대차 - 기타,안전운전불이행,건조,맑음,단일로 - 기타,승용,남,53세,상해없음,화물,남,44세,경상
2022122000100023,2022년 12월 20일 02시,화요일,인천광역시 남동구 논현동,사망사고,1,0,0,0,차대차 - 추돌,기타,건조,맑음,교차로 - 교차로부근,승용,여,51세,상해없음,승용,남,49세,사망
2022122000100051,2022년 12월 20일 06시,화요일,인천광역시 서구 청라동,중상사고,0,1,2,0,차대차 - 정면충돌,신호위반,건조,맑음,교차로 - 교차로안,승용,남,67세,경상,승용,남,36세,중상
2022122000100157,2022년 12월 20일 09시,화요일,인천광역시 연수구 옥련동,경상사고,0,0,1,0,차대차 - 추돌,안전거리미확보,건조,맑음,단일로 - 기타,승용,여,31세,상해없음,승용,여,67세,경상
2022122000100191,2022년 12월 20일 10시,화요일,인천광역시 미추홀구 주안동,경상사고,0,0,1,0,차대사람 - 횡단중,안전운전불이행,건조,맑음,교차로 - 교차로부근,승용,남,39세,상해없음,보행자,여,69세,경상
2022122000100234,2022년 12월 20일 11시,화요일,인천광역시 미추홀구 용현동,경상사고,0,0,1,0,차대차 - 측면충돌,안전거리미확보,건조,맑음,교차로 - 교차로안,승용,여,59세,기타불명,건설기계,남,39세,경상
2022122000100265,2022년 12월 20일 12시,화요일,인천광역시 계양구 계산동,경상사고,0,0,1,0,차대차 - 추돌,안전운전불이행,기타,맑음,단일로 - 기타,승용,여,36세,상해없음,승용,여,53세,경상
2022122000100266,2022년 12월 20일 12시,화요일,인천광역시 계양구 병방동,경상사고,0,0,1,0,차대차 - 측면충돌,안전운전불이행,건조,맑음,기타 - 기타,승용,남,72세,상해없음,승용,여,36세,경상
2022122000100267,2022년 12월 20일 12시,화요일,인천광역시 남동구 만수동,중상사고,0,1,0,0,차대사람 - 차도통행중,교차로운행방법위반,건조,맑음,교차로 - 교차로안,승용,남,52세,상해없음,보행자,남,57세,중상
2022122000100302,2022년 12월 20일 13시,화요일,인천광역시 중구 운서동,중상사고,0,1,1,0,차대차 - 측면충돌,안전거리미확보,건조,맑음,단일로 - 기타,승용,여,52세,상해없음,승용,여,35세,중상
2022122000100420,2022년 12월 20일 16시,화요일,인천광역시 강화군 강화읍,중상사고,0,2,1,0,차대차 - 정면충돌,중앙선침범,젖음/습기,맑음,단일로 - 기타,화물,남,72세,상해없음,승용,남,25세,중상
2022122000100466,2022년 12월 20일 17시,화요일,인천광역시 부평구 부평동,경상사고,0,0,1,0,차대차 - 기타,중앙선침범,건조,맑음,교차로 - 교차로안,승용,남,76세,상해없음,원동기,남,21세,경상
2022122000100467,2022년 12월 20일 17시,화요일,인천광역시 강화군 화도면,중상사고,0,1,0,0,차대사람 - 횡단중,안전운전불이행,건조,맑음,단일로 - 지하차도(도로)내,화물,남,67세,상해없음,보행자,남,80세,중상
2022122000100468,2022년 12월 20일 17시,화요일,인천광역시 연수구 동춘동,경상사고,0,0,1,0,차대차 - 기타,차로위반,건조,맑음,단일로 - 기타,승용,남,36세,상해없음,이륜,남,59세,경상
2022122000100523,2022년 12월 20일 18시,화요일,인천광역시 중구 신흥동3가,경상사고,0,0,2,0,차대차 - 측면충돌,차로위반,건조,맑음,단일로 - 지하차도(도로)내,화물,남,48세,상해없음,승용,남,42세,경상
2022122000100573,2022년 12월 20일 19시,화요일,인천광역시 서구 마전동,경상사고,0,0,1,0,차대차 - 측면충돌,교차로운행방법위반,건조,맑음,교차로 - 교차로부근,승용,남,39세,상해없음,승용,여,40세,경상
2022122000100574,2022년 12월 20일 19시,화요일,인천광역시 부평구 삼산동,경상사고,0,0,1,0,차대차 - 기타,안전거리미확보,건조,맑음,단일로 - 기타,승용,남,29세,상해없음,이륜,남,30세,경상
2022122000100599,2022년 12월 20일 20시,화요일,인천광역시 부평구 청천동,경상사고,0,0,1,0,차대차 - 후진중충돌,안전운전불이행,건조,맑음,단일로 - 기타,승용,남,57세,상해없음,승용,남,25세,경상
2022122000100648,2022년 12월 20일 22시,화요일,인천광역시 서구 당하동,경상사고,0,0,1,0,차대차 - 기타,신호위반,건조,맑음,교차로 - 교차로부근,이륜,남,34세,상해없음,이륜,남,20세,경상
2022122100100011,2022년 12월 21일 00시,수요일,인천광역시 부평구 삼산동,경상사고,0,0,1,0,차대차 - 측면충돌,안전거리미확보,건조,맑음,단일로 - 기타,승용,남,52세,상해없음,승용,여,26세,경상
2022122100100012,2022년 12월 21일 00시,수요일,인천광역시 계양구 서운동,경상사고,0,0,2,0,차대차 - 추돌,안전운전불이행,젖음/습기,맑음,단일로 - 기타,승용,남,37세,상해없음,화물,남,57세,경상
2022122100100020,2022년 12월 21일 01시,수요일,인천광역시 서구 왕길동,경상사고,0,0,1,0,차대사람 - 횡단중,안전운전불이행,건조,맑음,교차로 - 교차로안,승용,남,44세,상해없음,보행자,남,26세,경상
2022122100100035,2022년 12월 21일 04시,수요일,인천광역시 남동구 고잔동,경상사고,0,0,1,0,차대차 - 측면충돌,신호위반,젖음/습기,비,교차로 - 교차로안,건설기계,남,62세,상해없음,승용,남,65세,경상
2022122100100041,2022년 12월 21일 05시,수요일,인천광역시 서구 석남동,경상사고,0,0,1,0,차대사람 - 기타,기타,적설,눈,단일로 - 기타,승용,남,65세,상해없음,보행자,여,61세,경상
2022122100100059,2022년 12월 21일 06시,수요일,인천광역시 서구 석남동,경상사고,0,0,1,0,차대사람 - 횡단중,안전운전불이행,건조,맑음,단일로 - 기타,승용,남,25세,기타불명,보행자,여,18세,경상
2022122100100195,2022년 12월 21일 09시,수요일,인천광역시 서구 왕길동,경상사고,0,0,2,0,차대차 - 측면충돌,안전운전불이행,적설,맑음,단일로 - 기타,승용,남,34세,경상,승용,남,36세,경상
2022122100100196,2022년 12월 21일 09시,수요일,인천광역시 강화군 길상면,경상사고,0,0,1,0,차대차 - 추돌,안전거리미확보,적설,눈,단일로 - 기타,승용,여,53세,상해없음,승용,여,51세,경상
2022122100100197,2022년 12월 21일 09시,수요일,인천광역시 연수구 동춘동,경상사고,0,0,1,0,차대차 - 측면충돌,안전운전불이행,적설,눈,단일로 - 기타,승용,남,57세,상해없음,승용,여,45세,경상
2022122100100230,2022년 12월 21일 11시,수요일,인천광역시 부평구 청천동,중상사고,0,1,0,0,차대사람 - 길가장자리구역통행중,안전운전불이행,젖음/습기,흐림,교차로 - 교차로안,승용,여,44세,상해없음,보행자,여,68세,중상
2022122100100248,2022년 12월 21일 12시,수요일,인천광역시 부평구 청천동,경상사고,0,0,1,0,차대사람 - 횡단중,신호위반,건조,맑음,교차로 - 교차로횡단보도내,승합,남,66세,상해없음,보행자,남,12세,경상
2022122100100249,2022년 12월 21일 12시,수요일,인천광역시 남동구 구월동,중상사고,0,1,0,0,차대사람 - 횡단중,보행자보호의무위반,건조,맑음,단일로 - 기타,승용,여,45세,상해없음,보행자,여,57세,중상
2022122100100279,2022년 12월 21일 14시,수요일,인천광역시 남동구 간석동,중상사고,0,1,0,0,차대사람 - 기타,안전운전불이행,건조,맑음,단일로 - 기타,승용,남,55세,상해없음,보행자,남,9세,중상
2022122100100327,2022년 12월 21일 16시,수요일,인천광역시 부평구 부평동,경상사고,0,0,2,0,차대차 - 측면충돌,중앙선침범,건조,흐림,교차로 - 교차로부근,승용,남,63세,상해없음,승용,남,46세,경상
2022122100100370,2022년 12월 21일 17시,수요일,인천광역시 미추홀구 학익동,경상사고,0,0,1,0,차대차 - 기타,신호위반,건조,맑음,단일로 - 기타,승합,남,66세,기타불명,승용,남,54세,경상
2022122100100371,2022년 12월 21일 17시,수요일,인천광역시 미추홀구 문학동,경상사고,0,0,5,0,차대차 - 정면충돌,안전운전불이행,건조,맑음,교차로 - 교차로안,화물,남,60세,기타불명,승용,여,44세,경상
2022122100100372,2022년 12월 21일 17시,수요일,인천광역시 미추홀구 용현동,경상사고,0,0,2,0,차대차 - 추돌,안전운전불이행,건조,맑음,단일로 - 지하차도(도로)내,승용,남,53세,상해없음,승용,남,31세,경상
2022122100100373,2022년 12월 21일 17시,수요일,인천광역시 서구 신현동,경상사고,0,0,1,0,차대차 - 측면충돌,안전운전불이행,건조,맑음,교차로 - 교차로부근,승용,여,30세,상해없음,승용,남,56세,경상
2022122100100434,2022년 12월 21일 19시,수요일,인천광역시 서구 가정동,경상사고,0,0,2,0,차대차 - 측면충돌,신호위반,건조,맑음,교차로 - 교차로안,승용,여,65세,상해없음,승합,남,50세,경상
2022122100100481,2022년 12월 21일 21시,수요일,인천광역시 미추홀구 숭의동,경상사고,0,0,1,0,차대사람 - 기타,안전운전불이행,건조,맑음,단일로 - 기타,승용,남,70세,상해없음,보행자,남,32세,경상
2022122100100497,2022년 12월 21일 22시,수요일,인천광역시 계양구 작전동,경상사고,0,0,2,0,차대차 - 기타,안전운전불이행,젖음/습기,기타,교차로 - 교차로부근,승용,남,29세,상해없음,승용,남,53세,경상
2022122200100124,2022년 12월 22일 08시,목요일,인천광역시 미추홀구 주안동,경상사고,0,0,2,0,차대차 - 추돌,안전거리미확보,건조,맑음,단일로 - 기타,화물,남,32세,상해없음,승용,여,60세,경상
2022122200100125,2022년 12월 22일 08시,목요일,인천광역시 서구 검암동,부상신고사고,0,0,0,1,차대사람 - 횡단중,보행자보호의무위반,서리/결빙,맑음,교차로 - 교차로횡단보도내,기타불명,기타불명,미분류,기타불명,보행자,남,14세,부상신고
2022122200100146,2022년 12월 22일 09시,목요일,인천광역시 동구 송현동,경상사고,0,0,3,0,차대차 - 추돌,안전운전불이행,건조,맑음,단일로 - 지하차도(도로)내,화물,남,59세,기타불명,승합,남,60세,경상
2022122200100218,2022년 12월 22일 12시,목요일,인천광역시 미추홀구 주안동,경상사고,0,0,1,0,차대차 - 측면충돌,안전거리미확보,건조,맑음,단일로 - 기타,승용,여,53세,기타불명,승용,남,46세,경상
2022122200100269,2022년 12월 22일 14시,목요일,인천광역시 계양구 작전동,경상사고,0,0,3,0,차대차 - 추돌,안전거리미확보,건조,맑음,단일로 - 교량,승용,남,74세,상해없음,승용,남,29세,경상
2022122200100319,2022년 12월 22일 16시,목요일,인천광역시 남동구 간석동,경상사고,0,0,1,0,차대사람 - 기타,안전운전불이행,기타,맑음,단일로 - 기타,승용,남,39세,상해없음,보행자,남,27세,경상
2022122200100413,2022년 12월 22일 18시,목요일,인천광역시 부평구 부평동,경상사고,0,0,1,0,차대차 - 측면충돌,안전운전불이행,건조,맑음,교차로 - 교차로횡단보도내,승용,남,28세,상해없음,자전거,남,14세,경상
2022122200100459,2022년 12월 22일 19시,목요일,인천광역시 서구 왕길동,중상사고,0,1,0,0,차대차 - 측면충돌,안전운전불이행,건조,맑음,교차로 - 교차로안,승용,여,70세,상해없음,이륜,남,40세,중상
2022122200100519,2022년 12월 22일 21시,목요일,인천광역시 미추홀구 문학동,부상신고사고,0,0,0,1,차대사람 - 기타,안전운전불이행,건조,맑음,단일로 - 기타,기타불명,기타불명,미분류,기타불명,보행자,여,14세,부상신고
2022122200100520,2022년 12월 22일 21시,목요일,인천광역시 연수구 송도동,경상사고,0,0,1,0,차대차 - 측면충돌,안전운전불이행,건조,맑음,교차로 - 교차로부근,승용,남,40세,상해없음,승합,남,50세,경상
2022122200100521,2022년 12월 22일 21시,목요일,인천광역시 남동구 논현동,경상사고,0,0,1,0,차대사람 - 횡단중,보행자보호의무위반,건조,맑음,단일로 - 기타,승용,남,23세,상해없음,보행자,여,56세,경상
2022122200100568,2022년 12월 22일 23시,목요일,인천광역시 미추홀구 학익동,경상사고,0,0,2,0,차대차 - 추돌,안전운전불이행,젖음/습기,맑음,단일로 - 기타,승용,남,31세,기타불명,승용,남,63세,경상
2022122200100569,2022년 12월 22일 23시,목요일,인천광역시 부평구 부평동,경상사고,0,0,1,0,차대차 - 측면충돌,신호위반,서리/결빙,흐림,기타 - 기타,승용,여,53세,상해없음,화물,남,23세,경상